word_id,word,sense_id,zh_tw,topic,difficulty_level,example_1_id,example_1_en,example_1_zh_tw,example_1_target,example_1_review_status,example_2_id,example_2_en,example_2_zh_tw,example_2_target,example_2_review_status,example_3_en_draft,example_3_zh_tw_draft,example_3_target,semantic_group,part_of_speech,review_decision,review_notes
passport-apple,apple,passport-apple,蘋果,Food,5,passport-apple-ex1,I have a red apple in my schoolbag.,我的書包裡有一個紅蘋果。,apple,legacy_review_required,passport-apple-ex2,She cut the sweet apple into small pieces.,她將那顆甜蘋果切成小塊。,apple,legacy_review_required,,,apple,,,,
passport-banana,banana,passport-banana,香蕉,Food,8,passport-banana-ex1,The yellow banana is very sweet and delicious.,黃色的香蕉非常甜而且美味。,banana,legacy_review_required,passport-banana-ex2,I like to eat a banana after running.,我喜歡在跑步後吃一根香蕉。,banana,legacy_review_required,,,banana,,,,
passport-rabbit,rabbit,passport-rabbit,兔子,Animals,7,passport-rabbit-ex1,Look at that cute rabbit hopping in the grass.,看那隻可愛的兔子在草地上蹦蹦跳跳。,rabbit,legacy_review_required,passport-rabbit-ex2,The little rabbit likes eating fresh carrots.,小兔子喜歡吃新鮮的胡蘿蔔。,rabbit,legacy_review_required,,,rabbit,,,,
passport-tiger,tiger,passport-tiger,老虎,Animals,6,passport-tiger-ex1,The tiger is a very strong animal in the zoo.,老虎是動物園裡非常強壯的動物。,tiger,legacy_review_required,passport-tiger-ex2,A tiger can run very fast in the forest.,老虎在森林裡能跑得非常快。,tiger,legacy_review_required,,,tiger,,,,
passport-father,father,passport-father,爸爸,Family,10,passport-father-ex1,My father goes to work by bus every morning.,我爸爸每天早上坐公車去上班。,father,legacy_review_required,passport-father-ex2,My father reads a storybook to me every night.,我爸爸每天晚上都讀故事書給我聽。,father,legacy_review_required,,,father,,,,
passport-mother,mother,passport-mother,媽媽,Family,10,passport-mother-ex1,My mother cooks delicious food for the family.,我媽媽為全家人做美味的食物。,mother,legacy_review_required,passport-mother-ex2,My mother helps me with my homework after school.,放學後我媽媽會輔導我的功課。,mother,legacy_review_required,,,mother,,,,
elementary-sister,sister,elementary-sister,姊姊/妹妹,Family,10,elementary-sister-ex1,My sister likes to draw pictures in her notebook.,我妹妹喜歡在筆記本上畫畫。,sister,legacy_review_required,elementary-sister-ex2,My sister teaches me how to ride a bicycle.,我姊姊教我怎麼騎腳踏車。,sister,legacy_review_required,,,sister,,,,
elementary-brother,brother,elementary-brother,哥哥/弟弟,Family,10,elementary-brother-ex1,My big brother teaches me how to play soccer.,我哥哥教我怎麼踢足球。,brother,legacy_review_required,elementary-brother-ex2,My brother always shares his toys with me.,我弟弟/哥哥總是跟我分享他的玩具。,brother,legacy_review_required,,,brother,,,,
elementary-sunny,sunny,elementary-sunny,晴朗的,Weather,10,elementary-sunny-ex1,We can go for a picnic on a sunny day.,我們可以在晴天去野餐。,sunny,legacy_review_required,elementary-sunny-ex2,We go to play on the swings on a sunny day.,我們在晴天時去玩鞦韆。,sunny,legacy_review_required,,,sunny,,,,
elementary-rainy,rainy,elementary-rainy,下雨的,Weather,10,elementary-rainy-ex1,I stay at home and read books on rainy days.,下雨天我待在家裡看書。,rainy,legacy_review_required,elementary-rainy-ex2,Don't forget to wear a raincoat on rainy days.,下雨天別忘了穿雨衣。,rainy,legacy_review_required,,,rainy,,,,
elementary-teacher,teacher,elementary-teacher,老師/教師,School,12,elementary-teacher-ex1,Our English teacher is very kind and patient.,我們的英文老師非常親切且有檢心。,teacher,legacy_review_required,elementary-teacher-ex2,A teacher teaches students new things every day.,老師每天教學生新的事物。,teacher,legacy_review_required,,,teacher,,,,
elementary-student,student,elementary-student,學生,School,12,elementary-student-ex1,Every student in the class likes the new storybook.,班上的每個學生都喜歡這本新的故事書。,student,legacy_review_required,elementary-student-ex2,Every student should try their best during class.,每個學生在上課時都應該盡力而為。,student,legacy_review_required,,,student,,,,
passport-bathroom,bathroom,passport-bathroom,浴室,House,12,passport-bathroom-ex1,You should wash your hands in the bathroom.,你應該在浴室洗手。,bathroom,legacy_review_required,passport-bathroom-ex2,Please wash your face and hands in the bathroom.,請在浴室裡洗臉和洗手。,bathroom,legacy_review_required,,,bathroom,,,,
elementary-kitchen,kitchen,elementary-kitchen,廚房,House,11,elementary-kitchen-ex1,Mom is baking a delicious chocolate cake in the kitchen.,媽媽正在廚房烤美味的巧克力蛋糕。,kitchen,legacy_review_required,elementary-kitchen-ex2,Dad is cleaning the kitchen table after dinner.,晚餐後爸爸正在清理廚房的桌子。,kitchen,legacy_review_required,,,kitchen,,,,
elementary-doctor,doctor,elementary-doctor,醫生,Occupations,11,elementary-doctor-ex1,The doctor tells me to drink more warm water.,醫生叫我多喝溫開水。,doctor,legacy_review_required,elementary-doctor-ex2,A doctor helps people feel better when they are sick.,當人們生病時，醫生會幫助他們好起來。,doctor,legacy_review_required,,,doctor,,,,
elementary-nurse,nurse,elementary-nurse,護理師,Occupations,11,elementary-nurse-ex1,The kind nurse helps take care of sick children.,這位親切的護理師幫忙照顧生病的孩子。,nurse,legacy_review_required,elementary-nurse-ex2,The school nurse cleaned the scratch on my knee.,學校護理師幫我清理了膝蓋上的擦傷。,nurse,legacy_review_required,,,nurse,,,,
passport-homework,homework,passport-homework,功課/回家作業,School,13,passport-homework-ex1,Remember to finish your English homework before dinner.,記得在晚餐前完成你的英文作業。,homework,legacy_review_required,passport-homework-ex2,I finished my homework and went to play with my puppy.,我做完功課，然後去和小狗玩。,homework,legacy_review_required,,,homework,,,,
elementary-supermarket,supermarket,elementary-supermarket,超級市場,Place,13,elementary-supermarket-ex1,We bought some fresh juice at the supermarket.,我們在超市買了一些新鮮果汁。,supermarket,legacy_review_required,elementary-supermarket-ex2,My mother bought some fresh apples at the supermarket.,我媽媽在超級市場買了一些新鮮的蘋果。,supermarket,legacy_review_required,,,supermarket,,,,
junior-beautiful,beautiful,junior-beautiful,美麗的/漂亮的,Adjectives,14,junior-beautiful-ex1,The sunset over the beach is really beautiful.,海灘上的落日真的很美麗。,beautiful,legacy_review_required,junior-beautiful-ex2,The flowers in our school garden are very beautiful.,我們學校花園裡的花非常美麗。,beautiful,legacy_review_required,,,beautiful,,,,
junior-weekend,weekend,junior-weekend,週末,Time,14,junior-weekend-ex1,What are you going to do this weekend?,你這週末打算做什麼？,weekend,legacy_review_required,junior-weekend-ex2,We visited our grandparents on the weekend.,我們在週末去拜訪了祖父母。,weekend,legacy_review_required,,,weekend,,,,
passport-book,book,passport-book,書/書籍,School,2,passport-book-ex1,I like reading this interesting book about animals.,我喜歡讀這本關於動物的有趣書籍。,book,legacy_review_required,passport-book-ex2,I borrowed an interesting story book from the library.,我從圖書館借了一本有趣的故事書。,book,legacy_review_required,,,book,,,,
passport-pencil,pencil,passport-pencil,鉛筆,School,7,passport-pencil-ex1,Can I borrow a pencil to write my name?,我可以借一支鉛筆來寫我的名字嗎？,pencil,legacy_review_required,passport-pencil-ex2,May I borrow your pencil to draw a star?,我可以借你的鉛筆畫一顆星星嗎？,pencil,legacy_review_required,,,pencil,,,,
elementary-desk,desk,elementary-desk,書桌,School,2,elementary-desk-ex1,Please put your books back onto your desk.,請把你的書放回你的課桌上。,desk,legacy_review_required,elementary-desk-ex2,He keeps his books organized on his study desk.,他在書桌上把書整理得很整齊。,desk,legacy_review_required,,,desk,,,,
elementary-chair,chair,elementary-chair,椅子,School,4,elementary-chair-ex1,Tim sits on the wooden chair next to the window.,提姆坐在靠窗的木椅上。,chair,legacy_review_required,elementary-chair-ex2,The cat sat on the chair and slept all afternoon.,貓咪坐在椅子上睡了整個下午。,chair,legacy_review_required,,,chair,,,,
passport-dog,dog,passport-dog,狗,Animals,1,passport-dog-ex1,The friendly dog is wagging its tail at us.,那隻友好的狗正在向我們搖尾巴。,dog,legacy_review_required,passport-dog-ex2,My friendly dog runs to me when I come home.,當我回到家時，我那友善的狗會跑向我。,dog,legacy_review_required,,,dog,,,,
passport-cat,cat,passport-cat,貓,Animals,1,passport-cat-ex1,A small black cat is sleeping under the table.,一隻黑色的小貓正在桌子底下睡覺。,cat,legacy_review_required,passport-cat-ex2,The sleeping cat looks very warm and cute.,那隻正在睡覺的貓咪看起來非常溫暖且可愛。,cat,legacy_review_required,,,cat,,,,
elementary-bird,bird,elementary-bird,鳥,Animals,2,elementary-bird-ex1,A beautiful blue bird is singing in the tree.,一隻美麗的藍鳥正在樹上唱歌。,bird,legacy_review_required,elementary-bird-ex2,We can hear a little bird singing outside the window.,我們可以聽到窗外有一隻小鳥在唱歌。,bird,legacy_review_required,,,bird,,,,
elementary-fish,fish,elementary-fish,魚,Animals,2,elementary-fish-ex1,There are many colorful fish swimming in the pond.,池塘裡有許多色彩繽紛的魚在游泳。,fish,legacy_review_required,elementary-fish-ex2,My grandpa has three gold fish in a bowl.,我爺爺在魚缸裡養了三隻金魚。,fish,legacy_review_required,,,fish,,,,
passport-milk,milk,passport-milk,牛奶,Food,3,passport-milk-ex1,Drinking a glass of hot milk before bed helps you sleep.,睡前喝一杯熱牛奶有助於睡眠。,milk,legacy_review_required,passport-milk-ex2,Drinking milk every day helps our bones grow strong.,每天喝牛奶可以幫助我們的骨骼長得強壯。,milk,legacy_review_required,,,milk,,,,
passport-water,water,passport-water,水,Food,6,passport-water-ex1,"Please give me a glass of cold water, please.",請給我一杯冰水，謝謝。,water,legacy_review_required,passport-water-ex2,You should drink a cup of warm water every morning.,你應該每天早上喝一杯溫開水。,water,legacy_review_required,,,water,,,,
elementary-rice,rice,elementary-rice,米飯/飯,Food,10,elementary-rice-ex1,We usually eat rice and vegetables for dinner.,我們晚餐通常吃米飯和蔬菜。,rice,legacy_review_required,elementary-rice-ex2,We eat rice and fish for lunch at school.,我們在學校午餐吃米飯和魚。,rice,legacy_review_required,,,rice,,,,
elementary-noodles,noodles,elementary-noodles,麵條/麵,Food,10,elementary-noodles-ex1,Grandpa likes to eat hot beef noodles for lunch.,爺爺中午喜歡吃熱牛肉麵。,noodles,legacy_review_required,elementary-noodles-ex2,My sister likes to eat delicious noodles with soup.,我妹妹喜歡吃美味的湯麵。,noodles,legacy_review_required,,,noodles,,,,
passport-red,red,passport-red,紅色/紅色的,Colors,2,passport-red-ex1,She wore a pretty red dress to the party.,她穿著一件漂亮的紅洋裝去參加派對。,red,legacy_review_required,passport-red-ex2,The red crayon in my box is used to draw the sun.,我盒子裡的紅蠟筆是用來畫太陽的。,red,legacy_review_required,,,red,,,,
passport-blue,blue,passport-blue,藍色/藍色的,Colors,2,passport-blue-ex1,The sky is very clear and blue today.,今天的晴空非常清澈且蔚藍。,blue,legacy_review_required,passport-blue-ex2,I draw a blue bird flying high in the sky.,我畫了一隻在空中高飛的藍鳥。,blue,legacy_review_required,,,blue,,,,
passport-green,green,passport-green,綠色/綠色的,Colors,4,passport-green-ex1,The frogs are sitting on a big green leaf.,青蛙正坐在一個綠色的大葉子上。,green,legacy_review_required,passport-green-ex2,The tree leaves are green and fresh in spring.,春天的樹葉又綠又新鮮。,green,legacy_review_required,,,green,,,,
passport-yellow,yellow,passport-yellow,黃色/黃色的,Colors,7,passport-yellow-ex1,The yellow school bus stops in front of my house.,黃色的校車停在我家前面。,yellow,legacy_review_required,passport-yellow-ex2,My brother's favorite color is bright yellow.,我弟弟最喜歡的顏色是明亮的黃色。,yellow,legacy_review_required,,,yellow,,,,
elementary-one,one,elementary-one,一/一個,Numbers,4,elementary-one-ex1,I have only one apple left in my bag.,我的包包裡只剩下一個蘋果。,one,legacy_review_required,elementary-one-ex2,I got one correct answer and felt very happy.,我得到一個正確答案，感覺非常高興。,one,legacy_review_required,,,one,,,,
elementary-two,two,elementary-two,二/兩個,Numbers,2,elementary-two-ex1,There are two birds flying in the sky.,天上有兩隻鳥在飛。,two,legacy_review_required,elementary-two-ex2,Two students walked into the library together.,兩個學生一起走進了圖書館。,two,legacy_review_required,,,two,,,,
elementary-three,three,elementary-three,三/三個,Numbers,4,elementary-three-ex1,He has three storybooks in his desk drawer.,他的書桌抽屜裡有三本故事書。,three,legacy_review_required,elementary-three-ex2,Grandfather bought three sweet red apples for us.,爺爺為我們買了三個甜紅蘋果。,three,legacy_review_required,,,three,,,,
elementary-four,four,elementary-four,四/四個,Numbers,2,elementary-four-ex1,A year is divided into four different seasons.,一年被分為四個不同的季節。,four,legacy_review_required,elementary-four-ex2,Four birds are sitting on the school roof.,四隻鳥停在學校屋頂上。,four,legacy_review_required,,,four,,,,
passport-head,head,passport-head,頭,Body,9,passport-head-ex1,You should wear a helmet to protect your head.,你應該戴安全帽來保護你的頭部。,head,legacy_review_required,passport-head-ex2,Please wear a hat to protect your head from the hot sun.,請戴上帽子以保護你的頭部不受烈日曬傷。,head,legacy_review_required,,,head,,,,
passport-hand,hand,passport-hand,手,Body,9,passport-hand-ex1,Please raise your hand if you know the answer.,如果你知道答案，請舉手。,hand,legacy_review_required,passport-hand-ex2,We must wash our hands before having lunch.,我們午餐前必須洗手。,hand,legacy_review_required,,,hand,,,,
elementary-eye,eye,elementary-eye,眼睛,Body,9,elementary-eye-ex1,Keep your eyes open and look at the screen.,張開眼睛看著螢幕。,eye,legacy_review_required,elementary-eye-ex2,Please close your eyes and listen to the quiet music.,請閉上眼睛，聆聽這平靜的音樂。,eye,legacy_review_required,,,eye,,,,
elementary-foot,foot,elementary-foot,腳(單數),Body,9,elementary-foot-ex1,He hurt his left foot while playing soccer.,他在踢足球時弄傷了左腳。,foot,legacy_review_required,elementary-foot-ex2,"My foot feels cold, so I want to wear socks.",我的腳感覺冷，所以我想穿襪子。,foot,legacy_review_required,,,foot,,,,
passport-run,run,passport-run,跑/奔跑,Actions,9,passport-run-ex1,Do not run in the hallway; it is dangerous.,不要在走廊上奔跑，那很危險。,run,legacy_review_required,passport-run-ex2,Do not run too fast in the classroom.,不要在教室裡跑得太快。,run,legacy_review_required,,,run,,,,
passport-jump,jump,passport-jump,跳/跳躍,Actions,9,passport-jump-ex1,The energetic children love to jump on the trampoline.,精力充沛的孩子們喜歡在彈簧床上跳躍。,jump,legacy_review_required,passport-jump-ex2,The frog can jump very high into the air.,青蛙可以跳得非常高。,jump,legacy_review_required,,,jump,,,,
elementary-read,read,elementary-read,閱讀/讀,Actions,9,elementary-read-ex1,We read English stories in class every Tuesday.,我們每個星期二在課堂上讀英文故事。,read,legacy_review_required,elementary-read-ex2,Reading books every day makes us smarter.,每天讀書會讓我們更聰明。,read,legacy_review_required,,,read,,,,
elementary-write,write,elementary-write,寫/書寫,Actions,10,elementary-write-ex1,You need to write your name on this paper.,你需要這張紙上寫下你的名字。,write,legacy_review_required,elementary-write-ex2,Please write down your name on the notebook.,請在筆記本上寫下你的名字。,write,legacy_review_required,,,write,,,,
passport-morning,morning,passport-morning,早上/上午,Time,12,passport-morning-ex1,We say good morning to our teachers at school.,我們在學校跟老師們說早安。,morning,legacy_review_required,passport-morning-ex2,I enjoy the fresh air during my morning run.,我享受晨跑時的新鮮空氣。,morning,legacy_review_required,,,morning,,,,
elementary-afternoon,afternoon,elementary-afternoon,下午,Time,12,elementary-afternoon-ex1,Let us play basketball in the playground this afternoon.,我們今天下午去操場打籃球吧。,afternoon,legacy_review_required,elementary-afternoon-ex2,We have an exciting art lesson this afternoon.,我們今天下午有一堂精彩的美勞課。,afternoon,legacy_review_required,,,afternoon,,,,
elementary-today,today,elementary-today,今天,Time,11,elementary-today-ex1,What is the weather like in Taipei today?,今天台北的天氣怎麼樣？,today,legacy_review_required,elementary-today-ex2,Today is a great day to learn new English words.,今天是學習新英文單字的好日子。,today,legacy_review_required,,,today,,,,
junior-happy,happy,junior-happy,快樂的/高興的,Adjectives,14,junior-happy-ex1,We are very happy to hear the good news.,我們聽到這個好消息感到非常高興。,happy,legacy_review_required,junior-happy-ex2,My parents are happy when I share my stories with them.,當我和父母分享我的故事時，他們會很高興。,happy,legacy_review_required,,,happy,,,,
junior-difficult,difficult,junior-difficult,困難的/難的,Adjectives,14,junior-difficult-ex1,This math question is too difficult for me to solve.,這道數學題對我來說太難解了。,difficult,legacy_review_required,junior-difficult-ex2,"Even if this game is difficult, I will keep trying.",即使這個遊戲很難，我依然會繼續嘗試。,difficult,legacy_review_required,,,difficult,,,,
passport-bee,bee,passport-bee,蜜蜂,Animals,1,passport-bee-ex1,A busy bee is flying around the colorful flowers.,一隻忙碌的蜜蜂正在繽紛的花朵旁飛舞。,bee,legacy_review_required,passport-bee-ex2,The little bee works hard to make honey.,小蜜蜂辛勤地工作製造蜂蜜。,bee,legacy_review_required,,,bee,,,,
passport-cow,cow,passport-cow,母牛/乳牛,Animals,1,passport-cow-ex1,The cow eats green grass on the beautiful farm.,母牛在美麗的農場上吃綠草。,cow,legacy_review_required,passport-cow-ex2,The cow on the farm gives us fresh milk.,農場上的乳牛為我們提供新鮮牛奶。,cow,legacy_review_required,,,cow,,,,
passport-pet,pet,passport-pet,寵物,Animals,2,passport-pet-ex1,A rabbit can be a wonderful pet for children.,兔子可以是孩子們極佳的寵物。,pet,legacy_review_required,passport-pet-ex2,My pet cat likes to sleep on my lap.,我的寵物貓喜歡在我的大腿上睡覺。,pet,legacy_review_required,,,pet,,,,
elementary-pig,pig,elementary-pig,豬,Animals,2,elementary-pig-ex1,The pink pig is playing happily in the mud.,這隻粉紅色的豬正在泥巴裡玩得很高興。,pig,legacy_review_required,elementary-pig-ex2,The cute pig lives with other animals on the farm.,那隻可愛的豬和農場上的其他動物生活在一起。,pig,legacy_review_required,,,pig,,,,
junior-bear,bear,junior-bear,熊,Animals,2,junior-bear-ex1,We saw a big brown bear sleeping in the cave.,我們看到一隻大棕熊在洞穴裡睡覺。,bear,legacy_review_required,junior-bear-ex2,A bear eats fish and berries in the forest.,熊在森林裡吃魚和莓果。,bear,legacy_review_required,,,bear,,,,
passport-duck,duck,passport-duck,鴨/鴨子,Animals,2,passport-duck-ex1,The little duck swims behind its mother in the pond.,小鴨在池塘裡跟在牠媽媽後面游泳。,duck,legacy_review_required,passport-duck-ex2,The white duck made a funny sound in the water.,白鴨在水裡發出了有趣的聲音。,duck,legacy_review_required,,,duck,,,,
passport-frog,frog,passport-frog,青蛙,Animals,2,passport-frog-ex1,A green frog jumped out of the clean water.,一隻綠色的青蛙從乾淨的水中跳了出來。,frog,legacy_review_required,passport-frog-ex2,A green frog is sitting peacefully on a wet stone.,一隻綠色青蛙正安靜地坐在濕石頭上。,frog,legacy_review_required,,,frog,,,,
elementary-lion,lion,elementary-lion,獅子,Animals,3,elementary-lion-ex1,The lion is known as the king of the forest.,獅子被稱為森林之王。,lion,legacy_review_required,elementary-lion-ex2,We saw a big lion walking slowly in the zoo.,我們看到一隻大獅子在動物園裡慢慢走動。,lion,legacy_review_required,,,lion,,,,
passport-mice,mice,passport-mice,老鼠(複數),Animals,5,passport-mice-ex1,Our cat caught three small mice last night.,我們的小貓昨晚抓到了三隻小老鼠。,mice,legacy_review_required,passport-mice-ex2,The mice ran away quickly when they saw the big cat.,老鼠們看到大貓時飛快地逃跑了。,mice,legacy_review_required,,,mice,,,,
passport-hippo,hippo,passport-hippo,河馬,Animals,5,passport-hippo-ex1,The hippo stays in the water to keep cool.,河馬待在水裡以保持涼爽。,hippo,legacy_review_required,passport-hippo-ex2,The hippo opened its huge mouth to eat fruit.,河馬張開牠的大嘴巴吃水果。,hippo,legacy_review_required,,,hippo,,,,
passport-horse,horse,passport-horse,馬,Animals,5,passport-horse-ex1,The cowboy rode a fast black horse yesterday.,牛仔昨天騎著一隻跑得很快的黑馬。,horse,legacy_review_required,passport-horse-ex2,The horse ran across the green field very quickly.,那匹馬非常快速地跑過綠色草地。,horse,legacy_review_required,,,horse,,,,
passport-koala,koala,passport-koala,無尾熊,Animals,6,passport-koala-ex1,A cute koala is hugging the eucalyptus tree.,一隻可愛的無尾熊正抱著尤加利樹。,koala,legacy_review_required,passport-koala-ex2,We watched the koala eating eucalyptus leaves in the tree.,我們看著無尾熊在樹上吃尤加利樹葉。,koala,legacy_review_required,,,koala,,,,
passport-mouse,mouse,passport-mouse,老鼠(單數),Animals,6,passport-mouse-ex1,The clever little mouse escaped from the cat.,聰明的小老鼠從貓咪手裡逃脫了。,mouse,legacy_review_required,passport-mouse-ex2,A tiny mouse is eating a piece of cheese quietly.,一隻小老鼠正在安靜地吃一片起司。,mouse,legacy_review_required,,,mouse,,,,
passport-panda,panda,passport-panda,大貓熊/熊貓,Animals,6,passport-panda-ex1,The giant panda is eating fresh bamboo leaves.,大貓熊正在吃新鮮的竹葉。,panda,legacy_review_required,passport-panda-ex2,The baby panda is playing with a small wood block.,熊貓寶寶正在玩一塊小木頭。,panda,legacy_review_required,,,panda,,,,
passport-sheep,sheep,passport-sheep,綿羊/羊,Animals,4,passport-sheep-ex1,A group of white sheep are grazing on the hill.,一群白羊正在山丘上吃草。,sheep,legacy_review_required,passport-sheep-ex2,The farmer shears the wool from the sheep in summer.,農夫在夏天剪掉綿羊身上的羊毛。,sheep,legacy_review_required,,,sheep,,,,
passport-snake,snake,passport-snake,蛇,Animals,6,passport-snake-ex1,Be careful! There is a long snake in the grass.,小心！草叢裡有一條長蛇。,snake,legacy_review_required,passport-snake-ex2,A green snake is climbing up a tall tree.,一條綠蛇正往高樹上爬。,snake,legacy_review_required,,,snake,,,,
passport-whale,whale,passport-whale,鯨魚,Animals,6,passport-whale-ex1,The blue whale is the largest animal in the ocean.,藍鯨是海洋中最大的動物。,whale,legacy_review_required,passport-whale-ex2,The huge whale made a big splash in the ocean.,巨大的鯨魚在海洋中激起了大水花。,whale,legacy_review_required,,,whale,,,,
passport-zebra,zebra,passport-zebra,斑馬,Animals,6,passport-zebra-ex1,The zebra has beautiful black and white stripes.,斑馬有美麗的黑白條紋。,zebra,legacy_review_required,passport-zebra-ex2,We took a picture of a beautiful zebra yesterday.,我們昨天拍了一隻美麗斑馬的照片。,zebra,legacy_review_required,,,zebra,,,,
junior-animal,animal,junior-animal,動物,Animals,8,junior-animal-ex1,We should protect wild animals and their forests.,我們應該保護野生動物和牠們的森林。,animal,legacy_review_required,junior-animal-ex2,A dog is a very helpful animal to humans.,狗是對人類非常有幫助的動物。,animal,legacy_review_required,,,animal,,,,
junior-monkey,monkey,junior-monkey,猴子,Animals,7,junior-monkey-ex1,The funny monkey is climbing the tall banana tree.,這隻有趣的猴子正在爬高高的香蕉樹。,monkey,legacy_review_required,junior-monkey-ex2,The clever monkey is playing with a round orange.,聰明的猴子正在玩一顆圓圓的橘子。,monkey,legacy_review_required,,,monkey,,,,
passport-spider,spider,passport-spider,蜘蛛,Animals,7,passport-spider-ex1,A spider is spinning a web in the corner.,一隻蜘蛛正角落裡織網。,spider,legacy_review_required,passport-spider-ex2,A little spider is making its web on the wall.,一隻小蜘蛛正在牆上織網。,spider,legacy_review_required,,,spider,,,,
passport-turtle,turtle,passport-turtle,烏龜/海龜,Animals,7,passport-turtle-ex1,The turtle walks very slowly but can swim fast.,烏龜爬得很慢但是游得很快。,turtle,legacy_review_required,passport-turtle-ex2,The small turtle rests on a rock in the park pond.,小烏龜在公園池塘的岩石上休息。,turtle,legacy_review_required,,,turtle,,,,
junior-chicken,chicken,junior-chicken,雞/雞肉,Animals,7,junior-chicken-ex1,The farmer feeds the hungry chickens every morning.,農夫每天早上餵飢餓的雞。,chicken,legacy_review_required,junior-chicken-ex2,The hen walks with three baby chickens in the yard.,母雞帶著三隻小雞在院子裡走動。,chicken,legacy_review_required,,,chicken,,,,
passport-elephant,elephant,passport-elephant,大象,Animals,8,passport-elephant-ex1,The giant elephant is spraying water with its long nose.,大象正用牠的長鼻子噴水。,elephant,legacy_review_required,passport-elephant-ex2,The elephant uses its long trunk to pick up leaves.,大象用牠的長鼻子來撿樹葉。,elephant,legacy_review_required,,,elephant,,,,
passport-butterfly,butterfly,passport-butterfly,蝴蝶,Animals,8,passport-butterfly-ex1,A beautiful butterfly is sitting on the yellow flower.,一隻美麗的蝴蝶停在黃花上。,butterfly,legacy_review_required,passport-butterfly-ex2,A beautiful butterfly landed on my sister's shoulder.,一隻美麗的蝴蝶落在她姊姊/妹妹的肩膀上。,butterfly,legacy_review_required,,,butterfly,,,,
elementary-bag,bag,elementary-bag,書包/提袋,Clothing,1,elementary-bag-ex1,Put your pencil box and textbooks into your bag.,把你的鉛筆盒和教科書放進包包裡。,bag,legacy_review_required,elementary-bag-ex2,She packed her lunchbox inside her school bag.,她把便當盒裝進書包裡。,bag,legacy_review_required,,,bag,,,,
passport-cap,cap,passport-cap,帽子/便帽,Clothing,1,passport-cap-ex1,You should wear a cap to block the hot sun.,你應該戴一頂棒球帽來遮擋炎熱的太陽。,cap,legacy_review_required,passport-cap-ex2,He wore a blue baseball cap to school today.,他今天戴了一頂藍色棒球帽上學。,cap,legacy_review_required,,,cap,,,,
junior-hat,hat,junior-hat,帽子(有邊的),Clothing,1,junior-hat-ex1,The magician pulled a cute rabbit out of his hat.,魔術師從他的帽子裡拉出一隻可愛的兔子。,hat,legacy_review_required,junior-hat-ex2,She wore a straw hat to protect her face from the sun.,她戴了一頂草帽以遮陽。,hat,legacy_review_required,,,hat,,,,
junior-coat,coat,junior-coat,外套/大衣,Clothing,2,junior-coat-ex1,Put on your warm coat before going outside.,出去之前穿上你溫暖的大衣。,coat,legacy_review_required,junior-coat-ex2,Please wear your thick coat because it is cold outside.,因為外面很冷，請穿上你的厚外套。,coat,legacy_review_required,,,coat,,,,
junior-wear,wear,junior-wear,穿/戴,Actions,3,junior-wear-ex1,I like to wear comfortable T-shirts on weekends.,我週末喜歡穿舒適的T恤。,wear,legacy_review_required,junior-wear-ex2,Please wear your helmet when you ride a bicycle.,當你騎自行車時請戴安全帽。,wear,legacy_review_required,,,wear,,,,
elementary-dress,dress,elementary-dress,洋裝/禮服,Clothing,4,elementary-dress-ex1,She chose a beautiful blue dress for her birthday.,她為她的生日選了一件美麗的藍色洋裝。,dress,legacy_review_required,elementary-dress-ex2,My sister wore a white dress to the piano concert.,我妹妹穿著一件白色洋裝去鋼琴音樂會。,dress,legacy_review_required,,,dress,,,,
junior-pants,pants,junior-pants,長褲,Clothing,16,junior-pants-ex1,My father bought a new pair of black pants.,我爸爸買了一條新的黑長褲。,pants,legacy_review_required,junior-pants-ex2,He wore brown pants and a green sweater today.,他今天穿著長褲和綠色毛衣。,pants,legacy_review_required,,,pants,,,,
junior-shirt,shirt,junior-shirt,襯衫/男襯衫,Clothing,14,junior-shirt-ex1,He wore a clean white shirt to school today.,他今天穿著乾淨的白襯衫去學校。,shirt,legacy_review_required,junior-shirt-ex2,My father wears a clean white shirt to work.,我爸爸穿著一件乾淨的白襯衫去工作。,shirt,legacy_review_required,,,shirt,,,,
elementary-t-shirt,T-shirt,elementary-t-shirt,T恤/短袖圓領運動衫,Clothing,11,elementary-t-shirt-ex1,We all wear yellow T-shirts for the school sports day.,我們在學校運動會那天都穿黃色T恤。,T-shirt,legacy_review_required,elementary-t-shirt-ex2,My brother wears a white T-shirt to play basketball.,我弟弟穿著一件白色T恤去打籃球。,T-shirt,legacy_review_required,,,T-shirt,,,,
elementary-skirt,skirt,elementary-skirt,裙子,Clothing,4,elementary-skirt-ex1,The school girls wear navy blue skirts as uniforms.,學校的女學生穿深藍色的裙子作為制服。,skirt,legacy_review_required,elementary-skirt-ex2,The girls wore blue skirts for the school show.,女孩們穿著藍色裙子參加學校表演。,skirt,legacy_review_required,,,skirt,,,,
junior-socks,socks,junior-socks,襪子(複數),Clothing,4,junior-socks-ex1,I need to buy some warm socks for winter.,我需要為冬天買一些溫暖的襪子。,socks,legacy_review_required,junior-socks-ex2,I bought two pairs of colorful socks yesterday.,我昨天買了兩雙色彩繽紛的襪子。,socks,legacy_review_required,,,socks,,,,
elementary-jacket,jacket,elementary-jacket,夾克/外套,Clothing,6,elementary-jacket-ex1,"It is cool today, so you should bring a jacket.",今天很涼爽，所以你應該帶件外套。,jacket,legacy_review_required,elementary-jacket-ex2,He forgot his warm jacket at the school playground.,他把保暖夾克忘在學校操場上了。,jacket,legacy_review_required,,,jacket,,,,
passport-pocket,pocket,passport-pocket,口袋,Clothing,7,passport-pocket-ex1,He put the keys into his coat pocket.,他把鑰匙放進大衣口袋裡。,pocket,legacy_review_required,passport-pocket-ex2,I put my library card in my coat pocket.,我把我的借書證放進了外套口袋。,pocket,legacy_review_required,,,pocket,,,,
junior-shorts,shorts,junior-shorts,短褲,Clothing,4,junior-shorts-ex1,We like to wear cool shorts during summer vacation.,我們暑假喜歡穿涼爽的短褲。,shorts,legacy_review_required,junior-shorts-ex2,We wear shorts and T-shirts in summer because it is hot.,因為夏天很熱，所以我們穿短褲和T恤。,shorts,legacy_review_required,,,shorts,,,,
elementary-shoes,shoes,elementary-shoes,鞋子(複數),Clothing,4,elementary-shoes-ex1,Take off your shoes before entering the living room.,進客廳前請先脫鞋。,shoes,legacy_review_required,elementary-shoes-ex2,Please take off your shoes before entering the house.,進屋前請先脫鞋。,shoes,legacy_review_required,,,shoes,,,,
passport-clothes,clothes,passport-clothes,衣服/服裝,Clothing,7,passport-clothes-ex1,Please help me fold and put away the clean clothes.,請幫我摺疊並收好乾淨的衣服。,clothes,legacy_review_required,passport-clothes-ex2,Please hang your clean clothes in the wardrobe.,請把你的乾淨衣服掛進衣櫃裡。,clothes,legacy_review_required,,,clothes,,,,
junior-glasses,glasses,junior-glasses,眼鏡/玻璃杯(複數),Clothing,7,junior-glasses-ex1,Grandpa needs his reading glasses to read the newspaper.,爺爺需要他的老花眼鏡來讀報紙。,glasses,legacy_review_required,junior-glasses-ex2,My grandfather wears reading glasses to read the newspaper.,我爺爺戴著老花眼鏡看報紙。,glasses,legacy_review_required,,,glasses,,,,
junior-sweater,sweater,junior-sweater,毛衣/針織衫,Clothing,7,junior-sweater-ex1,My grandma knitted a warm red sweater for me.,我奶奶為我織了一件溫暖的紅毛衣。,sweater,legacy_review_required,junior-sweater-ex2,I wore a soft woolen sweater on the cold windy day.,在寒冷有風的日子我穿了一件柔軟的毛衣。,sweater,legacy_review_required,,,sweater,,,,
junior-umbrella,umbrella,junior-umbrella,雨傘,Clothing,8,junior-umbrella-ex1,"Do not forget your umbrella, it is going to rain.",別忘了你的雨傘，要下雨了。,umbrella,legacy_review_required,junior-umbrella-ex2,She shared her big umbrella with a classmate in the rain.,她在雨中和一位同學分享了她的大雨傘。,umbrella,legacy_review_required,,,umbrella,,,,
elementary-color,color,elementary-color,顏色/色彩,Colors,5,elementary-color-ex1,"What is your favorite color, blue or green?",你最喜歡什麼顏色，藍色還是綠色？,color,legacy_review_required,elementary-color-ex2,We use different colors to paint the school wall.,我們用不同的顏色來油漆學校的牆壁。,color,legacy_review_required,,,color,,,,
passport-gray,gray,passport-gray,灰色/灰色的,Colors,3,passport-gray-ex1,The sky turned gray before the heavy rain started.,在大雨開始前，天空變成了灰色。,gray,legacy_review_required,passport-gray-ex2,A little gray mouse ran under the classroom door.,一隻小灰鼠跑進了教室門底下。,gray,legacy_review_required,,,gray,,,,
junior-pink,pink,junior-pink,粉紅色/粉紅色的,Colors,3,junior-pink-ex1,Her room is decorated with pink curtains and toys.,她的房間裝飾著粉紅色的窗簾和玩具。,pink,legacy_review_required,junior-pink-ex2,My sister likes to wear her pink shoes to play.,我妹妹喜歡穿她的粉紅色鞋子出去玩。,pink,legacy_review_required,,,pink,,,,
elementary-black,black,elementary-black,黑色/黑色的,Colors,4,elementary-black-ex1,The blackboard in our classroom is very clean now.,我們教室的黑板現在非常乾淨。,black,legacy_review_required,elementary-black-ex2,The blackboard is clean and ready for our teacher.,黑板很乾淨，準備好給我們的老師了。,black,legacy_review_required,,,black,,,,
passport-brown,brown,passport-brown,棕色/棕色的/褐色,Colors,4,passport-brown-ex1,A cute brown squirrel is eating a nut in the tree.,一隻可愛的棕色松鼠正在樹上吃堅果。,brown,legacy_review_required,passport-brown-ex2,A cute brown rabbit is hopping on the lawn.,一隻可愛的棕色兔子正在草坪上跳躍。,brown,legacy_review_required,,,brown,,,,
elementary-white,white,elementary-white,白色/白色的,Colors,6,elementary-white-ex1,A white fluffy cloud is floating in the blue sky.,一朵白色的蓬鬆雲朵正浮在藍天中。,white,legacy_review_required,elementary-white-ex2,She wrote on the blackboard with a white chalk.,她用白色粉筆在黑板上寫字。,white,legacy_review_required,,,white,,,,
junior-orange,orange,junior-orange,柳橙/橘色/橘色的,Food,8,junior-orange-ex1,The orange juice we drank yesterday was sweet.,我們昨天喝的橘子汁很甜。,orange,legacy_review_required,junior-orange-ex2,The sunset sky is a beautiful warm orange today.,今天落日的天空是美麗的溫暖橘色。,orange,legacy_review_required,,,orange,,,,
passport-purple,purple,passport-purple,紫色/紫色的,Colors,7,passport-purple-ex1,My mother bought some sweet purple grapes.,我媽媽買了一些甜甜的紫葡萄。,purple,legacy_review_required,passport-purple-ex2,My mother wore a beautiful purple scarf today.,我媽媽今天戴了一條美麗的紫色圍巾。,purple,legacy_review_required,,,purple,,,,
junior-dad,dad,junior-dad,爸爸,Family,1,junior-dad-ex1,My dad took me to the library last Sunday.,我爸爸上星期天帶我去圖書館。,dad,legacy_review_required,junior-dad-ex2,My dad helps me fix my broken toy car.,我爸爸幫我修好壞掉的玩具車。,dad,legacy_review_required,,,dad,,,,
passport-daddy,daddy,passport-daddy,爸爸,Family,5,passport-daddy-ex1,"Goodnight, daddy, sleep well and have a good dream.",晚安，爸爸，睡個好覺，做個好夢。,daddy,legacy_review_required,passport-daddy-ex2,Daddy and I built a small wooden birdhouse yesterday.,爸爸和我昨天建了一個小木鳥屋。,daddy,legacy_review_required,,,daddy,,,,
junior-mom,mom,junior-mom,媽媽,Family,1,junior-mom-ex1,My mom cooks healthy vegetables for us every day.,我媽媽每天為我們做健康的蔬菜。,mom,legacy_review_required,junior-mom-ex2,My mom tells me to eat more fresh fruit.,我媽媽叫我多吃新鮮水果。,mom,legacy_review_required,,,mom,,,,
passport-mommy,mommy,passport-mommy,媽媽,Family,6,passport-mommy-ex1,"Mommy, can you read this bedtime story for me?",媽媽，你可以讀這個床邊故事給我聽嗎？,mommy,legacy_review_required,passport-mommy-ex2,"Mommy, look at the cute puppy playing in the yard!",媽媽，你看院子裡玩耍的可愛小狗！,mommy,legacy_review_required,,,mommy,,,,
passport-parent,parent,passport-parent,家長/雙親/父母,Family,7,passport-parent-ex1,My parents went to the school meeting yesterday.,我父母昨天去參加了學校的會議。,parent,legacy_review_required,passport-parent-ex2,We should always show respect to our parents.,我們應該要孝順/尊重我們的父母。,parent,legacy_review_required,,,parent,,,,
junior-son,son,junior-son,兒子,Family,2,junior-son-ex1,Mr. Wang is very proud of his hard-working son.,王先生對他勤奮的兒子感到非常驕傲。,son,legacy_review_required,junior-son-ex2,My uncle is very proud of his helpful son.,我叔叔為他樂於助人的兒子感到非常自豪。,son,legacy_review_required,,,son,,,,
junior-daughter,daughter,junior-daughter,女兒,Family,7,junior-daughter-ex1,They have a young daughter who goes to elementary school.,他們有一個讀國小的小女兒。,daughter,legacy_review_required,junior-daughter-ex2,The mother and her daughter are drawing pictures together.,母親和她的女兒正在一起畫畫。,daughter,legacy_review_required,,,daughter,,,,
junior-family,family,junior-family,家庭/家人,Family,8,junior-family-ex1,We are a happy family and support each other.,我們是一個快樂的家庭，互相支持。,family,legacy_review_required,junior-family-ex2,Family support is very important when we face challenges.,當我們面對挑戰時，家人的支持非常重要。,family,legacy_review_required,,,family,,,,
junior-grandfather,grandfather,junior-grandfather,爺爺/外公,Family,8,junior-grandfather-ex1,My grandfather likes to practice Tai Chi in the park.,我祖父喜歡在公園裡練太極拳。,grandfather,legacy_review_required,junior-grandfather-ex2,My grandfather walks with a cane in the garden.,我祖父/爺爺拿著拐杖在花園裡散步。,grandfather,legacy_review_required,,,grandfather,,,,
passport-grandpa,grandpa,passport-grandpa,爺爺/外公,Family,7,passport-grandpa-ex1,Grandpa tells us exciting stories from his childhood.,爺爺跟我們講他童年時的精彩故事。,grandpa,legacy_review_required,passport-grandpa-ex2,Grandpa teaches me how to play chess on weekends.,爺爺週末教我如何下棋。,grandpa,legacy_review_required,,,grandpa,,,,
junior-grandmother,grandmother,junior-grandmother,奶奶/外婆,Family,8,junior-grandmother-ex1,My grandmother grows beautiful roses in her small garden.,我祖母在她的花園裡種植美麗的玫瑰。,grandmother,legacy_review_required,junior-grandmother-ex2,My grandmother likes to grow roses in her garden.,我祖母喜歡在她的花園裡種植玫瑰花。,grandmother,legacy_review_required,,,grandmother,,,,
passport-grandma,grandma,passport-grandma,奶奶/外婆,Family,7,passport-grandma-ex1,My grandma knitted a pair of wool socks for me.,我奶奶為我織了一雙羊毛襪。,grandma,legacy_review_required,passport-grandma-ex2,Grandma baked some sweet cookies for my birthday party.,奶奶為我的生日派對烤了一些甜餅乾。,grandma,legacy_review_required,,,grandma,,,,
junior-aunt,aunt,junior-aunt,阿姨/姑姑/嬸嬸/伯母/舅媽,Family,2,junior-aunt-ex1,My aunt bought me a new schoolbag for my birthday.,我姑姑買了一個新書包送我當生日禮物。,aunt,legacy_review_required,junior-aunt-ex2,My aunt invited us to her home for a dinner.,我阿姨/姑姑邀請我們去她家吃晚餐。,aunt,legacy_review_required,,,aunt,,,,
junior-uncle,uncle,junior-uncle,叔叔/伯伯/舅舅/阿姨/姑丈,Family,6,junior-uncle-ex1,My uncle lives in New York and works in a bank.,我叔叔住在紐約，在銀行工作。,uncle,legacy_review_required,junior-uncle-ex2,My uncle works as a kind doctor in the hospital.,我叔叔在醫院裡當一名親切的醫生。,uncle,legacy_review_required,,,uncle,,,,
junior-grow,grow,junior-grow,種植/生長/成長,Actions,3,junior-grow-ex1,Vegetables need clean water and sunshine to grow.,蔬菜需要乾淨的水和陽光才能生長。,grow,legacy_review_required,junior-grow-ex2,We can watch the green seeds grow into tall plants.,我們可以看著綠色的種子長成高大的植物。,grow,legacy_review_required,,,grow,,,,
passport-cousin,cousin,passport-cousin,堂兄弟姊妹/表兄弟姊妹,Family,6,passport-cousin-ex1,My cousin is coming to stay with us next week.,我表哥下週要來和我們一起住。,cousin,legacy_review_required,passport-cousin-ex2,My cousin and I share the same favorite storybook.,我的表兄弟/堂兄弟和我有著相同最喜歡的故事書。,cousin,legacy_review_required,,,cousin,,,,
junior-live,live,junior-live,居住/生活/活的,Actions,5,junior-live-ex1,Polar bears live in the cold Arctic region.,北極熊居住在寒冷的北極地區。,live,legacy_review_required,junior-live-ex2,We live in a beautiful and clean neighborhood.,我們住在一個美麗且乾淨的社區。,live,legacy_review_required,,,live,,,,
junior-fruit,fruit,junior-fruit,水果,Food,4,junior-fruit-ex1,Eating fresh fruit is very good for your health.,吃新鮮水果對你的健康非常有益。,fruit,legacy_review_required,junior-fruit-ex2,We should eat fresh fruit every day to stay healthy.,我們應該每天吃新鮮水果來保持健康。,fruit,legacy_review_required,,,fruit,,,,
passport-peach,peach,passport-peach,桃子/水蜜桃,Food,4,passport-peach-ex1,"The pink peach is soft, juicy and very sweet.",粉紅色的桃子又軟、又多汁而且非常甜。,peach,legacy_review_required,passport-peach-ex2,This ripe peach tastes sweet and is full of juice.,這顆成熟的桃子嚐起來很甜，而且多汁。,peach,legacy_review_required,,,peach,,,,
passport-lemon,lemon,passport-lemon,檸檬,Food,6,passport-lemon-ex1,Lemon juice tastes sour but smells very fresh.,檸檬汁吃起來酸，但是聞起來非常清香。,lemon,legacy_review_required,passport-lemon-ex2,"A lemon tastes very sour, but it is healthy.",檸檬嚐起來非常酸，但它對健康有益。,lemon,legacy_review_required,,,lemon,,,,
passport-grape,grape,passport-grape,葡萄,Food,5,passport-grape-ex1,She washed a bowl of purple grapes for her guests.,她為客人洗了一碗紫葡萄。,grape,legacy_review_required,passport-grape-ex2,My sister shared a bunch of sweet purple grapes with me.,我妹妹和我分享了一串甜甜的紫葡萄。,grape,legacy_review_required,,,grape,,,,
passport-strawberry,strawberry,passport-strawberry,草莓,Food,8,passport-strawberry-ex1,I like to eat strawberry ice cream in summer.,我夏天喜歡吃草莓冰淇淋。,strawberry,legacy_review_required,passport-strawberry-ex2,We like to put fresh strawberries on our ice cream.,我們喜歡在冰淇淋上放新鮮草莓。,strawberry,legacy_review_required,,,strawberry,,,,
passport-watermelon,watermelon,passport-watermelon,西瓜,Food,8,passport-watermelon-ex1,Watermelon is the best fruit for hot summer days.,西瓜是炎熱夏天裡最好的水果。,watermelon,legacy_review_required,passport-watermelon-ex2,Eating cold watermelon in summer is very cool.,夏天吃冰涼的西瓜非常消暑。,watermelon,legacy_review_required,,,watermelon,,,,
junior-breakfast,breakfast,junior-breakfast,早餐,Food,7,junior-breakfast-ex1,What did you have for your breakfast this morning?,你今天早上早餐吃了什麼？,breakfast,legacy_review_required,junior-breakfast-ex2,I always eat a healthy breakfast before going to school.,我上學前總是會吃一頓健康的早餐。,breakfast,legacy_review_required,,,breakfast,,,,
elementary-lunch,lunch,elementary-lunch,午餐,Food,4,elementary-lunch-ex1,We usually have lunch at the school cafeteria.,我們通常在學校食堂吃午餐。,lunch,legacy_review_required,elementary-lunch-ex2,All students have lunch together in the classroom at noon.,中午所有學生都在教室裡一起吃午餐。,lunch,legacy_review_required,,,lunch,,,,
junior-dinner,dinner,junior-dinner,晚餐,Food,6,junior-dinner-ex1,The family sits together to enjoy their dinner.,全家人坐在一起享受他們的晚餐。,dinner,legacy_review_required,junior-dinner-ex2,Our family sits at the table and talks during dinner.,晚餐時我們全家人坐在桌子旁聊天。,dinner,legacy_review_required,,,dinner,,,,
passport-drink,drink,passport-drink,喝/飲料,Actions,4,passport-drink-ex1,You should drink a cup of warm water first.,你應該先喝一杯溫開水。,drink,legacy_review_required,passport-drink-ex2,I always drink warm water after PE class.,體育課後我總是喝溫開水。,drink,legacy_review_required,,,drink,,,,
elementary-tea,tea,elementary-tea,茶,Food,2,elementary-tea-ex1,My grandmother likes to drink hot black tea.,我祖母喜歡喝熱紅茶。,tea,legacy_review_required,elementary-tea-ex2,My grandfather likes to drink hot tea in the afternoon.,我爺爺下午喜歡喝熱茶。,tea,legacy_review_required,,,tea,,,,
elementary-egg,egg,elementary-egg,蛋/雞蛋,Food,1,elementary-egg-ex1,I eat a boiled egg every morning for breakfast.,我每天早上吃一個水煮蛋當早餐。,egg,legacy_review_required,elementary-egg-ex2,We eat a boiled egg every morning for protein.,我們每天早上吃一個水煮蛋來補充蛋白質。,egg,legacy_review_required,,,egg,,,,
junior-bread,bread,junior-bread,麵包,Food,4,junior-bread-ex1,The baker makes delicious fresh bread every morning.,麵包師每天早上做出美味的新鮮麵包。,bread,legacy_review_required,junior-bread-ex2,She spreads sweet strawberry jam on the bread.,她在麵包上塗抹甜草莓醬。,bread,legacy_review_required,,,bread,,,,
elementary-pie,pie,elementary-pie,派/餡餅,Food,2,elementary-pie-ex1,Grandma baked an apple pie for our family dinner.,阿嬤為我們的家庭晚餐烤了一個蘋果派。,pie,legacy_review_required,elementary-pie-ex2,My grandma is baking a hot apple pie in the kitchen.,我奶奶正在廚房裡烤熱騰騰的蘋果派。,pie,legacy_review_required,,,pie,,,,
elementary-eat,eat,elementary-eat,吃,Food,1,elementary-eat-ex1,Remember to wash your hands before you eat.,吃東西前記得先洗手。,eat,legacy_review_required,elementary-eat-ex2,Remember to eat some fresh fruit every day.,記得每天吃一些新鮮水果。,eat,legacy_review_required,,,eat,,,,
elementary-cook,cook,elementary-cook,廚師/烹調/煮,Actions,2,elementary-cook-ex1,My father likes to cook spaghetti on weekends.,我爸爸週末喜歡煮義大利麵。,cook,legacy_review_required,elementary-cook-ex2,The school cook prepares healthy food for our lunch.,學校廚師為我們的午餐準備健康的食物。,cook,legacy_review_required,,,cook,,,,
junior-soup,soup,junior-soup,湯,Food,3,junior-soup-ex1,The hot corn soup is perfect for cold winter days.,熱玉米濃湯在寒冷的冬日裡再適合不過了。,soup,legacy_review_required,junior-soup-ex2,This hot pumpkin soup tastes wonderful on a cold day.,在冷天喝這碗熱南瓜湯感覺太棒了。,soup,legacy_review_required,,,soup,,,,
junior-food,food,junior-food,食物,Food,2,junior-food-ex1,Taiwan is famous for its delicious street food.,台灣以美味的街頭小吃聞名。,food,legacy_review_required,junior-food-ex2,We should not waste any food during our school lunch.,我們在學校吃午餐時不應該浪費任何食物。,food,legacy_review_required,,,food,,,,
junior-beef,beef,junior-beef,牛肉,Food,2,junior-beef-ex1,We ordered some beef noodles at the restaurant.,我們在餐廳點了一些牛肉麵。,beef,legacy_review_required,junior-beef-ex2,My mother makes delicious beef curry for our dinner.,我媽媽為我們的晚餐做了美味的咖哩牛肉。,beef,legacy_review_required,,,beef,,,,
junior-pork,pork,junior-pork,豬肉,Food,3,junior-pork-ex1,Pork dumplings are very popular in this restaurant.,豬肉餃子在這家餐廳非常受歡迎。,pork,legacy_review_required,junior-pork-ex2,Pork is the main ingredient in these fresh dumplings.,豬肉是這些新鮮水餃的主要內餡。,pork,legacy_review_required,,,pork,,,,
elementary-cake,cake,elementary-cake,蛋糕,Food,5,elementary-cake-ex1,She blew out the candles on her birthday cake.,她吹熄了生日蛋糕上的蠟燭。,cake,legacy_review_required,elementary-cake-ex2,We baked a sweet apple cake for our mother's birthday.,我們為媽媽的生日烤了一個甜蘋果蛋糕。,cake,legacy_review_required,,,cake,,,,
passport-coke,Coke,passport-coke,可樂,Food,5,passport-coke-ex1,Drinking too much sweet coke is bad for your teeth.,喝太多甜可樂對你的牙齒不好。,Coke,legacy_review_required,passport-coke-ex2,Drinking water is much healthier than drinking Coke.,喝水比喝可樂健康得多。,Coke,legacy_review_required,,,Coke,,,,
passport-meal,meal,passport-meal,餐/一餐,Food,3,passport-meal-ex1,Breakfast is the most important meal of the day.,早餐是一天中最重要的一餐。,meal,legacy_review_required,passport-meal-ex2,We sat together to enjoy a warm family meal.,我們坐在一起享用溫馨的家庭一餐。,meal,legacy_review_required,,,meal,,,,
elementary-juice,juice,elementary-juice,果汁,Food,5,elementary-juice-ex1,Fresh orange juice is full of vitamins.,新鮮的柳橙汁富含維他命。,juice,legacy_review_required,elementary-juice-ex2,My parents bought some fresh grape juice at the store.,我父母在商店買了一些新鮮的葡萄汁。,juice,legacy_review_required,,,juice,,,,
passport-candy,candy,passport-candy,糖果,Food,5,passport-candy-ex1,Do not eat too much sweet candy before bed.,睡前不要吃太多甜的糖果。,candy,legacy_review_required,passport-candy-ex2,The little child smiled when she got a sweet candy.,當小女孩得到一顆甜糖果時她笑了。,candy,legacy_review_required,,,candy,,,,
junior-salad,salad,junior-salad,沙拉,Food,6,junior-salad-ex1,She prepared a fresh vegetable salad for lunch.,她午餐準備了一份新鮮的蔬菜沙拉。,salad,legacy_review_required,junior-salad-ex2,Eating fresh salad every day is good for our health.,每天吃新鮮沙拉對我們的健康有益。,salad,legacy_review_required,,,salad,,,,
elementary-pizza,pizza,elementary-pizza,披薩,Food,6,elementary-pizza-ex1,We ordered a large cheese pizza for the party.,我們為派對點了一個大起司披薩。,pizza,legacy_review_required,elementary-pizza-ex2,My classmates and I share a hot pizza on Friday.,星期五我和同學一起分享熱騰騰的披薩。,pizza,legacy_review_required,,,pizza,,,,
passport-full,full,passport-full,飽的/滿的,Adjectives,2,passport-full-ex1,I am full after eating three plates of rice.,吃了三盤飯後我已經飽了。,full,legacy_review_required,passport-full-ex2,The schoolbus is full of happy students going home.,校車上坐滿了要回家的快樂學生。,full,legacy_review_required,,,full,,,,
passport-dumpling,dumpling,passport-dumpling,水餃/餃子,Food,7,passport-dumpling-ex1,My mom makes delicious pork dumplings on weekends.,我媽媽週末會包美味的豬肉水餃。,dumpling,legacy_review_required,passport-dumpling-ex2,Eating hot dumplings on a cold day makes us warm.,在冷天吃熱水餃讓我們感到溫暖。,dumpling,legacy_review_required,,,dumpling,,,,
junior-hungry,hungry,junior-hungry,飢餓的/餓的,Adjectives,6,junior-hungry-ex1,"If you are hungry, you can eat these biscuits.",如果你餓了，你可以吃這些餅乾。,hungry,legacy_review_required,junior-hungry-ex2,The hungry little puppy barked to ask for food.,飢餓的小狗汪汪叫著要食物。,hungry,legacy_review_required,,,hungry,,,,
junior-taste,taste,junior-taste,嚐起來/味道/品嚐,Actions,6,junior-taste-ex1,The soup tastes delicious but a little bit salty.,這湯喝起來很美味，但有一點鹹。,taste,legacy_review_required,junior-taste-ex2,These red strawberries taste sweet and a bit sour.,這些紅草莓嚐起來很甜，帶有一點酸味。,taste,legacy_review_required,,,taste,,,,
passport-thirsty,thirsty,passport-thirsty,口渴的/渴的,Adjectives,7,passport-thirsty-ex1,"After playing soccer, the boys were very thirsty.",踢完足球後，男孩子們都非常口渴。,thirsty,legacy_review_required,passport-thirsty-ex2,I always feel thirsty after running on the playground.,在操場跑步後我總是感到口渴。,thirsty,legacy_review_required,,,thirsty,,,,
passport-yummy,yummy,passport-yummy,美味的/好吃的,Adjectives,6,passport-yummy-ex1,The chocolate cake Grandma made was very yummy.,阿嬤做的巧克力蛋糕非常美味。,yummy,legacy_review_required,passport-yummy-ex2,This hot noodle soup is really yummy and warm.,這碗熱麵湯真的很美味又溫暖。,yummy,legacy_review_required,,,yummy,,,,
passport-pumpkin,pumpkin,passport-pumpkin,南瓜,Food,7,passport-pumpkin-ex1,We carved a funny face on the Halloween pumpkin.,我們在萬聖節南瓜上雕刻了一個有趣的臉。,pumpkin,legacy_review_required,passport-pumpkin-ex2,My grandmother makes sweet pumpkin pie for dessert.,我祖母做甜南瓜派當甜點。,pumpkin,legacy_review_required,,,pumpkin,,,,
junior-ice-cream,ice cream,junior-ice-cream,冰淇淋,Food,8,junior-ice-cream-ex1,Children love to eat sweet vanilla ice cream in summer.,孩子們夏天喜歡吃甜香草冰淇淋。,ice cream,legacy_review_required,junior-ice-cream-ex2,Vanilla ice cream is my brother's favorite treat.,香草冰淇淋是我弟弟最喜歡的甜點。,ice cream,legacy_review_required,,,ice cream,,,,
passport-sweet,sweet,passport-sweet,甜的/溫柔的,Adjectives,4,passport-sweet-ex1,These ripe strawberries are very red and sweet.,這些熟透的草莓又紅又甜。,sweet,legacy_review_required,passport-sweet-ex2,She made a sweet card to thank her kind teacher.,她做了一張貼心的卡片來感謝她親切的老師。,sweet,legacy_review_required,,,sweet,,,,
junior-sandwich,sandwich,junior-sandwich,三明治,Food,7,junior-sandwich-ex1,I made a ham and cheese sandwich for my lunch.,我為我的午餐做了一個火腿起司三明治。,sandwich,legacy_review_required,junior-sandwich-ex2,My mother packed a fresh sandwich in my lunchbox.,我媽媽在我的便當盒裡裝了一個新鮮三明治。,sandwich,legacy_review_required,,,sandwich,,,,
passport-chocolate,chocolate,passport-chocolate,巧克力,Food,8,passport-chocolate-ex1,She bought a box of dark chocolate from Belgium.,她買了一盒比利時黑巧克力。,chocolate,legacy_review_required,passport-chocolate-ex2,We share a chocolate bar after playing basketball.,打完籃球後我們一起分享一條巧克力棒。,chocolate,legacy_review_required,,,chocolate,,,,
junior-hamburger,hamburger,junior-hamburger,漢堡,Food,8,junior-hamburger-ex1,He ordered a beef hamburger and some french fries.,他點了一個牛肉漢堡和一些薯條。,hamburger,legacy_review_required,junior-hamburger-ex2,A giant hamburger with fresh lettuce tastes delicious.,夾著新鮮萵苣的巨無霸漢堡嚐起來很美味。,hamburger,legacy_review_required,,,hamburger,,,,
passport-french,French,passport-french,法國的/法語的/法國人,Food,4,passport-french-ex1,We ordered some hot french fries at the fast-food shop.,我們在速食店點了一些熱薯條。,French,legacy_review_required,passport-french-ex2,Our new classmate can speak both English and French.,我們的新同學會說英文和法文。,French,legacy_review_required,,,French,,,,
passport-fries,fries,passport-fries,薯條/炸薯條,Food,4,passport-fries-ex1,The crispy fries taste great with tomato sauce.,脆脆的薯條搭配番茄醬味道很棒。,fries,legacy_review_required,passport-fries-ex2,Hot potato fries are crispy and delicious to share.,熱騰騰的炸薯條香脆美味，適合一起分享。,fries,legacy_review_required,,,fries,,,,
elementary-name,name,elementary-name,名字/姓名,Forms,5,elementary-name-ex1,Please write down your name and phone number here.,請在這裡寫下您的名字和電話號碼。,name,legacy_review_required,elementary-name-ex2,I wrote my name on the first page of the book.,我在書的第一頁寫下了我的名字。,name,legacy_review_required,,,name,,,,
passport-miss-ms,Miss/Ms,passport-miss-ms,小姐/女士,Forms,4,passport-miss-ms-ex1,Ms. Lin is our new school principal this year.,林女士是我們今年新來的學校校長。,Miss/Ms,legacy_review_required,passport-miss-ms-ex2,Miss Lin is very patient when she teaches us math.,林老師教我們數學時非常耐心。,Miss/Ms,legacy_review_required,,,Miss/Ms,,,,
passport-mr,Mr,passport-mr,先生,Forms,1,passport-mr-ex1,Mr. Brown teaches us math and is very funny.,布朗先生教我們數學而且非常幽默。,Mr,legacy_review_required,passport-mr-ex2,Mr. Wang helps us clean the school playground every Friday.,王先生每個星期五都幫我們清理學校操場。,Mr,legacy_review_required,,,Mr,,,,
passport-mrs,Mrs,passport-mrs,太太/女士(已婚),Forms,2,passport-mrs-ex1,Mrs. Green gave us some sweet cookies yesterday.,格林太太昨天給了我們一些甜餅乾。,Mrs,legacy_review_required,passport-mrs-ex2,Mrs. Lee teaches science and always answers our questions.,李太太教自然科學，而且總是回答我們的問題。,Mrs,legacy_review_required,,,Mrs,,,,
junior-sea,sea,junior-sea,海洋/海,Geographical,2,junior-sea-ex1,We saw a big ship sailing on the blue sea.,我們看到一隻大船在藍色的大海上航行。,sea,legacy_review_required,junior-sea-ex2,We can collect pretty shells on the beach near the sea.,我們可以在靠海的沙灘上收集美麗的貝殼。,sea,legacy_review_required,,,sea,,,,
passport-lake,lake,passport-lake,湖泊/湖,Geographical,5,passport-lake-ex1,The water in the lake is clear and calm.,湖水非常清澈而且平靜。,lake,legacy_review_required,passport-lake-ex2,We rode a boat on the lake during our family trip.,在我們的家庭旅行中，我們在湖上划船。,lake,legacy_review_required,,,lake,,,,
junior-beach,beach,junior-beach,海灘/沙灘,Geographical,4,junior-beach-ex1,We built a tall sandcastle on the sandy beach.,我們在沙灘上建了一座高高的沙堡。,beach,legacy_review_required,junior-beach-ex2,We built a big sandcastle on the beach in the afternoon.,下午我們在海灘上建了一座大沙堡。,beach,legacy_review_required,,,beach,,,,
passport-river,river,passport-river,河流/河,Geographical,6,passport-river-ex1,Many fish are swimming in this clean mountain river.,許多魚在這條乾淨的山區河流中游泳。,river,legacy_review_required,passport-river-ex2,The clean river flows slowly through our beautiful town.,乾淨的河流緩緩流過我們美麗的小鎮。,river,legacy_review_required,,,river,,,,
passport-mountain,mountain,passport-mountain,山/山脈,Geographical,7,passport-mountain-ex1,They plan to climb the highest mountain in Taiwan.,他們計劃攀登台灣最高的山。,mountain,legacy_review_required,passport-mountain-ex2,We went hiking on a high mountain last weekend.,上週末我們去了一座高山健行。,mountain,legacy_review_required,,,mountain,,,,
passport-forest,forest,passport-forest,森林,Geographical,6,passport-forest-ex1,There are many tall green trees in the forest.,森林裡有許多高大的綠樹。,forest,legacy_review_required,passport-forest-ex2,Many wild animals make their homes in the deep forest.,許多野生動物在深山森林裡安家。,forest,legacy_review_required,,,forest,,,,
passport-volcano,volcano,passport-volcano,火山,Geographical,8,passport-volcano-ex1,The volcano has not erupted for a thousand years.,這座火山已經一千年沒有噴發了。,volcano,legacy_review_required,passport-volcano-ex2,We saw a picture of an active volcano in our science book.,我們在自然科學書裡看到了一張活火山的照片。,volcano,legacy_review_required,,,volcano,,,,
passport-desert,desert,passport-desert,沙漠/拋棄,Geographical,6,passport-desert-ex1,Camels can walk in the hot desert without water.,駱駝可以在炎熱的沙漠中行走而不需要水。,desert,legacy_review_required,passport-desert-ex2,"It is dry and hot in the desert, but camels can live there.",沙漠裡又乾又熱，但是駱駝可以在那裡生存。,desert,legacy_review_required,,,desert,,,,
passport-island,island,passport-island,島嶼/島,Geographical,6,passport-island-ex1,They spent their summer vacation on a tropical island.,他們在一個熱帶島嶼上度過了暑假。,island,legacy_review_required,passport-island-ex2,Taiwan is a beautiful island surrounded by blue oceans.,台灣是一個被藍色海洋包圍的美麗島嶼。,island,legacy_review_required,,,island,,,,
passport-easter,Easter,passport-easter,復活節,Holidays,6,passport-easter-ex1,Children love to search for colorful Easter eggs.,孩子們喜歡尋找色彩繽紛的復活節彩蛋。,Easter,legacy_review_required,passport-easter-ex2,Children search for colorful eggs during Easter.,孩子們在復活節期間尋找彩色的蛋。,Easter,legacy_review_required,,,Easter,,,,
passport-halloween,Halloween,passport-halloween,萬聖節/萬聖節前夕,Holidays,8,passport-halloween-ex1,We dressed up in scary clothes for Halloween.,我們在萬聖節穿上了可怕的衣服裝扮。,Halloween,legacy_review_required,passport-halloween-ex2,We dressed up as funny ghosts for Halloween last year.,去年萬聖節我們裝扮成搞笑的鬼魂。,Halloween,legacy_review_required,,,Halloween,,,,
passport-christmas,Christmas,passport-christmas,耶誕節/聖誕節,Holidays,7,passport-christmas-ex1,We decorated the big Christmas tree with sparkling lights.,我們用閃閃發光的燈飾裝飾了大聖誕樹。,Christmas,legacy_review_required,passport-christmas-ex2,We decorated the classroom tree for Christmas.,我們裝飾了教室裡的聖誕樹來迎接耶誕節。,Christmas,legacy_review_required,,,Christmas,,,,
passport-moon,Moon,passport-moon,月亮,Weather & nature,3,passport-moon-ex1,The moon shines brightly in the clear night sky.,月亮在晴朗的夜空中明亮地照耀著。,Moon,legacy_review_required,passport-moon-ex2,The moon is round and bright during the Mid-Autumn Festival.,中秋節期間的月亮又圓又亮。,Moon,legacy_review_required,,,Moon,,,,
passport-festival,Festival,passport-festival,節日/慶典,Holidays,8,passport-festival-ex1,The Mid-Autumn Festival is a time for family reunion.,中秋節是家人團圓的時刻。,Festival,legacy_review_required,passport-festival-ex2,The school sports festival is full of exciting games.,學校運動會/體育節充滿了精彩的比賽。,Festival,legacy_review_required,,,Festival,,,,
junior-well,well,junior-well,很好地/健康的/井,Health,3,junior-well-ex1,My grandmother feels well after resting in bed.,我奶奶在床上休息後感覺好多了。,well,legacy_review_required,junior-well-ex2,My brother plays the piano very well because he practices.,我弟弟鋼琴彈得很好，因為他有練習。,well,legacy_review_required,,,well,,,,
junior-sick,sick,junior-sick,生病的/有病的,Health,3,junior-sick-ex1,He did not go to school because he was sick.,他因為生病而沒有去上學。,sick,legacy_review_required,junior-sick-ex2,"If you feel sick, you should rest and drink warm water.",如果你感覺生病了，你應該休息並喝溫開水。,sick,legacy_review_required,,,sick,,,,
elementary-cold,cold,elementary-cold,冷的/感冒/寒冷的,Health,2,elementary-cold-ex1,Drink hot soup when you have a bad cold.,當你感冒嚴重時，多喝熱湯。,cold,legacy_review_required,elementary-cold-ex2,Drinking hot tea makes us feel good when we have a cold.,感冒時喝熱茶會讓我們感覺舒服些。,cold,legacy_review_required,,,cold,,,,
junior-strong,strong,junior-strong,強壯的/強烈的,Health,4,junior-strong-ex1,He is strong enough to lift the heavy box.,他足夠強壯以搬起這個重箱子。,strong,legacy_review_required,junior-strong-ex2,A strong wind can bend the branches of tall trees.,強風會吹彎高樹的枝條。,strong,legacy_review_required,,,strong,,,,
elementary-tired,tired,elementary-tired,疲倦的/累的,Health,6,elementary-tired-ex1,I was tired after riding my bike for two hours.,騎了兩小時腳踏車後，我感到很累。,tired,legacy_review_required,elementary-tired-ex2,I felt tired after running around the playground.,在操場跑了幾圈後我感到累了。,tired,legacy_review_required,,,tired,,,,
passport-toothache,toothache,passport-toothache,牙痛,Health,8,passport-toothache-ex1,The little girl cried because she had a toothache.,小女孩哭了，因為她牙痛。,toothache,legacy_review_required,passport-toothache-ex2,Eating too much sweet candy might cause a toothache.,吃太多甜糖果可能會導致牙痛。,toothache,legacy_review_required,,,toothache,,,,
passport-headache,headache,passport-headache,頭痛,Health,8,passport-headache-ex1,My mother has a bad headache today.,我媽媽今天頭痛得很厲害。,headache,legacy_review_required,passport-headache-ex2,Drinking cold water too quickly might give you a headache.,冰水喝太快可能會讓你頭痛。,headache,legacy_review_required,,,headache,,,,
junior-key,key,junior-key,鑰匙/關鍵,House,1,junior-key-ex1,I cannot find the key to my bedroom door.,我找不到我臥室門的鑰匙。,key,legacy_review_required,junior-key-ex2,He keeps the classroom key in his pencil case.,他把教室的鑰匙收在筆袋裡。,key,legacy_review_required,,,key,,,,
passport-fan,fan,passport-fan,風扇/電風扇/迷,House,1,passport-fan-ex1,"Please turn on the fan, the classroom is hot.",請打開電風扇，教室很熱。,fan,legacy_review_required,passport-fan-ex2,Please turn on the electric fan to cool down the room.,請打開電風扇讓房間涼快一下。,fan,legacy_review_required,,,fan,,,,
elementary-bed,bed,elementary-bed,床,House,1,elementary-bed-ex1,"It is time to go to bed; goodnight, children.",該去睡覺了；晚安，孩子們。,bed,legacy_review_required,elementary-bed-ex2,I jumped onto my soft bed and felt very relaxed.,我跳上柔軟的床，感到非常放鬆。,bed,legacy_review_required,,,bed,,,,
junior-house,house,junior-house,房子/住宅,House,5,junior-house-ex1,They live in a beautiful house with a garden.,他們住在一棟帶花園的美麗房子裡。,house,legacy_review_required,junior-house-ex2,My family lives in a cozy house near the school.,我們家住在學校附近的一間溫馨房子裡。,house,legacy_review_required,,,house,,,,
junior-wall,wall,junior-wall,牆壁/圍牆,House,3,junior-wall-ex1,We hung a big map of Taiwan on the classroom wall.,我們在教室的牆上掛了一幅台灣大地圖。,wall,legacy_review_required,junior-wall-ex2,We hung our class paintings on the classroom wall.,我們把我們班的畫掛在教室牆壁上。,wall,legacy_review_required,,,wall,,,,
passport-mop,mop,passport-mop,拖把/拖地,House,1,passport-mop-ex1,Use the clean mop to clean the kitchen floor.,用乾淨的拖把來清潔廚房地板。,mop,legacy_review_required,passport-mop-ex2,Please use a mop to clean the dirty floor.,請用拖把清理骯髒的地板。,mop,legacy_review_required,,,mop,,,,
junior-door,door,junior-door,門,House,2,junior-door-ex1,Please close the door behind you when you leave.,你離開時請隨手關門。,door,legacy_review_required,junior-door-ex2,Please close the door quietly when you leave.,你離開時請輕輕關上門。,door,legacy_review_required,,,door,,,,
passport-lamp,lamp,passport-lamp,燈/檯燈,House,3,passport-lamp-ex1,He reads a book under the bright desk lamp.,他在明亮的檯燈下看書。,lamp,legacy_review_required,passport-lamp-ex2,I turn on the desk lamp when I read at night.,我晚上讀書時會打開檯燈。,lamp,legacy_review_required,,,lamp,,,,
passport-sweep,sweep,passport-sweep,掃/打掃/掃除,Actions,4,passport-sweep-ex1,Please help me sweep the leaves on the ground.,請幫我掃地上的樹葉。,sweep,legacy_review_required,passport-sweep-ex2,We sweep the classroom floor together after school.,放學後我們一起打掃教室地板。,sweep,legacy_review_required,,,sweep,,,,
junior-wash,wash,junior-wash,清洗/洗,Actions,3,junior-wash-ex1,You should wash your hands before eating dinner.,你在吃晚餐前應該要洗手。,wash,legacy_review_required,junior-wash-ex2,We wash our hands before eating lunch at school.,我們在學校吃午餐前會洗手。,wash,legacy_review_required,,,wash,,,,
elementary-home,home,elementary-home,家/在家,House,5,elementary-home-ex1,I will stay at home and watch TV tonight.,我今天晚上會待在家裡看電視。,home,legacy_review_required,elementary-home-ex2,Going home to eat dinner with family is very warm.,回家和家人一起吃晚餐是非常溫馨的。,home,legacy_review_required,,,home,,,,
junior-table,table,junior-table,桌子/餐桌,House,6,junior-table-ex1,We put the vase of flowers on the wooden table.,我們把花瓶放在木桌上。,table,legacy_review_required,junior-table-ex2,Please help set the dining table before dinner.,請在晚餐前幫忙擺餐桌。,table,legacy_review_required,,,table,,,,
passport-towel,towel,passport-towel,毛巾/手巾,House,6,passport-towel-ex1,Dry your face with a clean and soft towel.,用乾淨又柔軟的毛巾擦乾你的臉。,towel,legacy_review_required,passport-towel-ex2,Dry your wet face with a clean soft towel.,用乾淨柔軟的毛巾擦乾你那濕漉漉的臉。,towel,legacy_review_required,,,towel,,,,
junior-floor,floor,junior-floor,地板/樓層,House,4,junior-floor-ex1,The clean floor is too slippery; walk carefully.,乾淨的地板太滑了，走路請小心。,floor,legacy_review_required,junior-floor-ex2,Keep your books off the floor and on your desk.,把你的書從地板上拿起來放在書桌上。,floor,legacy_review_required,,,floor,,,,
passport-shelf,shelf,passport-shelf,書架/架子,House,4,passport-shelf-ex1,I put my new books back onto the bookshelf.,我把我的新書放回書架上。,shelf,legacy_review_required,passport-shelf-ex2,Please put the storybook back on the wooden shelf.,請把故事書放回木架/書架上。,shelf,legacy_review_required,,,shelf,,,,
passport-garden,garden,passport-garden,花園/園地,House,6,passport-garden-ex1,Grandpa grows sweet red strawberries in his garden.,爺爺在他的花園裡種植甜甜的紅草莓。,garden,legacy_review_required,passport-garden-ex2,The school garden has many colorful flowers.,學校花園裡有許多色彩繽紛的花朵。,garden,legacy_review_required,,,garden,,,,
passport-shower,shower,passport-shower,陣雨/淋浴,House,7,passport-shower-ex1,I take a warm shower after playing basketball.,我打完籃球後會洗個熱水澡。,shower,legacy_review_required,passport-shower-ex2,A quick summer shower cooled down the hot streets.,一場短暫的夏日陣雨讓發熱的街道降溫了。,shower,legacy_review_required,,,shower,,,,
elementary-tv,TV,elementary-tv,電視/電視機,House,11,elementary-tv-ex1,We watched an interesting science show on TV.,我們在電視上觀看了一個有趣的科學節目。,TV,legacy_review_required,elementary-tv-ex2,Our parents allow us to watch TV for thirty minutes.,我父母允許我們看三十分鐘的電視。,TV,legacy_review_required,,,TV,,,,
junior-computer,computer,junior-computer,電腦,House,8,junior-computer-ex1,We use the computer to look up English words.,我們使用電腦來查詢英文單字。,computer,legacy_review_required,junior-computer-ex2,We learn how to type on the computer in class.,我們在課堂上學習如何在電腦上打字。,computer,legacy_review_required,,,computer,,,,
passport-refrigerator,refrigerator,passport-refrigerator,冰箱,House,8,passport-refrigerator-ex1,Keep the fresh milk and cheese in the refrigerator.,把新鮮牛奶和起司保存在冰箱裡。,refrigerator,legacy_review_required,passport-refrigerator-ex2,Put the fresh milk back in the refrigerator to keep it cool.,把鮮牛奶放回冰箱以保持冰涼。,refrigerator,legacy_review_required,,,refrigerator,,,,
junior-clean,clean,junior-clean,乾淨的/清潔/打掃,Adjectives,4,junior-clean-ex1,Please help me clean the dirty windows this afternoon.,今天下午請幫我清潔髒窗戶。,clean,legacy_review_required,junior-clean-ex2,We must clean our study desks before we go home.,我們回家前必須打掃乾淨我們的書桌。,clean,legacy_review_required,,,clean,,,,
elementary-bedroom,bedroom,elementary-bedroom,臥室/臥房,House,7,elementary-bedroom-ex1,My bedroom has a small desk and a warm bed.,我的臥室有一張小書桌和一張溫暖的床。,bedroom,legacy_review_required,elementary-bedroom-ex2,I sleep peacefully in my quiet bedroom.,我在安靜的臥室裡安穩地睡覺。,bedroom,legacy_review_required,,,bedroom,,,,
passport-dining,dining,passport-dining,用餐/進餐,House,6,passport-dining-ex1,The family had dinner together in the dining room.,全家人在餐廳一起吃晚餐。,dining,legacy_review_required,passport-dining-ex2,We gathered in the dining area to share the food.,我們在用餐區聚集分享食物。,dining,legacy_review_required,,,dining,,,,
passport-room,room,passport-room,房間/空間,House,3,passport-room-ex1,Our living room is very bright and cozy.,我們的客廳非常明亮而且溫馨。,room,legacy_review_required,passport-room-ex2,My room has a soft bed and a tidy bookshelf.,我的房間有一張柔軟的床和整齊的書架。,room,legacy_review_required,,,room,,,,
junior-buy,buy,junior-buy,購買/買,Actions,1,junior-buy-ex1,I want to buy a new box of crayons.,我想買一盒新的蠟筆。,buy,legacy_review_required,junior-buy-ex2,I want to buy a new pencil case at the shop.,我想在商店買一個新的筆袋。,buy,legacy_review_required,,,buy,,,,
junior-free,free,junior-free,免費的/自由的/空閒的,Money,2,junior-free-ex1,Children under six can enter the zoo for free.,六歲以下的孩子可以免費進入動物園。,free,legacy_review_required,junior-free-ex2,You are free to join our English game club.,你可以自由加入我們的英文遊戲社團。,free,legacy_review_required,,,free,,,,
junior-money,money,junior-money,錢/貨幣,Money,6,junior-money-ex1,She saved some money to buy a storybook.,她存了一些錢來買一本故事書。,money,legacy_review_required,junior-money-ex2,Saving money helps us buy things we really need later.,存錢可以幫助我們在以後購買真正需要的東西。,money,legacy_review_required,,,money,,,,
junior-dollar,dollar,junior-dollar,元/美元,Money,6,junior-dollar-ex1,A cup of bubble tea costs fifty New Taiwan dollars.,一杯珍珠奶茶要五十元新台幣。,dollar,legacy_review_required,junior-dollar-ex2,A cup of hot tea costs one dollar at the stand.,那攤位的一杯熱茶花費一元。,dollar,legacy_review_required,,,dollar,,,,
junior-new,new,junior-new,新的,Adjectives,2,junior-new-ex1,He has a new blue schoolbag for the school year.,他新學年有一個新的藍色書包。,new,legacy_review_required,junior-new-ex2,Welcome our new classmate with a warm hello.,用溫馨的問候歡迎我們的新同學。,new,legacy_review_required,,,new,,,,
junior-number,number,junior-number,數字/號碼,Numbers,7,junior-number-ex1,Seven is my sister's favorite and lucky number.,七是我妹妹最喜歡且幸運的數字。,number,legacy_review_required,junior-number-ex2,Please write the number of students in the blank.,請在空格內寫上學生的數量。,number,legacy_review_required,,,number,,,,
junior-all,all,junior-all,全部的/所有的/全部/所有,Numbers,1,junior-all-ex1,The students in the classroom were all quiet.,教室裡的學生們全都非常安靜。,all,legacy_review_required,junior-all-ex2,All students did a wonderful job on the test today.,今天所有學生在測驗中都表現得很好。,all,legacy_review_required,,,all,,,,
junior-both,both,junior-both,兩者都/雙方的,Numbers,2,junior-both-ex1,Both of my brothers like to play basketball.,我的兩個哥哥都喜歡打籃球。,both,legacy_review_required,junior-both-ex2,Both of my dogs love to play with the ball.,我的兩隻狗都很喜歡玩這顆球。,both,legacy_review_required,,,both,,,,
junior-much,much,junior-much,許多的/非常地(加不可數),Numbers,3,junior-much-ex1,How much water should we drink every day?,我們每天應該喝多少水？,much,legacy_review_required,junior-much-ex2,Thank you very much for your kind help.,非常感謝你親切的幫助。,much,legacy_review_required,,,much,,,,
junior-many,many,junior-many,許多的/很多的,Numbers,5,junior-many-ex1,How many students are there in your class?,你們班上有多少位學生？,many,legacy_review_required,junior-many-ex2,There are many tall trees in our school playground.,我們學校操場上有許多高樹。,many,legacy_review_required,,,many,,,,
passport-more,more,passport-more,更多的/較多的/更,Numbers,5,passport-more-ex1,I want to read more books during the holiday.,我希望在假期期間讀更多的書。,more,legacy_review_required,passport-more-ex2,Reading more books can help you learn new words.,多讀書可以幫助你學習新單字。,more,legacy_review_required,,,more,,,,
junior-some,some,junior-some,一些的/一些/某些,Numbers,5,junior-some-ex1,My mom prepared some fresh fruits for us.,我媽媽為我們準備了一些新鮮水果。,some,legacy_review_required,junior-some-ex2,"Can you give me some paper to write on, please?",請給我一些紙寫字好嗎？,some,legacy_review_required,,,some,,,,
passport-first,first,passport-first,第一/首先/第一的,Numbers,4,passport-first-ex1,He won the first prize in the English speaking contest.,他在英語演講比賽中贏得了一等獎。,first,legacy_review_required,passport-first-ex2,Safety first is our number one rule when hiking.,健行時，安全第一是我們的首要規則。,first,legacy_review_required,,,first,,,,
passport-second,second,passport-second,第二/秒/第二的,Numbers,7,passport-second-ex1,This is the second time I visit this beautiful museum.,這是我第二次造訪這座美麗的博物館。,second,legacy_review_required,passport-second-ex2,February is the second month of the year.,二月是一年中的第二個月份。,second,legacy_review_required,,,second,,,,
passport-third,third,passport-third,第三/第三的,Numbers,4,passport-third-ex1,Her classroom is on the third floor of the school.,她的教室在學校的三樓。,third,legacy_review_required,passport-third-ex2,He got the third place in the running race.,他在跑步比賽中得到了第三名。,third,legacy_review_required,,,third,,,,
junior-last,last,junior-last,最後的/持續/上一個,Numbers,3,junior-last-ex1,December is the last month of the year.,十二月是一年中的最後一個月。,last,legacy_review_required,junior-last-ex2,This is the last question of our daily challenge.,這是我們每日挑戰的最後一個問題。,last,legacy_review_required,,,last,,,,
passport-job,job,passport-job,工作/職務,Occupations,1,passport-job-ex1,A teacher's job is to help students learn.,老師的工作是幫助學生學習。,job,legacy_review_required,passport-job-ex2,Doing my school job well makes me feel proud.,做好我的學校工作讓我感到自豪。,job,legacy_review_required,,,job,,,,
junior-work,work,junior-work,工作/勞作,Occupations,4,junior-work-ex1,Our parents work hard to take care of the family.,我們的父母努力工作以照顧家庭。,work,legacy_review_required,junior-work-ex2,My parents go to work early in the morning.,我父母早上很早去工作。,work,legacy_review_required,,,work,,,,
passport-worker,worker,passport-worker,工人/工作者,Occupations,7,passport-worker-ex1,The factory workers wear blue uniforms and helmets.,工廠工人穿著藍色制服戴安全帽。,worker,legacy_review_required,passport-worker-ex2,The construction worker wears a orange helmet.,建築工人戴著橘色的安全帽。,worker,legacy_review_required,,,worker,,,,
passport-actor,actor,passport-actor,男演員/演員,Occupations,5,passport-actor-ex1,He wants to be a famous movie actor when he grows up.,他長大後想成為一名著名的電影演員。,actor,legacy_review_required,passport-actor-ex2,The actor played the hero in the movie.,那位男演員在電影裡扮演英雄。,actor,legacy_review_required,,,actor,,,,
passport-actress,actress,passport-actress,女演員,Occupations,7,passport-actress-ex1,The actress wore a beautiful red dress on stage.,這位女演員在舞台上穿著一件美麗的紅洋裝。,actress,legacy_review_required,passport-actress-ex2,She wants to be a famous actress when she grows up.,她長大後想成為一名著名的女演員。,actress,legacy_review_required,,,actress,,,,
junior-singer,singer,junior-singer,歌手/歌唱家,Occupations,7,junior-singer-ex1,The young singer has a very beautiful voice.,這位年輕的歌手擁有非常美麗的嗓音。,singer,legacy_review_required,junior-singer-ex2,The popular singer sang a beautiful song at the concert.,那位受歡迎的歌手在演唱會上唱了一首美麗的歌。,singer,legacy_review_required,,,singer,,,,
junior-driver,driver,junior-driver,司機/駕駛,Occupations,6,junior-driver-ex1,The bus driver is very polite and always smiles.,這位公車司機非常禮貌而且總是微笑。,driver,legacy_review_required,junior-driver-ex2,Our school bus driver is very safe and friendly.,我們校車司機開車非常安全且親切。,driver,legacy_review_required,,,driver,,,,
passport-farmer,farmer,passport-farmer,農夫/農民,Occupations,6,passport-farmer-ex1,The farmer grows fresh vegetables and rice on his farm.,農夫在他的農場上種植新鮮蔬菜和稻米。,farmer,legacy_review_required,passport-farmer-ex2,The farmer grows sweet fruit and fresh vegetables.,農夫種植甜美的水果和新鮮的蔬菜。,farmer,legacy_review_required,,,farmer,,,,
passport-mailman,mailman,passport-mailman,郵差/信差,Occupations,7,passport-mailman-ex1,The mailman delivered a package to our house yesterday.,郵差昨天送了一個包裹到我們家。,mailman,legacy_review_required,passport-mailman-ex2,The mailman delivered a letter to my grandmother today.,郵差今天送了一封信給我祖母。,mailman,legacy_review_required,,,mailman,,,,
passport-waiter,waiter,passport-waiter,男服務生/侍者,Occupations,7,passport-waiter-ex1,The waiter in the restaurant is very helpful.,這家餐廳的服務生非常熱心。,waiter,legacy_review_required,passport-waiter-ex2,The friendly waiter brought us a glass of cold water.,友善的男服務生給我們倒了一杯冰水。,waiter,legacy_review_required,,,waiter,,,,
passport-waitress,waitress,passport-waitress,女服務生/女侍,Occupations,7,passport-waitress-ex1,The waitress served us hot corn soup and bread.,女服務生為我們端來熱玉米濃湯和麵包。,waitress,legacy_review_required,passport-waitress-ex2,The waitress is serving hot soup to the customers.,女服務生正在給顧客端上熱湯。,waitress,legacy_review_required,,,waitress,,,,
passport-soldier,soldier,passport-soldier,軍人/士兵,Occupations,7,passport-soldier-ex1,The brave soldiers protect their country and people.,勇敢的士兵們保護他們的國家和人民。,soldier,legacy_review_required,passport-soldier-ex2,The brave soldier protects our country from danger.,勇敢的軍人保護我們的國家免受危險。,soldier,legacy_review_required,,,soldier,,,,
passport-police-officer,police officer,passport-police-officer,警察/警官,Occupations,8,passport-police-officer-ex1,The police officer helped the lost boy find his mother.,警察幫助迷路的小男孩找到了他的媽媽。,police officer,legacy_review_required,passport-police-officer-ex2,The police officer guided the children across the street.,警察引導孩子們過馬路。,police officer,legacy_review_required,,,police officer,,,,
junior-hair,hair,junior-hair,頭髮/毛髮,Body,3,junior-hair-ex1,Her sister has long black hair and big eyes.,她姐姐有長長的黑髮和大眼睛。,hair,legacy_review_required,junior-hair-ex2,My mother washes her long hair every evening.,我媽媽每天晚上洗她的長髮。,hair,legacy_review_required,,,hair,,,,
junior-face,face,junior-face,臉/面孔,Body,5,junior-face-ex1,Remember to wash your face every morning.,記得每天早上洗臉。,face,legacy_review_required,junior-face-ex2,She has a big smile on her face when she draws.,她畫畫時臉上帶著燦爛的笑容。,face,legacy_review_required,,,face,,,,
elementary-nose,nose,elementary-nose,鼻子,Body,5,elementary-nose-ex1,My nose is red because I have a cold.,因為感冒，我的鼻子紅紅的。,nose,legacy_review_required,elementary-nose-ex2,My dog has a black nose and a warm tail.,我的狗有著黑鼻子和溫暖的尾巴。,nose,legacy_review_required,,,nose,,,,
elementary-ear,ear,elementary-ear,耳朵,Body,1,elementary-ear-ex1,We have two ears to listen to beautiful music.,我們有兩隻耳朵來聽美妙的音樂。,ear,legacy_review_required,elementary-ear-ex2,A rabbit has long ears to hear tiny sounds.,兔子長著長耳朵來聆聽微弱的聲音。,ear,legacy_review_required,,,ear,,,,
elementary-mouth,mouth,elementary-mouth,嘴巴/口,Body,4,elementary-mouth-ex1,Open your mouth and show me your white teeth.,張開你的嘴，讓我看看你白白的牙齒。,mouth,legacy_review_required,elementary-mouth-ex2,Please open your mouth and drink some warm water.,請張開嘴巴喝些溫開水。,mouth,legacy_review_required,,,mouth,,,,
passport-tooth,tooth,passport-tooth,牙齒(單數),Body,4,passport-tooth-ex1,He lost a baby tooth and put it under his pillow.,他掉了一顆乳牙，把它放在枕頭底下。,tooth,legacy_review_required,passport-tooth-ex2,I brush my teeth and wash my face before sleep.,我睡前刷牙洗臉。,tooth,legacy_review_required,,,tooth,,,,
junior-leg,leg,junior-leg,腿/下肢,Body,1,junior-leg-ex1,Flamingos stand on one leg when they sleep.,紅鶴睡覺時只用一隻腳站立。,leg,legacy_review_required,junior-leg-ex2,A hippo has short legs but can walk fast in water.,河馬的腿很短，但牠在水裡能走得很快。,leg,legacy_review_required,,,leg,,,,
passport-teeth,teeth,passport-teeth,牙齒(複數),Body,4,passport-teeth-ex1,You should brush your teeth at least twice a day.,你每天應該至少刷牙兩次。,teeth,legacy_review_required,passport-teeth-ex2,We must brush our teeth twice a day.,我們每天必須刷牙兩次。,teeth,legacy_review_required,,,teeth,,,,
passport-feet,feet,passport-feet,腳(複數)/英尺,Body,2,passport-feet-ex1,He washed his dirty feet after playing in the mud.,他在泥巴裡玩耍後洗了乾淨髒腳。,feet,legacy_review_required,passport-feet-ex2,Wipe your wet feet on the rug before entering.,進門前先在毯子上擦乾你的濕腳。,feet,legacy_review_required,,,feet,,,,
passport-back,back,passport-back,背部/後面/返回,Body,2,passport-back-ex1,Please write your name on the back of the paper.,請在紙的背面寫下你的名字。,back,legacy_review_required,passport-back-ex2,We carry our heavy bags on our backs to school.,我們背著重重的書包上學。,back,legacy_review_required,,,back,,,,
passport-person,person,passport-person,人(單數),People,7,passport-person-ex1,Each person in our class must prepare a short story.,我們班上的每個人都必須準備一個短篇故事。,person,legacy_review_required,passport-person-ex2,Benson is a very kind and friendly person.,班森是一個非常親切且友善的人。,person,legacy_review_required,,,person,,,,
junior-people,people,junior-people,人們/人(複數),People,7,junior-people-ex1,Many people go to the park to practice Tai Chi.,許多人去公園練習太極拳。,people,legacy_review_required,junior-people-ex2,Many people in the park are flying colorful kites.,公園裡的許多人正在放彩色的風箏。,people,legacy_review_required,,,people,,,,
passport-baby,baby,passport-baby,嬰兒/寶貝,People,5,passport-baby-ex1,The sweet baby fell asleep in her mother's arms.,可愛的嬰兒在媽媽的懷抱裡睡著了。,baby,legacy_review_required,passport-baby-ex2,The baby puppy is sleeping quietly in the basket.,幼犬寶寶在籃子裡安靜地睡覺。,baby,legacy_review_required,,,baby,,,,
passport-kid,kid,passport-kid,小孩/開玩笑,People,1,passport-kid-ex1,The kids are playing hide-and-seek under the tree.,孩子們正樹底下玩捉迷藏。,kid,legacy_review_required,passport-kid-ex2,Every kid loves to play games on the playground.,每個小孩都喜歡在操場上玩遊戲。,kid,legacy_review_required,,,kid,,,,
elementary-boy,boy,elementary-boy,男孩,People,1,elementary-boy-ex1,The boy over there is my brother's classmate.,那邊那個男孩是我哥哥的同學。,boy,legacy_review_required,elementary-boy-ex2,The active boy jumped high to catch the basketball.,那個活潑的男孩跳得很高去接籃球。,boy,legacy_review_required,,,boy,,,,
elementary-girl,girl,elementary-girl,女孩,People,3,elementary-girl-ex1,The young girl wore a pink hat to school.,這個年輕的女孩戴著粉紅色的帽子去上學。,girl,legacy_review_required,elementary-girl-ex2,She is a smart girl who always does her homework.,她是一個總是寫作業的聰明女孩。,girl,legacy_review_required,,,girl,,,,
junior-woman,woman,junior-woman,女人/婦女(單數),People,6,junior-woman-ex1,A kind woman helped me find the train station.,一位好心的女士幫我找到了火車站。,woman,legacy_review_required,junior-woman-ex2,The woman standing next to the door is our teacher.,站在門旁邊的那位女士/婦女是我們的老師。,woman,legacy_review_required,,,woman,,,,
passport-women,women,passport-women,女人/婦女(複數),People,6,passport-women-ex1,The two women are talking near the flower shop.,這兩位女士正在花店附近說話。,women,legacy_review_required,passport-women-ex2,Three women walked into the library together.,三位女士/婦女一起走進了圖書館。,women,legacy_review_required,,,women,,,,
junior-bad,bad,junior-bad,壞的/不好的/嚴重的,Personal,1,junior-bad-ex1,Eating too much candy is bad for your teeth.,吃太多糖果對你的牙齒不好。,bad,legacy_review_required,junior-bad-ex2,Eating too much salt is bad for your health.,吃太多鹽對你的健康不好。,bad,legacy_review_required,,,bad,,,,
junior-good,good,junior-good,好的/優秀的,Personal,3,junior-good-ex1,It is a good habit to wash hands before meals.,飯前洗手是個好習慣。,good,legacy_review_required,junior-good-ex2,Reading is a good habit that helps us learn.,讀書是一個能幫助我們學習的好習慣。,good,legacy_review_required,,,good,,,,
passport-nice,nice,passport-nice,親切的/友善的/美好的,Personal,5,passport-nice-ex1,We had a very nice trip to the zoo yesterday.,我們昨天去動物園玩得很愉快。,nice,legacy_review_required,passport-nice-ex2,It is nice of you to share your drawing crayons.,你真好，願意分享你的繪圖蠟筆。,nice,legacy_review_required,,,nice,,,,
passport-lazy,lazy,passport-lazy,懶惰的,Personal,5,passport-lazy-ex1,The lazy dog did not want to go out for a walk.,這隻懶惰的狗不想出去散步。,lazy,legacy_review_required,passport-lazy-ex2,Do not be lazy; keep working on your dreams.,不要懶惰，為你的夢想努力奮鬥吧。,lazy,legacy_review_required,,,lazy,,,,
junior-cute,cute,junior-cute,可愛的,Personal,5,junior-cute-ex1,Look at that cute rabbit eating a fresh carrot.,看那隻正在吃新鮮胡蘿蔔的可愛兔子。,cute,legacy_review_required,junior-cute-ex2,The cute koala is sleeping in the eucalyptus tree.,可愛的無尾熊正在尤加利樹上睡覺。,cute,legacy_review_required,,,cute,,,,
passport-smart,smart,passport-smart,聰明的/時髦的,Personal,4,passport-smart-ex1,The smart dolphin can do tricks with a ball.,這隻聰明的海豚會用球做特技。,smart,legacy_review_required,passport-smart-ex2,A smart dog can learn many tricks from its owner.,聰明的狗可以從主人那裡學會很多把戲。,smart,legacy_review_required,,,smart,,,,
junior-old,old,junior-old,老的/舊的/年老的,Personal,2,junior-old-ex1,Our school has a very old eucalypt tree.,我們學校有一棵非常古老的尤加利樹。,old,legacy_review_required,junior-old-ex2,I found an old map of our school in the library.,我在圖書館找到了一張我們學校的舊地圖。,old,legacy_review_required,,,old,,,,
elementary-tall,tall,elementary-tall,高的(高聳的),Personal,3,elementary-tall-ex1,He is very tall and plays basketball very well.,他很高，而且籃球打得很好。,tall,legacy_review_required,elementary-tall-ex2,Giraffes are the tallest animals on land.,長頸鹿是陸地上最高的動物。,tall,legacy_review_required,,,tall,,,,
elementary-short,short,elementary-short,矮的/短的,Sizes & measurements,4,elementary-short-ex1,She wrote a short story about her friendly pet.,她寫了一個關於她友好寵物的短篇故事。,short,legacy_review_required,elementary-short-ex2,He wrote a short English paragraph in his notebook.,他在筆記本上寫了一段簡短的英文。,short,legacy_review_required,,,short,,,,
elementary-thin,thin,elementary-thin,薄的/瘦的/稀薄的,Personal,3,elementary-thin-ex1,"The cat looks thin, so we should feed it.",這隻貓看起來很瘦，我們應該餵牠。,thin,legacy_review_required,elementary-thin-ex2,A thin sheet of paper can still contain great ideas.,薄薄的一張紙仍然可以寫下偉大的想法。,thin,legacy_review_required,,,thin,,,,
junior-heavy,heavy,junior-heavy,重的/沉重的/大量的,Personal,5,junior-heavy-ex1,The heavy box is full of English textbooks.,這個重箱子裝滿了英文教科書。,heavy,legacy_review_required,junior-heavy-ex2,The heavy rain caused some small water pools on the playground.,大雨在操場上造成了一些小水窪。,heavy,legacy_review_required,,,heavy,,,,
passport-pretty,pretty,passport-pretty,漂亮的/相當,Personal,7,passport-pretty-ex1,She bought a pretty pink dress for the party.,她為派對買了一件漂亮的粉紅色洋裝。,pretty,legacy_review_required,passport-pretty-ex2,She painted a pretty butterfly on the card.,她在卡片上畫了一隻漂亮的蝴蝶。,pretty,legacy_review_required,,,pretty,,,,
passport-angry,angry,passport-angry,生氣的/憤怒的,Personal,5,passport-angry-ex1,My mom was angry because I broke the window.,我媽媽很生氣，因為我打破了窗戶。,angry,legacy_review_required,passport-angry-ex2,He was angry with himself for making a silly mistake.,他因為犯了一個愚蠢的錯誤而生氣。,angry,legacy_review_required,,,angry,,,,
passport-mad,mad,passport-mad,生氣的/發瘋的,Personal,1,passport-mad-ex1,Dad got mad when he saw the dirty kitchen floor.,爸爸看到髒亂的廚房地板時變得很生氣。,mad,legacy_review_required,passport-mad-ex2,Please do not be mad; let's talk and resolve it.,請不要生氣，讓我們談談並解決它。,mad,legacy_review_required,,,mad,,,,
passport-excited,excited,passport-excited,興奮的/激動的,Personal,8,passport-excited-ex1,The students are excited about the school trip.,學生們對學校旅行感到很興奮。,excited,legacy_review_required,passport-excited-ex2,The students were excited about the field trip.,學生們對戶外教學感到非常興奮。,excited,legacy_review_required,,,excited,,,,
passport-bored,bored,passport-bored,感到無聊的/無趣的,Personal,5,passport-bored-ex1,I felt bored because the movie was too long.,我感到很無聊，因為電影太長了。,bored,legacy_review_required,passport-bored-ex2,"I felt bored, so I went out to play basketball.",我感到無聊，所以出去打籃球。,bored,legacy_review_required,,,bored,,,,
passport-there,there,passport-there,那裡/那兒,Place,6,passport-there-ex1,Look! There is a beautiful rainbow in the sky.,看！天空有一道美麗的彩虹。,there,legacy_review_required,passport-there-ex2,Look at that tall tree over there; a little bird is singing.,看那邊那棵高樹，有一隻小鳥在唱歌。,there,legacy_review_required,,,there,,,,
junior-left,left,junior-left,左邊/左方的/留下,Place,3,junior-left-ex1,Please turn left at the next street corner.,請在下一個路口往左轉。,left,legacy_review_required,junior-left-ex2,There are only three apples left in the basket.,籃子裡只剩下三個蘋果了。,left,legacy_review_required,,,left,,,,
junior-right,right,junior-right,右邊/右方的/正確的,Place,4,junior-right-ex1,He wrote down the answer with his right hand.,他用右手寫下答案。,right,legacy_review_required,junior-right-ex2,Turn right at the bookstore to find the playground.,在書店右轉即可找到操場。,right,legacy_review_required,,,right,,,,
junior-here,here,junior-here,這裡/這兒,Place,5,junior-here-ex1,Come here and look at this funny picture.,過來這裡看這張有趣的圖片。,here,legacy_review_required,junior-here-ex2,Please sit here next to me and share the book.,請坐在我旁邊，一起分享這本書。,here,legacy_review_required,,,here,,,,
passport-bank,bank,passport-bank,銀行/河岸,Place,2,passport-bank-ex1,My mother works as a teller in a bank.,我媽媽在銀行擔任櫃檯人員。,bank,legacy_review_required,passport-bank-ex2,My mother went to the bank to save some money.,我媽媽去銀行存了一些錢。,bank,legacy_review_required,,,bank,,,,
elementary-park,park,elementary-park,公園/停車,Place,3,elementary-park-ex1,We love to play soccer in the park on weekends.,我們週末喜歡在公園踢足球。,park,legacy_review_required,elementary-park-ex2,Let's fly our new kites in the park this weekend.,這個週末我們去公園放我們的新風箏吧。,park,legacy_review_required,,,park,,,,
elementary-zoo,zoo,elementary-zoo,動物園,Place,2,elementary-zoo-ex1,We saw many wild animals at the Taipei zoo.,我們在台北動物園看到了許多野生動物。,zoo,legacy_review_required,elementary-zoo-ex2,We can see monkeys climbing trees at the zoo.,我們可以在動物園看到猴子爬樹。,zoo,legacy_review_required,,,zoo,,,,
junior-shop,shop,junior-shop,商店/購物,Place,3,junior-shop-ex1,She bought some cute pencil cases in the shop.,她在商店裡買了一些可愛的筆袋。,shop,legacy_review_required,junior-shop-ex2,My sister likes to shop for cute stickers at the bookstore.,我妹妹喜歡去書店購買可愛的貼紙。,shop,legacy_review_required,,,shop,,,,
passport-store,store,passport-store,商店/儲存,Place,6,passport-store-ex1,The toy store is closed on Monday morning.,這家玩具店在星期一早上休息。,store,legacy_review_required,passport-store-ex2,We bought fresh milk at the corner grocery store.,我們在轉角的雜貨店買了新鮮牛奶。,store,legacy_review_required,,,store,,,,
elementary-bookstore,bookstore,elementary-bookstore,書店,Place,8,elementary-bookstore-ex1,I bought this English dictionary from the bookstore.,我從書店買了這本英文字典。,bookstore,legacy_review_required,elementary-bookstore-ex2,I found an interesting book about stars at the bookstore.,我在書店找到一本關於星星的有趣書籍。,bookstore,legacy_review_required,,,bookstore,,,,
passport-market,market,passport-market,市場/超市,Place,7,passport-market-ex1,Grandma bought fresh vegetables at the morning market.,阿嬤在早市買了新鮮蔬菜。,market,legacy_review_required,passport-market-ex2,The farmer sells fresh red apples in the morning market.,農夫在早市販賣新鮮的紅蘋果。,market,legacy_review_required,,,market,,,,
junior-office,office,junior-office,辦公室,Place,8,junior-office-ex1,The principal is working in his school office.,校長正在他的學校辦公室裡工作。,office,legacy_review_required,junior-office-ex2,Please deliver this message to the teacher's office.,請把這個消息送到教師辦公室。,office,legacy_review_required,,,office,,,,
passport-post-office,post office,passport-post-office,郵局,Places,8,passport-post-office-ex1,He went to the post office to mail a letter.,他去郵局寄信。,post office,legacy_review_required,passport-post-office-ex2,I bought some beautiful stamps at the post office.,我在郵局買了一些美麗的郵票。,post office,legacy_review_required,,,post office,,,,
passport-restroom,restroom,passport-restroom,洗手間/廁所,Places,7,passport-restroom-ex1,"Excuse me, where is the restroom in this library?",不好意思，這家圖書館的廁所在哪裡？,restroom,legacy_review_required,passport-restroom-ex2,Please wash your hands when you leave the restroom.,離開洗手間時請洗手。,restroom,legacy_review_required,,,restroom,,,,
passport-restaurant,restaurant,passport-restaurant,餐廳/餐館,Places,8,passport-restaurant-ex1,We had a delicious dinner at the Italian restaurant.,我們在義大利餐廳吃了一頓美味的晚餐。,restaurant,legacy_review_required,passport-restaurant-ex2,We sat together to enjoy a warm dinner at the restaurant.,我們在餐廳裡坐在一起享用溫馨的晚餐。,restaurant,legacy_review_required,,,restaurant,,,,
passport-museum,museum,passport-museum,博物館,Places,7,passport-museum-ex1,We learned about dinosaurs at the science museum.,我們在自然科學博物館學習了關於恐龍的知識。,museum,legacy_review_required,passport-museum-ex2,The art museum has many colorful paintings by children.,美術館/博物館裡有許多孩子們畫的彩色畫作。,museum,legacy_review_required,,,museum,,,,
junior-hospital,hospital,junior-hospital,醫院,Places,8,junior-hospital-ex1,The sick boy had to stay in the hospital.,生病的小男孩必須住在醫院裡。,hospital,legacy_review_required,junior-hospital-ex2,My father went to the hospital to visit a sick friend.,我爸爸去醫院探望一位生病的朋友。,hospital,legacy_review_required,,,hospital,,,,
passport-fire-station,fire station,passport-fire-station,消防局/消防站,Places,8,passport-fire-station-ex1,A red fire engine left the fire station quickly.,一輛紅色的消防車迅速離開了消防局。,fire station,legacy_review_required,passport-fire-station-ex2,We visited the local fire station and met the brave firefighters.,我們參觀了當地的消防局並遇到了勇敢的消防員。,fire station,legacy_review_required,,,fire station,,,,
passport-movie-theater,movie theater,passport-movie-theater,電影院,Places,8,passport-movie-theater-ex1,We watched a fun animation in the movie theater.,我們在電影院看了一部有趣的動畫片。,movie theater,legacy_review_required,passport-movie-theater-ex2,We sat together to watch a movie in the theater yesterday.,我們昨天在電影院坐在一起看電影。,movie theater,legacy_review_required,,,movie theater,,,,
passport-police-station,police station,passport-police-station,警察局/派出所,Places,8,passport-police-station-ex1,The police station is next to the post office.,警察局在郵局旁邊。,police station,legacy_review_required,passport-police-station-ex2,The police station is a safe place where police officers work.,警察局是警察工作的安全地方。,police station,legacy_review_required,,,police station,,,,
passport-department-store,department store,passport-department-store,百貨公司,Places,8,passport-department-store-ex1,Mom bought a new bag at the department store.,媽媽在百貨公司買了一個新皮包。,department store,legacy_review_required,passport-department-store-ex2,We bought a new warm coat at the department store.,我們在百貨公司買了一件新的保暖外套。,department store,legacy_review_required,,,department store,,,,
elementary-taiwan,Taiwan,elementary-taiwan,台灣/臺灣,Places,7,elementary-taiwan-ex1,Taiwan is a beautiful island with friendly people.,台灣是一個有著友善人民的美麗島嶼。,Taiwan,legacy_review_required,elementary-taiwan-ex2,Taiwan is famous for its delicious fruit and night markets.,台灣以其美味的水果和夜市而聞名。,Taiwan,legacy_review_required,,,Taiwan,,,,
passport-the-uk,the UK,passport-the-uk,英國,Places,7,passport-the-uk-ex1,London is the capital city of the UK.,倫敦是英國的首都。,the UK,legacy_review_required,passport-the-uk-ex2,He is planning to study English in the UK next year.,他計劃明年去英國學習英文。,the UK,legacy_review_required,,,the UK,,,,
passport-the-usa,the USA,passport-the-usa,美國,Places,8,passport-the-usa-ex1,My uncle lives in California in the USA.,我叔叔住在美國的加州。,the USA,legacy_review_required,passport-the-usa-ex2,We want to visit the Grand Canyon in the USA.,我們想去參觀美國的大峽谷。,the USA,legacy_review_required,,,the USA,,,,
passport-germany,Germany,passport-germany,德國,Place,8,passport-germany-ex1,Germany is famous for its fast cars and forests.,德國以跑車和森林聞名。,Germany,legacy_review_required,passport-germany-ex2,My uncle sent me a beautiful toy car from Germany.,我叔叔從德國寄給我一輛漂亮的玩具車。,Germany,legacy_review_required,,,Germany,,,,
passport-france,France,passport-france,法國,Place,6,passport-france-ex1,They plan to visit Paris in France next summer.,他們計劃明年夏天訪問法國的巴黎。,France,legacy_review_required,passport-france-ex2,The Eiffel Tower is a very famous landmark in France.,艾菲爾鐵塔是法國非常著名的地標。,France,legacy_review_required,,,France,,,,
passport-japan,Japan,passport-japan,日本,Place,5,passport-japan-ex1,We ate delicious sushi during our trip to Japan.,我們在日本旅行期間吃了美味的壽司。,Japan,legacy_review_required,passport-japan-ex2,Cherry blossoms are very beautiful in Japan during spring.,春天時日本的櫻花非常美麗。,Japan,legacy_review_required,,,Japan,,,,
passport-korea,Korea,passport-korea,韓國/南韓,Place,6,passport-korea-ex1,K-pop music is very popular in Korea and Taiwan.,韓國流行音樂在韓國和台灣非常流行。,Korea,legacy_review_required,passport-korea-ex2,My aunt taught me how to make traditional food from Korea.,我阿姨教我如何做韓國傳統食物。,Korea,legacy_review_required,,,Korea,,,,
passport-philippines,Philippines,passport-philippines,菲律賓,Place,8,passport-philippines-ex1,The Philippines consists of many beautiful tropical islands.,菲律賓由許多美麗的熱帶島嶼組成。,Philippines,legacy_review_required,passport-philippines-ex2,My cousin went to the Philippines for a beach holiday.,我堂哥去菲律賓進行海灘度假。,Philippines,legacy_review_required,,,Philippines,,,,
passport-vietnam,Vietnam,passport-vietnam,越南,Place,7,passport-vietnam-ex1,Vietnamese noodle soup tastes very fresh and delicious.,越南河粉湯喝起來非常清鮮美味。,Vietnam,legacy_review_required,passport-vietnam-ex2,He bought a traditional hat from Vietnam as a gift.,他買了一個越南傳統帽子作為禮物。,Vietnam,legacy_review_required,,,Vietnam,,,,
passport-india,India,passport-india,印度,Place,5,passport-india-ex1,Taj Mahal is a very famous monument in India.,泰姬瑪哈陵是印度非常著名的古蹟。,India,legacy_review_required,passport-india-ex2,Yoga is an ancient exercise that comes from India.,瑜伽是一種源自印度的古老運動。,India,legacy_review_required,,,India,,,,
passport-singapore,Singapore,passport-singapore,新加坡,Place,8,passport-singapore-ex1,Singapore is a clean and green city-state.,新加坡是一個乾淨且綠意盎然的城市國家。,Singapore,legacy_review_required,passport-singapore-ex2,We visited the beautiful Merlion Park in Singapore.,我們參觀了新加坡美麗的魚尾獅公園。,Singapore,legacy_review_required,,,Singapore,,,,
passport-uganda,Uganda,passport-uganda,烏干達,Place,8,passport-uganda-ex1,Uganda is a beautiful country in East Africa.,烏達蘭是東非一個美麗的國家。,Uganda,legacy_review_required,passport-uganda-ex2,Lake Victoria in Uganda is the largest lake in Africa.,烏干達的維多利亞湖是非洲最大的湖泊。,Uganda,legacy_review_required,,,Uganda,,,,
passport-thailand,Thailand,passport-thailand,泰國,Place,7,passport-thailand-ex1,We saw many elephants during our visit to Thailand.,我們在泰國旅行期間看到了許多大象。,Thailand,legacy_review_required,passport-thailand-ex2,Thai food is famous for its sweet and sour tastes.,泰國食物以其酸甜味道而聞名。,Thailand,legacy_review_required,,,Thailand,,,,
passport-canada,Canada,passport-canada,加拿大,Place,8,passport-canada-ex1,Niagara Falls is located on the border of Canada.,尼加拉瀑布位於加拿大的邊界。,Canada,legacy_review_required,passport-canada-ex2,The maple leaf is the national symbol on Canada's flag.,楓葉是加拿大國旗上的國家象徵。,Canada,legacy_review_required,,,Canada,,,,
passport-italy,Italy,passport-italy,義大利,Place,8,passport-italy-ex1,Pizza and spaghetti are famous foods from Italy.,披薩和義大利麵是來自義大利的著名食物。,Italy,legacy_review_required,passport-italy-ex2,"Italy is famous for its history, art, and pizza.",義大利以其歷史、藝術和披薩而聞名。,Italy,legacy_review_required,,,Italy,,,,
elementary-school,school,elementary-school,學校,School,4,elementary-school-ex1,We go to school from Monday to Friday.,我們星期一到星期五去上學。,school,legacy_review_required,elementary-school-ex2,We walk to school together every morning.,我們每天早上一起走路去學校。,school,legacy_review_required,,,school,,,,
junior-class,class,junior-class,班級/課堂,School,4,junior-class-ex1,Please be quiet because the English class has started.,請安靜，因為英文課已經開始了。,class,legacy_review_required,junior-class-ex2,We listen patient to the teacher in class.,我們在課堂上耐心地聽老師講課。,class,legacy_review_required,,,class,,,,
passport-pe,PE,passport-pe,體育/體育課,School,1,passport-pe-ex1,We played basketball in our PE class today.,我們今天在體育課打了籃球。,PE,legacy_review_required,passport-pe-ex2,We play soccer and run races in PE class.,我們在體育課上踢足球和進行跑步比賽。,PE,legacy_review_required,,,PE,,,,
elementary-art,art,elementary-art,美勞/藝術/美術,School,1,elementary-art-ex1,I like art class because I can draw animals.,我喜歡美術課，因為我可以畫動物。,art,legacy_review_required,elementary-art-ex2,I drew a beautiful sunset during our art class.,我在美勞課上畫了一落日餘暉。,art,legacy_review_required,,,art,,,,
elementary-draw,draw,elementary-draw,畫/繪製/拉,Actions,2,elementary-draw-ex1,She loves to draw pictures of flowers and trees.,她熱愛畫花草樹木的圖片。,draw,legacy_review_required,elementary-draw-ex2,I want to draw a picture of my family.,我想畫一張我們全家人的畫。,draw,legacy_review_required,,,draw,,,,
elementary-math,math,elementary-math,數學,School,3,elementary-math-ex1,We learned how to add numbers in math class.,我們在數學課學習了如何做數字加法。,math,legacy_review_required,elementary-math-ex2,Math is a very interesting subject that helps us think.,數學是一門非常有趣的學科，能幫助我們思考。,math,legacy_review_required,,,math,,,,
elementary-music,music,elementary-music,音樂,School,6,elementary-music-ex1,We learned to play the recorder in music class.,我們在音樂課學習了吹直笛。,music,legacy_review_required,elementary-music-ex2,Listening to soft music makes me feel relaxed.,聽輕柔的音樂讓我感到放鬆。,music,legacy_review_required,,,music,,,,
elementary-english,English,elementary-english,英文/英語/英國的,School,7,elementary-english-ex1,We practice speaking English with our teacher every day.,我們每天和老師練習說英文。,English,legacy_review_required,elementary-english-ex2,We practice speaking English with our teacher.,我們和我們的老師練習說英文。,English,legacy_review_required,,,English,,,,
elementary-chinese,Chinese,elementary-chinese,中文/漢語/中國人/中國的,School,8,elementary-chinese-ex1,Chinese characters have a very long and interesting history.,中文字有著非常悠久且有趣的歷史。,Chinese,legacy_review_required,elementary-chinese-ex2,We learn how to write beautiful Chinese characters.,我們學習如何寫美麗的中文字。,Chinese,legacy_review_required,,,Chinese,,,,
junior-ask,ask,junior-ask,詢問/要求/問,Actions,1,junior-ask-ex1,Do not be afraid to ask questions in class.,在課堂上不要害怕發問。,ask,legacy_review_required,junior-ask-ex2,Please ask the teacher if you have any questions.,如果你有任何問題請詢問老師。,ask,legacy_review_required,,,ask,,,,
passport-answer,answer,passport-answer,回答/答案/答覆,Actions,6,passport-answer-ex1,Who knows the correct answer to this question?,誰知道這個問題的正確答案？,answer,legacy_review_required,passport-answer-ex2,She raised her hand to answer the English question.,她舉手回答英文問題。,answer,legacy_review_required,,,answer,,,,
junior-say,say,junior-say,說/講,Actions,2,junior-say-ex1,What did the teacher say about the homework?,老師對作業說了些什麼？,say,legacy_review_required,junior-say-ex2,What did the teacher say about the homework today?,老師今天關於功課說了什麼？,say,legacy_review_required,,,say,,,,
junior-speak,speak,junior-speak,說話/演講/講(語言),Actions,4,junior-speak-ex1,Our English teacher can speak three different languages.,我們的英文老師會說三種不同的語言。,speak,legacy_review_required,junior-speak-ex2,Please speak English slowly so everyone can hear clearly.,請慢慢說英語，這樣大家才能聽得清楚。,speak,legacy_review_required,,,speak,,,,
junior-talk,talk,junior-talk,談話/說話/交談,Actions,3,junior-talk-ex1,Please do not talk when the teacher is speaking.,老師說話時請不要交談。,talk,legacy_review_required,junior-talk-ex2,We sat on the bench to talk about our weekend.,我們坐在長椅上聊我們的週末。,talk,legacy_review_required,,,talk,,,,
junior-spell,spell,junior-spell,拼字/拼寫,Actions,4,junior-spell-ex1,Can you spell the word 'elephant' for me?,你能幫我拚寫 'elephant' 這個字嗎？,spell,legacy_review_required,junior-spell-ex2,Can you show me how to spell the word elephant?,你能教我大象這個單字怎麼拼嗎？,spell,legacy_review_required,,,spell,,,,
junior-listen,listen,junior-listen,聽/聆聽/聽從,Actions,6,junior-listen-ex1,Listen carefully to the recording and write down answers.,仔細聽錄音並寫下答案。,listen,legacy_review_required,junior-listen-ex2,We must listen carefully to our classmates' reports.,我們必須仔細聆聽同學的報告。,listen,legacy_review_required,,,listen,,,,
junior-study,study,junior-study,學習/研讀/書房,School,6,junior-study-ex1,We need to study hard for the English test.,我們需要為英文考試努力學習。,study,legacy_review_required,junior-study-ex2,We study hard to prepare for the quiz tomorrow.,我們努力學習準備明天的測驗。,study,legacy_review_required,,,study,,,,
passport-test,test,passport-test,測試/考試,School,3,passport-test-ex1,We have a spelling test every Friday morning.,我們每個星期五早上都有拼字測驗。,test,legacy_review_required,passport-test-ex2,Do not worry about the test; just try your best.,不要擔心考試，盡力而為就好。,test,legacy_review_required,,,test,,,,
passport-question,question,passport-question,問題/詢問,School,7,passport-question-ex1,"If you have any question, please raise your hand.",如果您有任何問題，請舉手。,question,legacy_review_required,passport-question-ex2,This is a very good question that makes us think.,這是一個能讓我們思考的好問題。,question,legacy_review_required,,,question,,,,
passport-glue,glue,passport-glue,膠水/黏貼,School,3,passport-glue-ex1,Use the glue to stick the picture onto paper.,用膠水將圖片貼在紙上。,glue,legacy_review_required,passport-glue-ex2,Use a little glue to stick the picture on the card.,用一點膠水把圖片貼在卡片上。,glue,legacy_review_required,,,glue,,,,
elementary-pen,pen,elementary-pen,原子筆/筆,School,2,elementary-pen-ex1,Can I borrow a blue pen to write notes?,我可以借一支藍色原子筆來寫筆記嗎？,pen,legacy_review_required,elementary-pen-ex2,My teacher writes notes with a red ink pen.,我的老師用紅色原子筆寫評語。,pen,legacy_review_required,,,pen,,,,
elementary-marker,marker,elementary-marker,白板筆/麥克筆/標記,School,7,elementary-marker-ex1,The teacher wrote the sentences with a black marker.,老師用黑色麥克筆寫下了句子。,marker,legacy_review_required,elementary-marker-ex2,She picked a green marker to write on the whiteboard.,她拿了一支綠色白板筆在白板上寫字。,marker,legacy_review_required,,,marker,,,,
junior-eraser,eraser,junior-eraser,橡皮擦,School,8,junior-eraser-ex1,I used my eraser to rub out the mistake.,我用我的橡皮擦擦掉了錯誤。,eraser,legacy_review_required,junior-eraser-ex2,I used my eraser to clean the spelling mistake.,我用橡皮擦擦掉拼寫錯誤。,eraser,legacy_review_required,,,eraser,,,,
passport-paper,paper,passport-paper,紙/報紙,School,6,passport-paper-ex1,He drew a beautiful map on a sheet of paper.,他在一張紙上畫了一幅美麗的地圖。,paper,legacy_review_required,passport-paper-ex2,Please write down your thoughts on this sheet of paper.,請在這張紙上寫下你的想法。,paper,legacy_review_required,,,paper,,,,
elementary-ruler,ruler,elementary-ruler,尺/統治者,School,6,elementary-ruler-ex1,Use a ruler to draw a straight line here.,在這裡用直尺畫一條直線。,ruler,legacy_review_required,elementary-ruler-ex2,We use a ruler to draw straight lines in math class.,我們在數學課上用尺來畫直線。,ruler,legacy_review_required,,,ruler,,,,
junior-friend,friend,junior-friend,朋友,School,4,junior-friend-ex1,We should be friendly to our classmates and friends.,我們應該對我們的同學和朋友友善。,friend,legacy_review_required,junior-friend-ex2,A good friend always helps you when you are in trouble.,好朋友總是在你遇到困難時幫助你。,friend,legacy_review_required,,,friend,,,,
passport-story,story,passport-story,故事/樓層,School,6,passport-story-ex1,My grandfather told us a funny story last night.,我爺爺昨晚跟我們講了一個有趣的故事。,story,legacy_review_required,passport-story-ex2,My mom told me a wonderful story before I slept.,我睡前媽媽給我講了一個精采的故事。,story,legacy_review_required,,,story,,,,
junior-picture,picture,junior-picture,圖畫/照片/影像,School,8,junior-picture-ex1,She hung a beautiful picture of a forest here.,她在這裡掛了一幅美麗的森林圖片。,picture,legacy_review_required,junior-picture-ex2,I took a beautiful picture of the green mountain.,我拍了一張美麗綠山的照片。,picture,legacy_review_required,,,picture,,,,
passport-blackboard,blackboard,passport-blackboard,黑板,School,8,passport-blackboard-ex1,Please look at the blackboard and read the sentences.,請看黑板並朗讀句子。,blackboard,legacy_review_required,passport-blackboard-ex2,He wiped the blackboard clean for the next teacher.,他把黑板擦乾淨，好給下一位老師使用。,blackboard,legacy_review_required,,,blackboard,,,,
passport-classroom,classroom,passport-classroom,教室,School,7,passport-classroom-ex1,The students are cleaning their classroom after school today.,學生們今天放學後正在打掃他們的教室。,classroom,legacy_review_required,passport-classroom-ex2,We decorated our classroom with colorful paintings.,我們用色彩繽紛的畫作裝飾教室。,classroom,legacy_review_required,,,classroom,,,,
passport-vacation,vacation,passport-vacation,假期/休假,School,8,passport-vacation-ex1,We plan to go to the beach during summer vacation.,我們計劃暑假期間去海灘。,vacation,legacy_review_required,passport-vacation-ex2,Our family plans to travel during summer vacation.,我們全家計劃在暑假期間去旅遊。,vacation,legacy_review_required,,,vacation,,,,
passport-holiday,holiday,passport-holiday,假日/節日,School,8,passport-holiday-ex1,Christmas is my favorite holiday of the whole year.,聖誕節是我整年中最適愛的節日。,holiday,legacy_review_required,passport-holiday-ex2,We rested at home during the national holiday.,在國定假日期間，我們在家休息。,holiday,legacy_review_required,,,holiday,,,,
elementary-big,big,elementary-big,大的/重大的,Sizes & measurements,1,elementary-big-ex1,The elephant is a very big animal with long nose.,大象是有著長鼻子的龐大動物。,big,legacy_review_required,elementary-big-ex2,A big elephant can carry heavy logs with its trunk.,大象能用牠的鼻子搬運重木頭。,big,legacy_review_required,,,big,,,,
elementary-small,small,elementary-small,小的/微弱的,Sizes & measurements,4,elementary-small-ex1,A small ant is carrying a bread crumb slowly.,一隻小螞蟻正在緩慢地搬運麵包屑。,small,legacy_review_required,elementary-small-ex2,The small mouse ran quickly into a tiny hole.,小老鼠快速跑進了一個小洞裡。,small,legacy_review_required,,,small,,,,
elementary-long,long,elementary-long,長期的/長的/渴望,Sizes & measurements,3,elementary-long-ex1,Giraffes have a very long neck to eat leaves.,長頸鹿有很長的脖子以吃樹葉。,long,legacy_review_required,elementary-long-ex2,A giraffe has a very long neck to reach high leaves.,長頸鹿有著很長脖子來吃到高處的葉子。,long,legacy_review_required,,,long,,,,
passport-light,light,passport-light,輕的/明亮的/光線/點燃,Sizes & measurements,4,passport-light-ex1,"The feather is very light, but the rock is heavy.",羽毛很輕，但石頭很重。,light,legacy_review_required,passport-light-ex2,A feather is very light and can float in the breeze.,羽毛非常輕，可以在微風中漂浮。,light,legacy_review_required,,,light,,,,
passport-high,high,passport-high,高的/高地/高度,Sizes & measurements,3,passport-high-ex1,The eagle is flying high above the green mountains.,老鷹正飛在高高的青山之上。,high,legacy_review_required,passport-high-ex2,The bird is flying high above the white clouds.,鳥在白雲高空飛翔。,high,legacy_review_required,,,high,,,,
passport-pair,pair,passport-pair,一雙/一對,Sizes & measurements,3,passport-pair-ex1,He bought a new pair of sports shoes yesterday.,他昨天買了一雙新的運動鞋。,pair,legacy_review_required,passport-pair-ex2,I bought a new pair of sport shoes yesterday.,我昨天買了一雙新的運動鞋。,pair,legacy_review_required,,,pair,,,,
elementary-play,play,elementary-play,玩/打(球)/玩耍,Sports,3,elementary-play-ex1,Children love to play games on the school playground.,孩子們喜歡在學校操場上玩遊戲。,play,legacy_review_required,elementary-play-ex2,The children play happily on the school swings.,孩子們在學校鞦韆上玩得很高興。,play,legacy_review_required,,,play,,,,
elementary-sing,sing,elementary-sing,唱歌/吟唱,Sports,3,elementary-sing-ex1,The students sing songs happily in the music class.,學生們在音樂課上快樂地唱歌。,sing,legacy_review_required,elementary-sing-ex2,My sister sings a sweet song for our grandmother.,我妹妹為我們的祖母唱了一首甜美的歌。,sing,legacy_review_required,,,sing,,,,
elementary-dance,dance,elementary-dance,跳舞/舞蹈,Sports,5,elementary-dance-ex1,She likes to dance to the lively pop music.,她喜歡隨著輕快的流行音樂跳舞。,dance,legacy_review_required,elementary-dance-ex2,The children love to dance to the cheerful music.,孩子們很喜歡跟著輕快的音樂跳舞。,dance,legacy_review_required,,,dance,,,,
passport-paint,paint,passport-paint,繪畫/油漆/顏料,Sports,4,passport-paint-ex1,He wants to paint the bird cage yellow tomorrow.,他明天想把鳥籠漆成黃色。,paint,legacy_review_required,passport-paint-ex2,We use water color paint to make school posters.,我們用水彩顏料來製作學校海報。,paint,legacy_review_required,,,paint,,,,
junior-hike,hike,junior-hike,健行/徒步旅行,Sports,5,junior-hike-ex1,We love to hike in the mountains on sunny weekends.,我們喜歡在晴朗的週末去山上健行。,hike,legacy_review_required,junior-hike-ex2,We like to hike in the mountains on sunny weekends.,我們喜歡在晴朗的週末去山裡健行。,hike,legacy_review_required,,,hike,,,,
elementary-swim,swim,elementary-swim,游泳,Sports,3,elementary-swim-ex1,Polar bears can swim very fast in the cold ocean.,北極熊可以在寒冷的海洋中游得很快。,swim,legacy_review_required,elementary-swim-ex2,We swim in the school pool in hot summer.,我們在炎熱的夏天在學校泳池裡游泳。,swim,legacy_review_required,,,swim,,,,
passport-climb,climb,passport-climb,攀爬/爬/攀登,Sports,4,passport-climb-ex1,The monkeys like to climb trees and jump around.,猴子們喜歡爬樹並跳來跳去。,climb,legacy_review_required,passport-climb-ex2,The clever monkey can climb trees very fast.,聰明的猴子爬樹可以爬得很快。,climb,legacy_review_required,,,climb,,,,
junior-ball,ball,junior-ball,球,Sports,2,junior-ball-ex1,Throw the ball to me and I will catch it.,把球丟給我，我會接住它。,ball,legacy_review_required,junior-ball-ex2,He kicked the ball straight into the goal.,他把球直接踢進了球門。,ball,legacy_review_required,,,ball,,,,
junior-baseball,baseball,junior-baseball,棒球/棒球運動,Sports,8,junior-baseball-ex1,Baseball is one of the most popular sports in Taiwan.,棒球是台灣最受歡迎的運動之一。,baseball,legacy_review_required,junior-baseball-ex2,We played baseball in the park yesterday afternoon.,我們昨天下午在公園打了棒球。,baseball,legacy_review_required,,,baseball,,,,
junior-basketball,basketball,junior-basketball,籃球/籃球運動,Sports,8,junior-basketball-ex1,They practice playing basketball after school every Tuesday afternoon.,他們每個星期二下午放學後練習打籃球。,basketball,legacy_review_required,junior-basketball-ex2,My brother trains hard to be a good basketball player.,我哥哥努力訓練想成為一名優秀的籃球員。,basketball,legacy_review_required,,,basketball,,,,
passport-football,football,passport-football,美式足球/足球,Sports,7,passport-football-ex1,"In the UK, people call soccer football.",在英國，人們把 soccer 叫做 football。,football,legacy_review_required,passport-football-ex2,Football is a popular sport in many countries.,美式足球/足球在許多國家是受歡迎的運動。,football,legacy_review_required,,,football,,,,
passport-soccer,soccer,passport-soccer,足球,Sports,7,passport-soccer-ex1,We have a friendly soccer game with another school.,我們和另一所學校有一場友誼足球賽。,soccer,legacy_review_required,passport-soccer-ex2,We play soccer together on the school field during recess.,下課時間我們在學校操場上一起踢足球。,soccer,legacy_review_required,,,soccer,,,,
junior-sport,sport,junior-sport,運動/體育活動,Sports,4,junior-sport-ex1,Running and swimming are very good sports for health.,跑步和游泳是對健康非常好得運動。,sport,legacy_review_required,junior-sport-ex2,Running is a simple sport that keeps you healthy.,跑步是能讓你保持健康的簡單運動。,sport,legacy_review_required,,,sport,,,,
junior-toy,toy,junior-toy,玩具/玩物,Other nouns,16,junior-toy-ex1,He shared his new toy car with his little brother.,他和弟弟分享了他的新玩具車。,toy,legacy_review_required,junior-toy-ex2,Please share your toys with your younger brother.,請和你的弟弟分享你的玩具。,toy,legacy_review_required,,,toy,,,,
passport-doll,doll,passport-doll,洋娃娃/玩偶,Sports,2,passport-doll-ex1,My little sister put her cute doll to bed.,我妹妹把她可愛的玩偶放上床睡覺。,doll,legacy_review_required,passport-doll-ex2,My sister likes to dress up her favorite doll.,我妹妹喜歡給她最喜愛的洋娃娃裝扮。,doll,legacy_review_required,,,doll,,,,
passport-yo-yo,yo-yo,passport-yo-yo,溜溜球,Sports,6,passport-yo-yo-ex1,He showed us a cool trick with his red yo-yo.,他用他的紅溜溜球向我們展示了一個炫酷的特技。,yo-yo,legacy_review_required,passport-yo-yo-ex2,My grandfather taught me a cool trick with the yo-yo.,我爺爺教了我一個很酷的溜溜球把戲。,yo-yo,legacy_review_required,,,yo-yo,,,,
passport-win,win,passport-win,贏得/獲勝,Sports,2,passport-win-ex1,Our school team hopes to win the soccer game.,我們校隊希望能贏得這場足球賽。,win,legacy_review_required,passport-win-ex2,"If we work together, we can win this game.",如果我們合作，我們就能贏得這場比賽。,win,legacy_review_required,,,win,,,,
passport-trip,trip,passport-trip,旅行/旅程/跌倒,Sports,3,passport-trip-ex1,We are planning a short day trip to Yilan.,我們正在計劃去宜蘭的短途一日遊。,trip,legacy_review_required,passport-trip-ex2,We had a wonderful family trip to Hualien last month.,上個月我們去花蓮進行了一次美好的家庭旅行。,trip,legacy_review_required,,,trip,,,,
junior-card,card,junior-card,卡片/紙牌,Sports,2,junior-card-ex1,She sent a handmade birthday card to her teacher.,她寄了一張手工製作的生日卡片給老師。,card,legacy_review_required,junior-card-ex2,I made a colorful card to wish my grandpa a happy birthday.,我做了一張彩色的卡片祝我爺爺生日快樂。,card,legacy_review_required,,,card,,,,
passport-drum,drum,passport-drum,鼓/打鼓,Sports,2,passport-drum-ex1,He plays the drum loudly in the school band.,他在學校樂隊裡大聲地敲鼓。,drum,legacy_review_required,passport-drum-ex2,He plays the drum in our school music band.,他在我們學校的管樂隊裡打鼓。,drum,legacy_review_required,,,drum,,,,
junior-game,game,junior-game,遊戲/比賽,Sports,5,junior-game-ex1,Let us play an interesting board game together tonight.,我們今天晚上一起玩一個有趣的桌遊吧。,game,legacy_review_required,junior-game-ex2,We played a fun English spelling game in class today.,我們今天在課堂上玩了一個有趣的英文拼字遊戲。,game,legacy_review_required,,,game,,,,
passport-kite,kite,passport-kite,風箏,Sports,5,passport-kite-ex1,A strong wind makes the colorful kite fly high.,強風讓色彩繽紛的風箏飛得很高。,kite,legacy_review_required,passport-kite-ex2,A colorful kite is flying high in the blue sky.,一隻彩色的風箏在藍天中高飛。,kite,legacy_review_required,,,kite,,,,
junior-song,song,junior-song,歌曲/歌,Sports,3,junior-song-ex1,Let us sing a traditional English song together now.,我們現在一起唱一首傳統的英文歌曲吧。,song,legacy_review_required,junior-song-ex2,Let's sing a happy song together to start class.,讓我們一起唱首快樂的歌開始上課。,song,legacy_review_required,,,song,,,,
passport-movie,movie,passport-movie,電影,Sports,6,passport-movie-ex1,We watched a funny animation movie last night.,我們昨晚看了一部有趣的動畫電影。,movie,legacy_review_required,passport-movie-ex2,We watched a funny animation movie in the theater.,我們在電影院看了一部有趣的動畫電影。,movie,legacy_review_required,,,movie,,,,
passport-piano,piano,passport-piano,鋼琴,Sports,6,passport-piano-ex1,She practices playing the piano for one hour daily.,她每天練習彈鋼琴一個小時。,piano,legacy_review_required,passport-piano-ex2,She practices the piano for one hour every evening.,她每天晚上練習彈鋼琴一個小時。,piano,legacy_review_required,,,piano,,,,
passport-cup,cup,passport-cup,杯子/獎盃,Tableware,1,passport-cup-ex1,He drank a cup of warm water this morning.,他今天早上喝了一杯溫開水。,cup,legacy_review_required,passport-cup-ex2,Would you like a cup of warm milk before bed?,睡前要來一杯溫牛奶嗎？,cup,legacy_review_required,,,cup,,,,
junior-dish,dish,junior-dish,碟子/盤子/菜餚,Tableware,2,junior-dish-ex1,Please help me wash the dirty dishes after dinner.,晚餐後請幫我清洗髒盤子。,dish,legacy_review_required,junior-dish-ex2,Please wash your own eating dish after lunch.,午餐後請洗自己的餐盤。,dish,legacy_review_required,,,dish,,,,
passport-glass,glass,passport-glass,玻璃杯/玻璃/眼鏡(複數),Tableware,4,passport-glass-ex1,A glass of fresh orange juice tastes very good.,一杯新鮮的柳橙汁味道非常好。,glass,legacy_review_required,passport-glass-ex2,"Please fill this glass with cold water, thank you.",請把這個玻璃杯裝滿冷水，謝謝。,glass,legacy_review_required,,,glass,,,,
passport-fork,fork,passport-fork,叉子,Tableware,2,passport-fork-ex1,We use a fork and spoon to eat spaghetti.,我們使用叉子和湯匙來吃義大利麵。,fork,legacy_review_required,passport-fork-ex2,We use a fork and a knife to eat steak.,我們用叉子和刀吃牛排。,fork,legacy_review_required,,,fork,,,,
passport-spoon,spoon,passport-spoon,湯匙/匙,Tableware,4,passport-spoon-ex1,Give me a small spoon to eat the pudding.,給我一個小湯匙來吃布丁。,spoon,legacy_review_required,passport-spoon-ex2,Use a spoon to drink your pumpkin soup carefully.,用湯匙小心喝你的南瓜湯。,spoon,legacy_review_required,,,spoon,,,,
passport-knife,knife,passport-knife,刀子/餐刀,Tableware,6,passport-knife-ex1,Be careful! Do not play with the sharp knife.,小心！不要玩鋒利的刀子。,knife,legacy_review_required,passport-knife-ex2,"Be careful, the kitchen knife is very sharp.",小心，這把菜刀非常鋒利。,knife,legacy_review_required,,,knife,,,,
passport-chopsticks,chopsticks,passport-chopsticks,筷子(複數),Tableware,8,passport-chopsticks-ex1,"In Taiwan, we use chopsticks to eat rice and noodles.",在台灣，我們使用筷子來吃米飯和麵條。,chopsticks,legacy_review_required,passport-chopsticks-ex2,We usually use chopsticks to eat noodles for lunch.,我們午餐通常用筷子吃麵條。,chopsticks,legacy_review_required,,,chopsticks,,,,
passport-mug,mug,passport-mug,馬克杯/大杯子,Tableware,2,passport-mug-ex1,Grandpa made a mug of hot coffee for himself.,爺爺給自己泡了一馬克杯的熱咖啡。,mug,legacy_review_required,passport-mug-ex2,My dad drinks hot coffee from his blue mug every morning.,我爸爸每天早上用他的藍色馬克杯喝熱咖啡。,mug,legacy_review_required,,,mug,,,,
junior-evening,evening,junior-evening,傍晚/晚上,Time,8,junior-evening-ex1,We usually do our homework in the early evening.,我們通常在傍晚做功課。,evening,legacy_review_required,junior-evening-ex2,We gather in the living room to talk in the evening.,我們晚上在客廳聚集聊天。,evening,legacy_review_required,,,evening,,,,
junior-night,night,junior-night,夜晚/晚上,Time,4,junior-night-ex1,The stars shine brightly in the dark sky at night.,夜裡星星在黑暗的天空中明亮地照耀著。,night,legacy_review_required,junior-night-ex2,The moon shines brightly in the dark night sky.,月亮在黑夜的天空中明亮地照耀著。,night,legacy_review_required,,,night,,,,
junior-now,now,junior-now,現在/立刻,Time,2,junior-now-ex1,Please come into the classroom and sit down now.,現在請進教室坐好。,now,legacy_review_required,junior-now-ex2,It is time to go to school now.,現在是去學校的時候了。,now,legacy_review_required,,,now,,,,
junior-tomorrow,tomorrow,junior-tomorrow,明天,Time,8,junior-tomorrow-ex1,"Tomorrow is Sunday, so we do not go to school.",明天是星期天，所以我們不上學。,tomorrow,legacy_review_required,junior-tomorrow-ex2,We will have a science experiment tomorrow morning.,我們明天早上有一堂自然科學實驗課。,tomorrow,legacy_review_required,,,tomorrow,,,,
junior-day,day,junior-day,白天/天/一日,Time,1,junior-day-ex1,We went to the beach on a warm sunny day.,我們在一個溫暖的晴天去了海灘。,day,legacy_review_required,junior-day-ex2,I hope you have a happy and wonderful day today.,我希望你今天度過快樂又美好的一天。,day,legacy_review_required,,,day,,,,
junior-yesterday,yesterday,junior-yesterday,昨天,Time,8,junior-yesterday-ex1,I finished reading the whole book yesterday afternoon.,我昨天下午讀完了整本書。,yesterday,legacy_review_required,junior-yesterday-ex2,We played basketball in the park yesterday afternoon.,我們昨天下午在公園打了籃球。,yesterday,legacy_review_required,,,yesterday,,,,
junior-early,early,junior-early,早的/早地/提早的,Time,5,junior-early-ex1,The diligent student always arrives at school very early.,勤奮的學生總是早早就到學校。,early,legacy_review_required,junior-early-ex2,I wake up early in the morning to see the sunrise.,我清晨早起看日出。,early,legacy_review_required,,,early,,,,
junior-late,late,junior-late,晚的/遲的/晚地,Time,5,junior-late-ex1,Hurry up! We are going to be late for class.,快一點！我們上課要遲到了。,late,legacy_review_required,junior-late-ex2,Please hurry up so we won't be late for the schoolbus.,請快一點，這樣我們搭校車才不會遲到。,late,legacy_review_required,,,late,,,,
elementary-time,time,elementary-time,時間/次數,Time,5,elementary-time-ex1,What time does the school library open on weekdays?,學校圖書館在工作日幾點開放？,time,legacy_review_required,elementary-time-ex2,It is time to go to bed now. Good night!,現在是睡覺時間了。晚安！,time,legacy_review_required,,,time,,,,
elementary-watch,watch,elementary-watch,手錶/看/觀察/注意,Time,4,elementary-watch-ex1,My dad bought me a nice watch for my birthday.,我爸爸買了一隻漂亮的手錶送我當生日禮物。,watch,legacy_review_required,elementary-watch-ex2,My grandfather gave me a nice digital watch as a gift.,我爺爺送我一隻精美的手錶當作禮物。,watch,legacy_review_required,,,watch,,,,
junior-year,year,junior-year,年/年份,Time,4,junior-year-ex1,We are looking forward to a wonderful new year.,我們正期待著美好的一年。,year,legacy_review_required,junior-year-ex2,This school year is going to be full of fun learning.,這個學年將會充滿有趣的學習。,year,legacy_review_required,,,year,,,,
junior-clock,clock,junior-clock,時鐘/鐘,Time,4,junior-clock-ex1,The clock on the wall shows it is eight o'clock.,牆上的時鐘顯示現在是八點鐘。,clock,legacy_review_required,junior-clock-ex2,The clock on the wall shows that it is eight o'clock.,牆上的時鐘顯示現在是八點鐘。,clock,legacy_review_required,,,clock,,,,
elementary-o-clock,o'clock,elementary-o-clock,點鐘,Time,7,elementary-o-clock-ex1,The school sports day starts at nine o'clock sharp.,學校運動會在九點整準時開始。,o'clock,legacy_review_required,elementary-o-clock-ex2,We have an English lesson at nine o'clock today.,我們今天九點鐘有一堂英文課。,o'clock,legacy_review_required,,,o'clock,,,,
junior-spring,spring,junior-spring,春天/泉水/彈簧,Time,4,junior-spring-ex1,Many beautiful flowers bloom in the warm spring.,許多美麗的花朵在溫暖的春天盛開。,spring,legacy_review_required,junior-spring-ex2,Beautiful flowers start to open in warm spring.,美麗的花朵在溫暖的春天開始綻放。,spring,legacy_review_required,,,spring,,,,
junior-summer,summer,junior-summer,夏天/夏季,Time,7,junior-summer-ex1,We love to eat cold watermelon in the hot summer.,我們在炎熱的夏天熱愛吃冰西瓜。,summer,legacy_review_required,junior-summer-ex2,"Summer is hot, and we love to eat cold ice cream.",夏天很熱，我們很喜歡吃冰涼的冰淇淋。,summer,legacy_review_required,,,summer,,,,
junior-fall,fall,junior-fall,落下/跌倒/秋天/降臨,Time,2,junior-fall-ex1,Leaves turn yellow and fall from trees in autumn.,秋天時葉子變黃並從樹上落下。,fall,legacy_review_required,junior-fall-ex2,Watch your step so you do not fall on the wet grass.,看好你的腳步，才不會在濕草地上跌倒。,fall,legacy_review_required,,,fall,,,,
junior-winter,winter,junior-winter,冬天/冬季,Time,7,junior-winter-ex1,It is very cold and sometimes snows in winter.,冬天非常冷，有時候還會下雪。,winter,legacy_review_required,junior-winter-ex2,"It gets very cold in winter, so we wear warm coats.",冬天的天氣變得很冷，所以我們穿溫暖的外套。,winter,legacy_review_required,,,winter,,,,
passport-season,season,passport-season,季節,Time,7,passport-season-ex1,My favorite season of the year is cool autumn.,我一年中最喜歡的季節是涼爽的秋天。,season,legacy_review_required,passport-season-ex2,"Winter is a cold season, but Christmas is warm.",冬天是一個寒冷的季節，但耶誕節卻很溫暖。,season,legacy_review_required,,,season,,,,
junior-monday,Monday,junior-monday,星期一,Time,7,junior-monday-ex1,Monday is the first school day of the week.,星期一是這一週的第一個上學日。,Monday,legacy_review_required,junior-monday-ex2,We sing the school song together on Monday morning.,我們在星期一早上一起唱校歌。,Monday,legacy_review_required,,,Monday,,,,
junior-tuesday,Tuesday,junior-tuesday,星期二,Time,7,junior-tuesday-ex1,We have a music class every Tuesday afternoon.,我們每個星期二下午有一節音樂課。,Tuesday,legacy_review_required,junior-tuesday-ex2,We have a PE lesson and play soccer on Tuesday.,我們在星期二有一堂體育課並踢足球。,Tuesday,legacy_review_required,,,Tuesday,,,,
junior-wednesday,Wednesday,junior-wednesday,星期三,Time,8,junior-wednesday-ex1,Wednesday afternoon is our sports and club time.,星期三下午是我們的運動和社團時間。,Wednesday,legacy_review_required,junior-wednesday-ex2,Our school has a half day of classes on Wednesday.,我們學校星期三只上半天課。,Wednesday,legacy_review_required,,,Wednesday,,,,
junior-thursday,Thursday,junior-thursday,星期四,Time,7,junior-thursday-ex1,We will visit the science museum next Thursday morning.,我們下星期四早上將造訪自然科學博物館。,Thursday,legacy_review_required,junior-thursday-ex2,I borrow new storybooks from the library on Thursday.,我星期四在圖書館借新的故事書。,Thursday,legacy_review_required,,,Thursday,,,,
junior-friday,Friday,junior-friday,星期五,Time,6,junior-friday-ex1,Friday is the last school day before the weekend.,星期五是週末前的最後一個上學日。,Friday,legacy_review_required,junior-friday-ex2,Friday is my favorite day because the weekend is near.,星期五是我最喜歡的一天，因為週末快到了。,Friday,legacy_review_required,,,Friday,,,,
junior-saturday,Saturday,junior-saturday,星期六,Time,8,junior-saturday-ex1,I like to go hiking with my family on Saturday.,我星期六喜歡和家人一起去健行。,Saturday,legacy_review_required,junior-saturday-ex2,I love to eat hot pancakes on Saturday morning.,我喜歡在星期六早上吃熱鬆餅。,Saturday,legacy_review_required,,,Saturday,,,,
junior-sunday,Sunday,junior-sunday,星期日,Time,7,junior-sunday-ex1,"Sunday is a holiday, and we can rest at home.",星期天是假日，我們可以留在家裡休息。,Sunday,legacy_review_required,junior-sunday-ex2,We go hiking on the mountain with family on Sunday.,我們星期日和家人一起去山上健行。,Sunday,legacy_review_required,,,Sunday,,,,
junior-week,week,junior-week,星期/週,Time,3,junior-week-ex1,There are seven days in a single week.,單單一週內就有七天。,week,legacy_review_required,junior-week-ex2,There are seven days in a week.,一星期有七天。,week,legacy_review_required,,,week,,,,
passport-january,January,passport-january,一月,Time,8,passport-january-ex1,January is the very first month of the year.,一月是一年當中的第一個月份。,January,legacy_review_required,passport-january-ex2,January first is the beginning of a new year.,一月一日是一年的開始。,January,legacy_review_required,,,January,,,,
passport-february,February,passport-february,二月,Time,8,passport-february-ex1,February usually has twenty-eight days in a year.,二月份在一年中通常只有二十八天。,February,legacy_review_required,passport-february-ex2,February is the second and shortest month of the year.,二月是一年中第二個也是最短的月份。,February,legacy_review_required,,,February,,,,
passport-march,March,passport-march,三月,Time,4,passport-march-ex1,The weather starts to turn warm in March here.,這裡的天氣在三月份開始轉暖。,March,legacy_review_required,passport-march-ex2,Spring usually starts to arrive in March.,春天通常在三月份開始到來。,March,legacy_review_required,,,March,,,,
passport-april,April,passport-april,四月,Time,5,passport-april-ex1,April showers bring beautiful flowers in spring.,四月的雨水在春天帶來了美麗的花朵。,April,legacy_review_required,passport-april-ex2,My cousin has a birthday party in April.,我表弟/表妹在四月舉辦生日派對。,April,legacy_review_required,,,April,,,,
passport-may,May,passport-may,可能/可以/五月,Time,1,passport-may-ex1,Mother's Day is celebrated on the second Sunday of May.,母親節在五月的第二個星期日慶祝。,May,legacy_review_required,passport-may-ex2,May I borrow your green marker for my painting?,我畫畫可以借你的綠色白板筆嗎？,May,legacy_review_required,,,May,,,,
passport-june,June,passport-june,六月,Time,5,passport-june-ex1,Summer vacation usually begins in the late June.,暑假通常在六月下旬開始。,June,legacy_review_required,passport-june-ex2,"School ends in June, and summer vacation starts.",學校在六月結束，暑假開始。,June,legacy_review_required,,,June,,,,
passport-july,July,passport-july,七月,Time,5,passport-july-ex1,July is a very hot month of the summer holiday.,七月是暑假中一個非常炎熱的月份。,July,legacy_review_required,passport-july-ex2,"It is hot in July, and we go swimming.",七月天氣很熱，我們去游泳。,July,legacy_review_required,,,July,,,,
passport-august,August,passport-august,八月,Time,6,passport-august-ex1,Father's Day in Taiwan is on the eighth of August.,台灣的父親節是在八月八日。,August,legacy_review_required,passport-august-ex2,August is the last month of our summer vacation.,八月是我們暑假的最後一個月。,August,legacy_review_required,,,August,,,,
passport-september,September,passport-september,九月,Time,8,passport-september-ex1,Students go back to school in September in Taiwan.,台灣的學生在九月份返校上課。,September,legacy_review_required,passport-september-ex2,We go back to school in September to meet our friends.,我們在九月回學校和朋友見面。,September,legacy_review_required,,,September,,,,
passport-october,October,passport-october,十月,Time,8,passport-october-ex1,Halloween is celebrated on the last day of October.,萬聖節在十月的最後一天慶祝。,October,legacy_review_required,passport-october-ex2,Halloween is celebrated on the last day of October.,萬聖節在十月的最後一天慶祝。,October,legacy_review_required,,,October,,,,
passport-november,November,passport-november,十一月,Time,8,passport-november-ex1,The weather turns cool and pleasant in November.,天氣在十一月份變得涼爽宜人。,November,legacy_review_required,passport-november-ex2,The weather gets cool in November in Taiwan.,台灣在十一月時天氣變涼。,November,legacy_review_required,,,November,,,,
passport-december,December,passport-december,十二月,Time,8,passport-december-ex1,Christmas is celebrated on the twenty-fifth of December.,聖誕節在十二月二十五日慶祝。,December,legacy_review_required,passport-december-ex2,We decorate the classroom for Christmas in December.,我們在十二月裝飾教室準備過耶誕節。,December,legacy_review_required,,,December,,,,
elementary-ride,ride,elementary-ride,騎(馬、車等),Transportation,5,elementary-ride-ex1,I want to learn how to ride a bike.,我想學習如何騎腳踏車。,ride,legacy_review_required,elementary-ride-ex2,My sister likes to ride her kick scooter in the park.,我妹妹喜歡在公園裡騎她的滑板車。,ride,legacy_review_required,,,ride,,,,
elementary-fly,fly,elementary-fly,飛/飛行/蒼蠅,Transportation,1,elementary-fly-ex1,Many birds fly to warm places in winter.,許多鳥在冬天飛往溫暖的地方。,fly,legacy_review_required,elementary-fly-ex2,A big airplane can fly high above the white clouds.,大飛機可以在白雲高空飛行。,fly,legacy_review_required,,,fly,,,,
junior-drive,drive,junior-drive,駕駛/開車,Transportation,5,junior-drive-ex1,My mother drives a blue car to work daily.,我媽媽每天開著藍色車子去上班。,drive,legacy_review_required,junior-drive-ex2,Please drive slowly when you pass the school gate.,路過校門口時請減速慢行/慢速駕駛。,drive,legacy_review_required,,,drive,,,,
junior-turn,turn,junior-turn,轉彎/轉動/輪流,Transportation,3,junior-turn-ex1,Please turn right when you see the post office.,當你看到郵局時請右轉。,turn,legacy_review_required,junior-turn-ex2,It is your turn to answer the English question now.,現在輪到你回答英文問題了。,turn,legacy_review_required,,,turn,,,,
elementary-car,car,elementary-car,車子/汽車,Transportation,1,elementary-car-ex1,My father parked the red car near our house.,我爸爸把紅色的車子停在我們家附近。,car,legacy_review_required,elementary-car-ex2,My parents bought a new green car last month.,我父母上個月買了一輛綠色的新車。,car,legacy_review_required,,,car,,,,
elementary-bus,bus,elementary-bus,公車/巴士,Transportation,1,elementary-bus-ex1,We take the school bus to school every morning.,我們每天早上搭校車去上學。,bus,legacy_review_required,elementary-bus-ex2,We must stand in line to get on the school bus.,我們必須排隊搭乘校車。,bus,legacy_review_required,,,bus,,,,
passport-bus-stop,bus stop,passport-bus-stop,公車站/公車站牌,Transportation,7,passport-bus-stop-ex1,The students are waiting patiently at the bus stop.,學生們正在公車站耐心等待。,bus stop,legacy_review_required,passport-bus-stop-ex2,The bus stop is just a few steps away from our house.,公車站離我們家只有幾步之遙。,bus stop,legacy_review_required,,,bus stop,,,,
junior-taxi,taxi,junior-taxi,計程車,Transportation,5,junior-taxi-ex1,We took a taxi because we were very late.,我們搭了計程車，因為我們遲到了。,taxi,legacy_review_required,junior-taxi-ex2,The yellow taxi stopped in front of the train station.,黃色的計程車停在火車站前。,taxi,legacy_review_required,,,taxi,,,,
passport-airport,airport,passport-airport,機場,Transportation,7,passport-airport-ex1,The airplane landed safely at the Taoyuan airport.,飛機安全降落在桃園機場。,airport,legacy_review_required,passport-airport-ex2,We went to the airport to welcome our grandfather.,我們去機場迎接我們的爺爺。,airport,legacy_review_required,,,airport,,,,
passport-ship,ship,passport-ship,船(大型),Transportation,3,passport-ship-ex1,A large cargo ship is sailing across the ocean.,一艘大型貨輪正在橫渡大洋。,ship,legacy_review_required,passport-ship-ex2,A giant cruise ship is resting in the quiet harbor.,一艘巨型郵輪停泊在安靜的港口。,ship,legacy_review_required,,,ship,,,,
junior-boat,boat,junior-boat,小船/船,Transportation,2,junior-boat-ex1,We rode a small wooden boat on the lake.,我們在湖上划了一艘木製小船。,boat,legacy_review_required,junior-boat-ex2,My grandpa owns a small fishing boat on the river.,我爺爺在河上有一艘捕魚小船。,boat,legacy_review_required,,,boat,,,,
junior-station,station,junior-station,車站/站/局,Transportation,7,junior-station-ex1,The train arrived at the station on time.,火車準時抵達了車站。,station,legacy_review_required,junior-station-ex2,We met our friends at the bus station this morning.,我們今天早上在公車站和朋友見面。,station,legacy_review_required,,,station,,,,
passport-motorcycle,motorcycle,passport-motorcycle,機車/摩托車,Transportation,8,passport-motorcycle-ex1,Riding a motorcycle in Taiwan is very common.,在台灣騎機車是非常普遍的。,motorcycle,legacy_review_required,passport-motorcycle-ex2,My father wears a heavy helmet to ride his motorcycle.,我爸爸戴著厚重的安全帽騎機車。,motorcycle,legacy_review_required,,,motorcycle,,,,
passport-mrt,MRT,passport-mrt,捷運,Transportation,2,passport-mrt-ex1,The Taipei MRT is very clean and convenient.,台北捷運非常乾淨且方便。,MRT,legacy_review_required,passport-mrt-ex2,Taking the MRT is a safe way to travel around the city.,搭乘捷運是在城市裡旅遊的安全方式。,MRT,legacy_review_required,,,MRT,,,,
junior-scooter,scooter,junior-scooter,機車/滑板車,Transportation,7,junior-scooter-ex1,She rides a light scooter to the local market.,她騎著輕型機車去當地的市場。,scooter,legacy_review_required,junior-scooter-ex2,The child rides a pink kick scooter in the park.,那個孩子在公園裡玩粉紅色滑板車。,scooter,legacy_review_required,,,scooter,,,,
junior-fast,fast,junior-fast,快的/快地,Adjectives,2,junior-fast-ex1,Cheetahs can run very fast in the wild grass.,獵豹可以在野生草叢中跑得很快。,fast,legacy_review_required,junior-fast-ex2,"If you walk fast, you can catch up with the group.",如果你走得快，你就能趕上隊伍。,fast,legacy_review_required,,,fast,,,,
passport-slow,slow,passport-slow,慢的/緩慢的,Adjectives,3,passport-slow-ex1,The slow turtle finally finished the long race.,慢吞吞的烏龜終於完成了這場長途比賽。,slow,legacy_review_required,passport-slow-ex2,The slow train stops at every station along the way.,這慢車沿途在每個車站都停靠。,slow,legacy_review_required,,,slow,,,,
passport-truck,truck,passport-truck,卡車/貨車,Transportation,4,passport-truck-ex1,A large blue truck is carrying heavy boxes.,一輛藍色大卡車正載運著重重的箱子。,truck,legacy_review_required,passport-truck-ex2,The farmer filled the truck with sweet pumpkins.,農夫在卡車上裝滿了甜南瓜。,truck,legacy_review_required,,,truck,,,,
junior-weather,weather,junior-weather,天氣,Weather,7,junior-weather-ex1,What is the weather like in New York today?,今天紐約的天氣怎麼樣？,weather,legacy_review_required,junior-weather-ex2,The warm weather is perfect for playing soccer outdoors.,溫暖的天氣非常適合在戶外踢足球。,weather,legacy_review_required,,,weather,,,,
passport-sky,sky,passport-sky,天空,Weather,2,passport-sky-ex1,The sky is clear and full of bright stars.,天空非常清朗，而且佈滿了明亮的星星。,sky,legacy_review_required,passport-sky-ex2,The blue sky has no clouds at all this morning.,今天早上蔚藍的天空一點雲也沒有。,sky,legacy_review_required,,,sky,,,,
passport-sun,sun,passport-sun,太陽,Weather,2,passport-sun-ex1,The sun is shining brightly in the sky today.,今天太陽在天空中明亮地照耀著。,sun,legacy_review_required,passport-sun-ex2,The warm sun keeps us comfortable during winter.,溫暖的太陽讓我們在冬天感到舒服。,sun,legacy_review_required,,,sun,,,,
passport-star,star,passport-star,星星/明星,Weather,3,passport-star-ex1,The little star is twinkling in the dark sky.,小星星在漆黑的天空中閃爍。,star,legacy_review_required,passport-star-ex2,She got a shiny gold star on her homework book.,她的作業本上得到了一個閃亮的金星獎章。,star,legacy_review_required,,,star,,,,
passport-wind,wind,passport-wind,風,Weather,4,passport-wind-ex1,The strong wind blew away my favorite paper hat.,強風吹走了我最愛的紙帽子。,wind,legacy_review_required,passport-wind-ex2,The cold wind started to blow in the late afternoon.,傍晚時分，冷風開始吹了起來。,wind,legacy_review_required,,,wind,,,,
junior-windy,windy,junior-windy,風大的/多風的,Weather,6,junior-windy-ex1,"It is very windy today, so let us fly kites.",今天風很大，我們去放風箏吧。,windy,legacy_review_required,junior-windy-ex2,Hold your hat on a windy day so it doesn't fly away.,在有風的日子拉好帽子，以免它被吹走。,windy,legacy_review_required,,,windy,,,,
passport-typhoon,typhoon,passport-typhoon,颱風,Weather,7,passport-typhoon-ex1,Schools were closed yesterday because of the strong typhoon.,學校昨天因為強烈颱風停課。,typhoon,legacy_review_required,passport-typhoon-ex2,We stayed safe inside our house during the typhoon.,颱風期間我們安全地待在屋子裡。,typhoon,legacy_review_required,,,typhoon,,,,
junior-rain,rain,junior-rain,雨/下雨,Weather,3,junior-rain-ex1,I love the fresh smell of grass after rain.,我喜歡雨後草地清新的味道。,rain,legacy_review_required,junior-rain-ex2,The grass needs rain to grow green and fresh.,草地需要雨水來生長得又綠又鮮嫩。,rain,legacy_review_required,,,rain,,,,
passport-rainbow,rainbow,passport-rainbow,彩虹,Weather,7,passport-rainbow-ex1,A colorful rainbow appeared in the sky after rain.,雨後天空出現了一道色彩繽紛的彩虹。,rainbow,legacy_review_required,passport-rainbow-ex2,Let's draw a beautiful seven-color rainbow on the card.,我們在卡片上畫一道美麗的七彩彩虹吧。,rainbow,legacy_review_required,,,rainbow,,,,
passport-snow,snow,passport-snow,雪/下雪,Weather,3,passport-snow-ex1,The white snow covered the mountains like a blanket.,白雪像毯子一樣覆蓋了山脈。,snow,legacy_review_required,passport-snow-ex2,It is fun to make a round snowman in the snow.,在雪中做一個圓圓的雪人很有趣。,snow,legacy_review_required,,,snow,,,,
junior-snowy,snowy,junior-snowy,下雪的/多雪的,Weather,6,junior-snowy-ex1,We wore warm gloves on that cold snowy day.,我們在那個寒冷的下雪天戴了溫暖的手套。,snowy,legacy_review_required,junior-snowy-ex2,The mountains turned white on a cold snowy morning.,在一個寒冷下雪的早上，山脈變白了。,snowy,legacy_review_required,,,snowy,,,,
junior-wet,wet,junior-wet,濕的/潮濕的,Weather,2,junior-wet-ex1,My shoes got completely wet in the heavy rain.,我的鞋子在大雨中完全濕透了。,wet,legacy_review_required,junior-wet-ex2,Use a towel to wipe your wet hands before lunch.,午餐前用毛巾擦乾你濕漉漉的手。,wet,legacy_review_required,,,wet,,,,
junior-cloudy,cloudy,junior-cloudy,多雲的/陰天的,Weather,6,junior-cloudy-ex1,"It is cloudy today, so the sun is hidden.",今天是陰天，所以太陽躲起來了。,cloudy,legacy_review_required,junior-cloudy-ex2,We can go for a walk since it is cloudy and cool.,因為天氣多雲涼爽，我們可以出去散步。,cloudy,legacy_review_required,,,cloudy,,,,
elementary-hot,hot,elementary-hot,熱的/辣的,Weather,1,elementary-hot-ex1,Drink plenty of water on hot summer days.,在炎熱的夏天要喝充足的水。,hot,legacy_review_required,elementary-hot-ex2,This hot noodle soup tastes spicy and delicious.,這碗熱麵湯嚐起來香辣美味。,hot,legacy_review_required,,,hot,,,,
elementary-warm,warm,elementary-warm,溫暖的/使溫暖,Weather,3,elementary-warm-ex1,The spring weather is very warm and pleasant here.,這裡春天的天氣非常溫暖且宜人。,warm,legacy_review_required,elementary-warm-ex2,The mother bird keeps her baby chicks warm in the nest.,母鳥在鳥巢裡為牠的小雞保暖。,warm,legacy_review_required,,,warm,,,,
elementary-cool,cool,elementary-cool,涼爽的/酷的,Weather,2,elementary-cool-ex1,The autumn breeze is very cool and refreshing.,秋天的微風非常涼爽而且提神。,cool,legacy_review_required,elementary-cool-ex2,His new bicycle looks really cool and fast.,他的新自行車看起來真的很酷、很快。,cool,legacy_review_required,,,cool,,,,
elementary-a,a,elementary-a,一個/一種,Articles,1,elementary-a-ex1,I saw a small squirrel eating a nut yesterday.,我昨天看到一隻小松鼠在吃堅果。,a,legacy_review_required,elementary-a-ex2,I have a friendly puppy that loves to chase balls.,我有一隻很喜歡追球的友善小狗。,a,legacy_review_required,,,a,,,,
elementary-an,an,elementary-an,一個/一種(加母音開頭),Articles,1,elementary-an-ex1,She brought an orange and an apple for lunch.,她帶了一個橘子和一個蘋果當午餐。,an,legacy_review_required,elementary-an-ex2,She shared an orange with her brother after lunch.,她午餐後和她哥哥分享了一顆柳橙。,an,legacy_review_required,,,an,,,,
junior-every,every,junior-every,每個/每一的,Articles,8,junior-every-ex1,He practices speaking English every single day.,他每一天都練習說英文。,every,legacy_review_required,junior-every-ex2,We should drink water every day to keep healthy.,我們應該每天喝水來保持健康。,every,legacy_review_required,,,every,,,,
elementary-the,the,elementary-the,這/那/這些/那些,Articles,2,elementary-the-ex1,The dog in the garden belongs to our neighbor.,花園裡的那隻狗是我們鄰居的。,the,legacy_review_required,elementary-the-ex2,The sky looks very clear and bright tonight.,今天晚上的天空看起來非常清朗且明亮。,the,legacy_review_required,,,the,,,,
elementary-this,this,elementary-this,這/這個,Articles,3,elementary-this-ex1,This storybook is very interesting and has nice pictures.,這本故事書非常有趣，而且有漂亮的圖片。,this,legacy_review_required,elementary-this-ex2,This English book belongs to the school library.,這本英文書屬於學校圖書館。,this,legacy_review_required,,,this,,,,
elementary-that,that,elementary-that,那/那個,Articles,3,elementary-that-ex1,That tall tree in the park is a banyan.,公園裡那棵高大的樹是一棵榕樹。,that,legacy_review_required,elementary-that-ex2,That big black dog over there is very friendly.,那邊那隻黑大狗非常友善。,that,legacy_review_required,,,that,,,,
passport-those,those,passport-those,那些,Articles,6,passport-those-ex1,Those sweet grapes in the kitchen are for you.,廚房裡的那些甜葡萄是給你的。,those,legacy_review_required,passport-those-ex2,Those tall trees in the yard block the hot sun.,院子裡那些高大樹木遮擋了烈日。,those,legacy_review_required,,,those,,,,
passport-these,these,passport-these,這些,Articles,6,passport-these-ex1,These colorful markers on the desk are mine.,書桌上的這些彩色麥克筆是我的。,these,legacy_review_required,passport-these-ex2,These crayons are for you to paint your drawing.,這些蠟筆是給你畫畫上色用的。,these,legacy_review_required,,,these,,,,
elementary-i,I,elementary-i,我(主格),Pronouns,1,elementary-i-ex1,I want to learn how to play the piano.,我想學習如何彈鋼琴。,I,legacy_review_required,elementary-i-ex2,I love reading interesting stories before bed.,我喜歡在睡前閱讀有趣的故事。,I,legacy_review_required,,,I,,,,
elementary-he,he,elementary-he,他(主格),Pronouns,1,elementary-he-ex1,He is the tallest boy in our school team.,他是我們校隊裡最高挑的男孩。,he,legacy_review_required,elementary-he-ex2,He is my best friend in Xingang Elementary School.,他是我就讀新港國小最好的朋友。,he,legacy_review_required,,,he,,,,
elementary-she,she,elementary-she,她(主格),Pronouns,2,elementary-she-ex1,She wrote a beautiful poem for her kind mother.,她為她親切的母親寫了一首美麗的詩。,she,legacy_review_required,elementary-she-ex2,She draws beautiful pictures of flowers in her book.,她在書上畫了美麗的花朵圖畫。,she,legacy_review_required,,,she,,,,
junior-me,me,junior-me,我(受格),Pronouns,1,junior-me-ex1,Please give me the English book on the table.,請把桌上的英文書給我。,me,legacy_review_required,junior-me-ex2,Please show me how to write this English word.,請教我怎麼寫這個英文單字。,me,legacy_review_required,,,me,,,,
passport-him,him,passport-him,他(受格),Pronouns,1,passport-him-ex1,I sent him an email to invite him today.,我今天給他發了一封電子郵件邀請他。,him,legacy_review_required,passport-him-ex2,I saw him playing basketball in the school playground.,我看到他在學校操場上打籃球。,him,legacy_review_required,,,him,,,,
junior-her,her,junior-her,她(受格)/她的(所有格),Pronouns,1,junior-her-ex1,We gave her a birthday gift to surprise her.,我們給了她一份生日禮物以給她驚喜。,her,legacy_review_required,junior-her-ex2,Her mother works in the hospital near our house.,她媽媽在我們家附近的醫院工作。,her,legacy_review_required,,,her,,,,
elementary-you,you,elementary-you,你/你們(主格/受格),Pronouns,2,elementary-you-ex1,You should wash your hands before eating dinner.,你在吃晚餐前應該要洗手。,you,legacy_review_required,elementary-you-ex2,You did a wonderful job on your math quiz today.,你今天的數學小考做得非常好。,you,legacy_review_required,,,you,,,,
junior-we,we,junior-we,我們(主格),Pronouns,1,junior-we-ex1,We walked to the park and played games together.,我們走路去公園並一起玩遊戲。,we,legacy_review_required,junior-we-ex2,We must stand together to clean our classroom.,我們必須站在一起打掃我們的教室。,we,legacy_review_required,,,we,,,,
junior-us,us,junior-us,我們(受格),Pronouns,1,junior-us-ex1,The teacher read us an interesting story in class.,老師在課堂上給我們讀了一個有趣的故事。,us,legacy_review_required,junior-us-ex2,The English teacher gave us some colorful stickers.,英文老師給了我們一些彩色的貼紙。,us,legacy_review_required,,,us,,,,
elementary-it,it,elementary-it,牠/它(主格/受格),Pronouns,1,elementary-it-ex1,"The cat is sleeping, so please do not wake it.",貓咪正在睡覺，所以請不要喚醒牠。,it,legacy_review_required,elementary-it-ex2,I bought a new toy car and it is very fast.,我買了一輛新玩具車，它跑得非常快。,it,legacy_review_required,,,it,,,,
passport-they,they,passport-they,他們/她們/它們(主格),Pronouns,3,passport-they-ex1,They went to the library to study together yesterday.,他們昨天去圖書館一起學習。,they,legacy_review_required,passport-they-ex2,They run happily on the school grass field.,他們在學校的草地上快樂地奔跑。,they,legacy_review_required,,,they,,,,
junior-them,them,junior-them,他們/她們/它們(受格),Pronouns,3,junior-them-ex1,We invited them to join our English club tomorrow.,我們邀請他們明天加入我們的英文社團。,them,legacy_review_required,junior-them-ex2,Please tell them to clean up their study desks.,請告訴他們整理好他們的書桌。,them,legacy_review_required,,,them,,,,
passport-nothing,nothing,passport-nothing,沒有什麼/無事/無物,Pronouns,7,passport-nothing-ex1,There is nothing in the box; it is empty.,箱子裡什麼都沒有，它是空的。,nothing,legacy_review_required,passport-nothing-ex2,There is nothing inside the small gift box.,小禮物盒裡什麼也沒有。,nothing,legacy_review_required,,,nothing,,,,
junior-be,be,junior-be,是/在/存在,Be & Auxiliaries,1,junior-be-ex1,Please be quiet when the teacher is speaking.,老師說話時請保持安靜。,be,legacy_review_required,junior-be-ex2,Try to be a helpful student in your class.,試著在班上當一名樂於助人的學生。,be,legacy_review_required,,,be,,,,
elementary-do,do,elementary-do,做/助動詞,Be & Auxiliaries,1,elementary-do-ex1,What do you want to do after class today?,你今天下課後想要做什麼？,do,legacy_review_required,elementary-do-ex2,Please do your homework before playing games.,玩遊戲前請先做完功課。,do,legacy_review_required,,,do,,,,
elementary-can,can,elementary-can,能/會/罐頭/可以,Be & Auxiliaries,1,elementary-can-ex1,I can play the recorder very well now.,我現在直笛可以吹得非常好了。,can,legacy_review_required,elementary-can-ex2,A busy little bee can fly very fast.,忙碌的小蜜蜂能飛得很快。,can,legacy_review_required,,,can,,,,
junior-will,will,junior-will,將/會/意志,Be & Auxiliaries,3,junior-will-ex1,I will go to the zoo with my family.,我將會和我的家人一起去動物園。,will,legacy_review_required,junior-will-ex2,I will show you my new storybook tomorrow.,我明天會展示我的新故事書給你看。,will,legacy_review_required,,,will,,,,
junior-and,and,junior-and,和/並且,Conjunctions,1,junior-and-ex1,I bought a blue pen and a red pencil.,我買了一支藍色筆和一支紅色鉛筆。,and,legacy_review_required,junior-and-ex2,My sister and I draw pictures together on weekends.,我妹妹和我週末一起畫畫。,and,legacy_review_required,,,and,,,,
junior-but,but,junior-but,但是/然而,Conjunctions,1,junior-but-ex1,He ran fast but still missed the school bus.,他跑得很快，但還是錯過了校車。,but,legacy_review_required,junior-but-ex2,He tried hard but could not solve the math problem.,他很努力，但是無法解出這道數學題。,but,legacy_review_required,,,but,,,,
passport-because,because,passport-because,因為,Conjunctions,8,passport-because-ex1,We stayed home because the weather was very rainy.,我們待在家裡，因為天氣下大雨。,because,legacy_review_required,passport-because-ex2,I went to sleep early because I felt tired.,我早點睡覺，因為我覺得累了。,because,legacy_review_required,,,because,,,,
passport-hi,hi,passport-hi,嗨/你好,Interjections,1,passport-hi-ex1,"Hi, Tim! How are you doing today?",嗨，提姆！你今天好嗎？,hi,legacy_review_required,passport-hi-ex2,"Hi, how are you doing in school today?",嗨，你今天在學校過得怎麼樣？,hi,legacy_review_required,,,hi,,,,
passport-hello,hello,passport-hello,你好/哈囉,Interjections,5,passport-hello-ex1,Say hello to your grandparents when you see them.,看到爺爺奶奶時要跟他們問好。,hello,legacy_review_required,passport-hello-ex2,Say hello to our new classmate with a smile.,用微笑跟我們的新同學說你好。,hello,legacy_review_required,,,hello,,,,
junior-please,please,junior-please,請/使高興,Interjections,7,junior-please-ex1,Please pass me the salt on the dining table.,請把餐桌上的鹽遞給我。,please,legacy_review_required,junior-please-ex2,Please show me the way to the school gym.,請指引我去學校體育館的路。,please,legacy_review_required,,,please,,,,
passport-excuse-me,excuse me,passport-excuse-me,不好意思/請原諒我,Other,8,passport-excuse-me-ex1,"Excuse me, where is the nearest MRT station?",不好意思，請問最近的捷運站在哪裡？,excuse me,legacy_review_required,passport-excuse-me-ex2,"Excuse me, could you please repeat the English sentence?",不好意思，可以請您再重複一次英文句子嗎？,excuse me,legacy_review_required,,,excuse me,,,,
elementary-at,at,elementary-at,在...地方/在...時刻,Prepositions,1,elementary-at-ex1,We arrived at the zoo at ten o'clock.,我們在十點鐘抵達了動物園。,at,legacy_review_required,elementary-at-ex2,We eat our lunch together at noon.,我們在中午一起吃午餐。,at,legacy_review_required,,,at,,,,
elementary-in,in,elementary-in,在...裡面,Prepositions,1,elementary-in-ex1,The keys are in the pocket of my coat.,鑰匙在我大衣的口袋裡。,in,legacy_review_required,elementary-in-ex2,There are three pencils and an eraser in my box.,我的鉛筆盒裡有三支鉛筆和一個橡皮擦。,in,legacy_review_required,,,in,,,,
passport-of,of,passport-of,的/屬於/關於,Prepositions,1,passport-of-ex1,The color of the school bag is navy blue.,書包的顏色是深藍色。,of,legacy_review_required,passport-of-ex2,She is the class leader of our fifth-grade class.,她是我們五年級班上的班長。,of,legacy_review_required,,,of,,,,
passport-out,out,passport-out,在外面/出/離,Prepositions,2,passport-out-ex1,He looked out the window and saw a bird.,他向窗外看去，看到了一隻鳥。,out,legacy_review_required,passport-out-ex2,The students ran out to play recess games.,學生們跑出去玩下課遊戲。,out,legacy_review_required,,,out,,,,
junior-for,for,junior-for,為了/給/適合/因為,Prepositions,1,junior-for-ex1,This blue bicycle is a birthday gift for you.,這輛藍色腳踏車是送給你的生日禮物。,for,legacy_review_required,junior-for-ex2,I made this card for my sister's birthday.,我做這張卡片是為了我妹妹的生日。,for,legacy_review_required,,,for,,,,
passport-near,near,passport-near,靠近/在...附近,Prepositions,3,passport-near-ex1,The convenience store is located near our school.,這家便利商店位於我們學校附近。,near,legacy_review_required,passport-near-ex2,Our school is near the public library and the park.,我們學校在公共圖書館和公園附近。,near,legacy_review_required,,,near,,,,
junior-by,by,junior-by,藉由/在...旁邊/被,Prepositions,1,junior-by-ex1,We went to the beautiful beach by train yesterday.,我們昨天坐火車去美麗的海灘。,by,legacy_review_required,junior-by-ex2,He goes to school by school bus every morning.,他每天早上搭乘校車上學。,by,legacy_review_required,,,by,,,,
elementary-on,on,elementary-on,在...上面/在...之時,Prepositions,1,elementary-on-ex1,The book is on the desk next to computer.,書在電腦旁邊的書桌上。,on,legacy_review_required,elementary-on-ex2,Please put your homework book on my desk.,請把你的功課本放在我的桌上。,on,legacy_review_required,,,on,,,,
passport-behind,behind,passport-behind,在...後面,Prepositions,6,passport-behind-ex1,The cat is hiding behind the bedroom door.,貓咪正躲在臥室門的後面。,behind,legacy_review_required,passport-behind-ex2,The little cat is sleeping behind the sofa.,小貓咪正在沙發後面睡覺。,behind,legacy_review_required,,,behind,,,,
junior-from,from,junior-from,來自/從,Prepositions,2,junior-from-ex1,"Where are you from, Taiwan or the USA?",你來自哪裡，台灣還是美國？,from,legacy_review_required,junior-from-ex2,This fresh red apple comes from a local orchard.,這顆新鮮的紅蘋果來自當地的果園。,from,legacy_review_required,,,from,,,,
passport-off,off,passport-off,離開/脫落/關掉,Prepositions,2,passport-off-ex1,Remember to turn off the lights before you leave.,離開前記得關燈。,off,legacy_review_required,passport-off-ex2,Please turn off the lights when leaving the classroom.,離開教室時請關燈。,off,legacy_review_required,,,off,,,,
passport-to,to,passport-to,向/往/給/到,Prepositions,1,passport-to-ex1,I walked to the library to borrow some books.,我走路去圖書館借一些書。,to,legacy_review_required,passport-to-ex2,We listen carefully to the English teacher.,我們仔細聆聽英文老師說話。,to,legacy_review_required,,,to,,,,
passport-up,up,passport-up,向上/往上,Prepositions,1,passport-up-ex1,He woke up early and washed his face quickly.,他早早醒來，迅速地洗了臉。,up,legacy_review_required,passport-up-ex2,Hold up your hand if you want to answer.,如果你想回答請舉手。,up,legacy_review_required,,,up,,,,
passport-over,over,passport-over,在...上方/越過/結束,Prepositions,5,passport-over-ex1,The white bird is flying over the calm lake.,那隻白鳥正飛越平靜的湖面上方。,over,legacy_review_required,passport-over-ex2,"The class is over, and we can go to play soccer.",下課了，我們可以去踢足球。,over,legacy_review_required,,,over,,,,
junior-than,than,junior-than,比/比較,Prepositions,3,junior-than-ex1,An elephant is much bigger than a tiger.,大象比老虎大得多。,than,legacy_review_required,junior-than-ex2,An elephant is much bigger than a horse.,大象比馬大得多。,than,legacy_review_required,,,than,,,,
junior-with,with,junior-with,與...一起/具有/用,Prepositions,4,junior-with-ex1,I went to the library with my classmates yesterday.,我昨天和同學們一起去圖書館。,with,legacy_review_required,junior-with-ex2,We write the new English sentences with a pencil.,我們用鉛筆寫下新的英文句子。,with,legacy_review_required,,,with,,,,
elementary-under,under,elementary-under,在...下面,Prepositions,6,elementary-under-ex1,The small puppy is sleeping under the wooden chair.,小狗正坐在木椅底下睡覺。,under,legacy_review_required,elementary-under-ex2,A sleepy puppy is resting under the classroom table.,一隻睡眼惺忪的小狗正在教室桌子底下休息。,under,legacy_review_required,,,under,,,,
junior-next-to,next to,junior-next-to,在...旁邊/緊鄰,Prepositions,7,junior-next-to-ex1,The school bookstore is next to the post office.,學校書店在郵局旁邊。,next to,legacy_review_required,junior-next-to-ex2,Tim sits next to me in the English class.,提姆在英文課上坐在我旁邊。,next to,legacy_review_required,,,next to,,,,
junior-about,about,junior-about,關於/大約,Prepositions,5,junior-about-ex1,She told us an interesting story about a brave monkey.,她跟我們講了一個關於勇敢猴子的有趣故事。,about,legacy_review_required,junior-about-ex2,This story is about a brave little dog and a cat.,這個故事是關於一隻勇敢的小狗和貓咪。,about,legacy_review_required,,,about,,,,
passport-inside,inside,passport-inside,在...裡面/內部,Prepositions,8,passport-inside-ex1,"It is raining, so please play inside the classroom.",外面在下雨，所以請在教室裡面玩。,inside,legacy_review_required,passport-inside-ex2,We stayed inside our house during the heavy typhoon.,強颱風期間我們待在屋子裡。,inside,legacy_review_required,,,inside,,,,
passport-outside,outside,passport-outside,在...外面/外部,Prepositions,8,passport-outside-ex1,The children are playing tag outside the house.,孩子們正在房子外面玩捉人遊戲。,outside,legacy_review_required,passport-outside-ex2,Let's play basketball outside on this sunny day.,在這個晴天，我們去外面打籃球吧。,outside,legacy_review_required,,,outside,,,,
junior-after,after,junior-after,在...之後,Prepositions,5,junior-after-ex1,Remember to wash your hands after using the restroom.,上完廁所後記得洗手。,after,legacy_review_required,junior-after-ex2,We wash our hands after playing soccer.,我們踢完足球後會洗手。,after,legacy_review_required,,,after,,,,
junior-front,front,junior-front,前面/前方的/鋒面,Prepositions,4,junior-front-ex1,The bus stop is right in front of our school gate.,公車站就在我們學校大門口前面。,front,legacy_review_required,junior-front-ex2,"A cold front is coming, so the weather will turn chilly.",冷鋒即將到來，所以天氣會變涼。,front,legacy_review_required,,,front,,,,
elementary-box,box,elementary-box,盒子/箱子,Other,1,elementary-box-ex1,He put all his colorful markers into the wooden box.,他把所有彩色麥克筆放進木箱裡。,box,legacy_review_required,elementary-box-ex2,I keep my red crayons inside this wooden box.,我把紅色蠟筆收在這個木盒裡。,box,legacy_review_required,,,box,,,,
passport-bottle,bottle,passport-bottle,瓶子,Other,6,passport-bottle-ex1,Please bring a bottle of water to the playground.,請帶一瓶水去操場。,bottle,legacy_review_required,passport-bottle-ex2,Bring a bottle of warm water with you to school.,帶一瓶溫水去學校。,bottle,legacy_review_required,,,bottle,,,,
junior-gift,gift,junior-gift,禮物/天賦,Other,3,junior-gift-ex1,This beautiful drawing is a birthday gift for my mom.,這幅美麗的圖畫是送給我媽媽的生日禮物。,gift,legacy_review_required,junior-gift-ex2,I made a pretty card to go with the birthday gift.,我做了一張漂亮的卡片來搭配生日禮物。,gift,legacy_review_required,,,gift,,,,
passport-mail,mail,passport-mail,信件/寄信/郵件,Other,3,passport-mail-ex1,Did we receive any mail or packages this morning?,我們今天早上有收到任何信件或包裹嗎？,mail,legacy_review_required,passport-mail-ex2,The mailman delivered some mail to my grandparents.,郵差送了一些信件給我祖父母。,mail,legacy_review_required,,,mail,,,,
passport-email,email,passport-email,電子郵件/發電子郵件,Other,5,passport-email-ex1,I sent an email to invite my cousin to our house.,我寄了一封電子郵件邀請我表哥來我們家。,email,legacy_review_required,passport-email-ex2,My sister sent an email to thank her English teacher.,我妹妹發了一封電子郵件來感謝她的英文老師。,email,legacy_review_required,,,email,,,,
junior-tree,tree,junior-tree,樹/樹木,Other,3,junior-tree-ex1,The boys are climbing the big banyan tree in the park.,男孩們正在爬公園裡的大榕樹。,tree,legacy_review_required,junior-tree-ex2,A small bird built its nest in the tall tree.,一隻小鳥在樹上建造了牠的巢。,tree,legacy_review_required,,,tree,,,,
passport-way,way,passport-way,路/方法/方向,Other,2,passport-way-ex1,"Excuse me, which is the correct way to the train station?",不好意思，請問去火車站的正確路向是哪一條？,way,legacy_review_required,passport-way-ex2,Do you know the way to the public library?,你知道去公共圖書館的路嗎？,way,legacy_review_required,,,way,,,,
passport-word,word,passport-word,字/單字/詞,Other,4,passport-word-ex1,Try to write a new sentence with this English word.,嘗試用這個英文單字寫一個新句子。,word,legacy_review_required,passport-word-ex2,We must practice spelling these new English words.,我們必須練習拼寫這些新的英文單字。,word,legacy_review_required,,,word,,,,
passport-sale,sale,passport-sale,特賣/拍賣/出售,Other,5,passport-sale-ex1,Those cool toys in the shop are on sale today.,店裡那些炫酷的玩具今天特價拍賣。,sale,legacy_review_required,passport-sale-ex2,This bookstore has a big book sale today.,這家書店今天舉辦圖書大特賣。,sale,legacy_review_required,,,sale,,,,
junior-fun,fun,junior-fun,樂趣/有趣的/好玩的,Other,1,junior-fun-ex1,Playing card games with friends is always full of fun.,和朋友一起玩卡牌遊戲總是充滿樂趣。,fun,legacy_review_required,junior-fun-ex2,Playing board games with family is very fun.,和家人一起玩桌遊非常有趣。,fun,legacy_review_required,,,fun,,,,
passport-thing,thing,passport-thing,東西/事物/事情,Other,4,passport-thing-ex1,Please put your personal things into your school bag.,請把你的個人東西放進你的書包裡。,thing,legacy_review_required,passport-thing-ex2,Sharing is a good thing that makes us happy.,分享是一件會讓我們快樂的好事。,thing,legacy_review_required,,,thing,,,,
passport-ticket,ticket,passport-ticket,票/券/罰單,Other,7,passport-ticket-ex1,We need to buy a train ticket to go to Hualien.,我們需要買一張火車票去花蓮。,ticket,legacy_review_required,passport-ticket-ex2,My father bought three train tickets to Hualien.,我爸爸買了三張去花蓮的火車票。,ticket,legacy_review_required,,,ticket,,,,
passport-dream,dream,passport-dream,夢/夢想/做夢,Other,4,passport-dream-ex1,I had a funny dream about flying in the sky last night.,我昨晚做了一個關於在天空中飛翔的有趣夢境。,dream,legacy_review_required,passport-dream-ex2,My dream is to become a helpful doctor.,我的夢想是成為一名樂於助人的醫生。,dream,legacy_review_required,,,dream,,,,
junior-party,party,junior-party,派對/宴會/黨派,Other,6,junior-party-ex1,All the students wore funny hats to the birthday party.,所有的學生都戴著有趣的帽子去參加生日派對。,party,legacy_review_required,junior-party-ex2,We decorated the classroom for our Christmas party.,我們為聖誕派對裝飾了教室。,party,legacy_review_required,,,party,,,,
passport-photo,photo,passport-photo,照片/相片,Other,6,passport-photo-ex1,He showed me a group photo of his family.,他向我展示了一張他家人的合照。,photo,legacy_review_required,passport-photo-ex2,I took a nice photo of the orange sunset.,我拍了一張美麗的橘色日落照片。,photo,legacy_review_required,,,photo,,,,
passport-robot,robot,passport-robot,機器人,Other,6,passport-robot-ex1,He built a cool robot with some legos yesterday.,他昨天用樂高積木組裝了一個酷機器人。,robot,legacy_review_required,passport-robot-ex2,He loves to build toy robots with plastic blocks.,他很喜歡用塑膠積木建造玩具機器人。,robot,legacy_review_required,,,robot,,,,
junior-flower,flower,junior-flower,花/花朵/開花,Other,6,junior-flower-ex1,The sweet roses in the garden bloom in spring.,花園裡的甜美玫瑰在春天盛開。,flower,legacy_review_required,junior-flower-ex2,A busy bee is visiting a colorful flower in the yard.,一隻忙碌的蜜蜂正在拜訪院子裡色彩繽紛的花朵。,flower,legacy_review_required,,,flower,,,,
junior-cellphone,cellphone,junior-cellphone,手機/行動電話,Other,8,junior-cellphone-ex1,Please turn off your cellphone before the test starts.,請在考試開始前關閉手機。,cellphone,legacy_review_required,junior-cellphone-ex2,Please ask for permission before using your parents' cellphone.,使用父母的手機前請先詢問許可。,cellphone,legacy_review_required,,,cellphone,,,,
junior-birthday,birthday,junior-birthday,生日,Other,7,junior-birthday-ex1,What do you want for your tenth birthday gift?,你十歲生日禮物想要什麼？,birthday,legacy_review_required,junior-birthday-ex2,We sang a happy birthday song to our grandmother.,我們給祖母唱了生日快樂歌。,birthday,legacy_review_required,,,birthday,,,,
elementary-go,go,elementary-go,去/前進/出發,Actions,1,elementary-go-ex1,We will go for a hike in Yangmingshan this weekend.,我們這週末要去陽明山健行。,go,legacy_review_required,elementary-go-ex2,Let's go to the school library to borrow books.,我們去學校圖書館借書吧。,go,legacy_review_required,,,go,,,,
junior-get,get,junior-get,得到/獲得/到達/拿到,Actions,1,junior-get-ex1,I hope you can get good grades on the test.,我希望你考試能取得好成績。,get,legacy_review_required,junior-get-ex2,Did you get a gold star on your homework today?,你今天的作業有得到金星獎章嗎？,get,legacy_review_required,,,get,,,,
passport-cry,cry,passport-cry,哭/哭泣/叫喊,Actions,1,passport-cry-ex1,The little baby started to cry because he was hungry.,小嬰兒開始哭泣，因為他餓了。,cry,legacy_review_required,passport-cry-ex2,The little baby stopped crying when mother held her.,當媽媽抱著她時，小嬰兒停止了哭泣。,cry,legacy_review_required,,,cry,,,,
junior-hit,hit,junior-hit,打/擊中/打擊,Actions,1,junior-hit-ex1,He hit the baseball with his new bat yesterday.,他昨天用他的新球棒擊中了棒球。,hit,legacy_review_required,junior-hit-ex2,Benson hit the baseball far into the grass field.,班森把棒球遠遠地擊入草地裡。,hit,legacy_review_required,,,hit,,,,
junior-put,put,junior-put,放置/擺放,Actions,2,junior-put-ex1,Please put the dirty clothes into the laundry basket.,請把髒衣服放進洗衣籃裡。,put,legacy_review_required,junior-put-ex2,Please put your English books back into your schoolbag.,請把你的英文書放回書包裡。,put,legacy_review_required,,,put,,,,
elementary-see,see,elementary-see,看見/看到/明白,Actions,2,elementary-see-ex1,I can see a beautiful rainbow over the mountain.,我能看到山那邊有一道美麗的彩虹。,see,legacy_review_required,elementary-see-ex2,I see a beautiful blue bird singing in the tree.,我看見一隻美麗的藍鳥在樹上唱歌。,see,legacy_review_required,,,see,,,,
junior-sit,sit,junior-sit,坐/坐下,Actions,2,junior-sit-ex1,"Sit down and listen to the teacher carefully, please.",請坐好並仔細聽老師說話。,sit,legacy_review_required,junior-sit-ex2,Sit down on your chair and get ready for class.,坐在你的椅子上準備上課。,sit,legacy_review_required,,,sit,,,,
junior-try,try,junior-try,嘗試/努力/試圖,Actions,2,junior-try-ex1,You should try to practice speaking English every day.,你應該嘗試每天練習說英文。,try,legacy_review_required,junior-try-ex2,Always try your best even if the question is hard.,即使問題很難，也要總是盡力而為。,try,legacy_review_required,,,try,,,,
junior-call,call,junior-call,呼叫/打電話/打給/稱呼,Actions,2,junior-call-ex1,I will call you when I arrive at the station.,我抵達車站後會打電話給你。,call,legacy_review_required,junior-call-ex2,We can call our grandparents to say hello.,我們可以打電話給我們的祖父母問好。,call,legacy_review_required,,,call,,,,
junior-come,come,junior-come,來/來到,Actions,5,junior-come-ex1,Please come to my house and play games this Saturday.,這星期六請來我家玩遊戲。,come,legacy_review_required,junior-come-ex2,Please come to my desk and share this storybook.,請到我的書桌旁一起分享這本故事書。,come,legacy_review_required,,,come,,,,
junior-find,find,junior-find,尋找/發現/找到,Actions,2,junior-find-ex1,Did you find the key to your desk drawer?,你找到你的書桌抽屜鑰匙了嗎？,find,legacy_review_required,junior-find-ex2,I found my lost blue marker under the desk.,我在書桌底下找到了我遺失的藍色白板筆。,find,legacy_review_required,,,find,,,,
junior-feel,feel,junior-feel,感覺/覺得/觸摸,Actions,2,junior-feel-ex1,I feel very happy because tomorrow is my birthday.,我感到非常高興，因為明天是我的生日。,feel,legacy_review_required,junior-feel-ex2,I feel very happy when I play soccer with friends.,當我和朋友踢足球時，我感到很高興。,feel,legacy_review_required,,,feel,,,,
elementary-have,have,elementary-have,擁有/有/吃,Actions,5,elementary-have-ex1,We have a fun art class every Wednesday morning.,我們每個星期三早上有一節有趣的美術課。,have,legacy_review_required,elementary-have-ex2,Do you have any questions about this English word?,你對這個英文單字有任何疑問嗎？,have,legacy_review_required,,,have,,,,
junior-help,help,junior-help,幫助/幫忙/協助,Actions,3,junior-help-ex1,Can you help me clean the blackboard after class?,下課後你能幫我擦黑板嗎？,help,legacy_review_required,junior-help-ex2,My brother helps me pack my heavy schoolbag.,我哥哥幫我整理我重重的書包。,help,legacy_review_required,,,help,,,,
passport-hope,hope,passport-hope,希望/盼望,Actions,5,passport-hope-ex1,I hope the weather turns sunny for our picnic tomorrow.,我希望明天的天氣放晴以便我們去野餐。,hope,legacy_review_required,passport-hope-ex2,I hope you have a happy and wonderful weekend.,我希望你度過一個快樂而美好的週末。,hope,legacy_review_required,,,hope,,,,
passport-hurt,hurt,passport-hurt,受傷/疼痛/傷害,Actions,3,passport-hurt-ex1,He fell off his bike and hurt his right knee.,他從腳踏車上摔下來，弄傷了右膝蓋。,hurt,legacy_review_required,passport-hurt-ex2,He hurt his knee when he fell on the playground.,他在操場上跌倒時弄傷了膝蓋。,hurt,legacy_review_required,,,hurt,,,,
junior-know,know,junior-know,知道/認識/了解,Actions,3,junior-know-ex1,Do you know how to write this difficult English word?,你知道怎麼寫這個難懂的英文單字嗎？,know,legacy_review_required,junior-know-ex2,I know how to write all the spelling words today.,我知道今天所有的拼字怎麼寫。,know,legacy_review_required,,,know,,,,
elementary-like,like,elementary-like,喜歡/像,Actions,5,elementary-like-ex1,I like reading interesting stories about space and stars.,我喜歡讀關於太空和星星的有趣故事。,like,legacy_review_required,elementary-like-ex2,I like to draw flowers and trees in my notebook.,我喜歡在我的筆記本上畫花和樹木。,like,legacy_review_required,,,like,,,,
junior-look,look,junior-look,看/看起來/注視,Actions,3,junior-look-ex1,Look at those fluffy white clouds floating in sky.,看天空中漂浮的那些蓬鬆白雲。,look,legacy_review_required,junior-look-ex2,Look at the colorful butterfly sitting on the rose.,看那隻停在玫瑰上的彩色蝴蝶。,look,legacy_review_required,,,look,,,,
junior-love,love,junior-love,愛/熱愛/喜愛,Actions,5,junior-love-ex1,Children love to play in the cool water during summer.,孩子們夏天熱愛在涼爽的水中玩耍。,love,legacy_review_required,junior-love-ex2,We love our warm family and supportive classmates.,我們愛我們溫馨的家庭和互相支持的同學。,love,legacy_review_required,,,love,,,,
passport-meet,meet,passport-meet,遇見/會面/迎接,Actions,3,passport-meet-ex1,We will meet at the park entrance at nine o'clock.,我們九點鐘在公園門口碰面。,meet,legacy_review_required,passport-meet-ex2,I will meet my friends at the park gate at nine.,我九點會在公園門口和朋友碰面。,meet,legacy_review_required,,,meet,,,,
passport-miss,miss,passport-miss,想念/錯過,Actions,3,passport-miss-ex1,I will miss my friendly classmates during summer holiday.,暑假期間我會想念我的友善同學。,miss,legacy_review_required,passport-miss-ex2,I will miss my friendly teacher during summer holidays.,暑假期間我會想念我那友善的老師。,miss,legacy_review_required,,,miss,,,,
junior-need,need,junior-need,需要/必須,Actions,3,junior-need-ex1,We need to buy some fresh eggs to bake the cake.,我們需要買一些新鮮雞蛋來烤蛋糕。,need,legacy_review_required,junior-need-ex2,I need some clean paper to write my homework.,我需要一些乾淨的紙寫作業。,need,legacy_review_required,,,need,,,,
junior-open,open,junior-open,打開/開的/營業的,Actions,5,junior-open-ex1,Please open the window to let the fresh air in.,請打開窗戶讓新鮮空氣進來。,open,legacy_review_required,junior-open-ex2,Please open your workbook and read page three aloud.,請打開你的練習本/習作並大聲朗讀第三頁。,open,legacy_review_required,,,open,,,,
passport-stop,stop,passport-stop,停止/站牌/車站,Actions,3,passport-stop-ex1,The yellow school bus stops in front of the gate.,黃色校車停在大門前面。,stop,legacy_review_required,passport-stop-ex2,The cars must stop when the traffic light turns red.,當紅綠燈變紅時，汽車必須停止。,stop,legacy_review_required,,,stop,,,,
junior-tell,tell,junior-tell,告訴/講述/吩咐,Actions,3,junior-tell-ex1,Can you tell me the way to the school library?,你能告訴我前往學校圖書館的路嗎？,tell,legacy_review_required,junior-tell-ex2,My grandmother likes to tell us interesting stories.,我祖母很喜歡給我們講有趣的故事。,tell,legacy_review_required,,,tell,,,,
junior-wait,wait,junior-wait,等待/等候,Actions,3,junior-wait-ex1,Wait for me at the post office after school.,放學後在郵局等我。,wait,legacy_review_required,junior-wait-ex2,Please wait for me near the school library gate.,請在學校圖書館門口附近等我。,wait,legacy_review_required,,,wait,,,,
elementary-walk,walk,elementary-walk,散步/走路,Actions,3,elementary-walk-ex1,We walk to school together every morning.,我們每天早上一起走路去學校。,walk,legacy_review_required,elementary-walk-ex2,I walk home with my classmates after school.,放學後我和同學一起走路回家。,walk,legacy_review_required,,,walk,,,,
elementary-want,want,elementary-want,想要/需要,Actions,3,elementary-want-ex1,I want to buy a box of chocolate cookies.,我想買一盒巧克力餅乾。,want,legacy_review_required,elementary-want-ex2,I want to draw a picture of a giant elephant.,我想畫一張大象的畫。,want,legacy_review_required,,,want,,,,
junior-give,give,junior-give,給/給予/贈送,Actions,5,junior-give-ex1,Please give me the red marker on the desk.,請把書桌上的紅色麥克筆給我。,give,legacy_review_required,junior-give-ex2,Please give this green pencil case to your sister.,請把這個綠色筆袋給你妹妹/姊姊。,give,legacy_review_required,,,give,,,,
junior-make,make,junior-make,製作/做/使,Actions,5,junior-make-ex1,We will make a paper kite in art class tomorrow.,我們明天美術課要做一個紙風箏。,make,legacy_review_required,junior-make-ex2,We make healthy salad together in our cooking class.,我們在烹飪課上一起製作健康的沙拉。,make,legacy_review_required,,,make,,,,
passport-brush,brush,passport-brush,刷/刷子/畫筆/刷淨,Actions,4,passport-brush-ex1,Remember to brush your teeth before going to bed.,記得睡前要刷牙。,brush,legacy_review_required,passport-brush-ex2,Remember to brush your teeth before going to sleep.,記得在睡覺前刷牙。,brush,legacy_review_required,,,brush,,,,
passport-hurry,hurry,passport-hurry,趕快/急忙,Actions,5,passport-hurry-ex1,"Hurry up, the school bus is coming down the road.",快點，校車已經開過來了。,hurry,legacy_review_required,passport-hurry-ex2,"Please hurry, or we will be late for class.",請快一點，否則我們上課會遲到。,hurry,legacy_review_required,,,hurry,,,,
passport-laugh,laugh,passport-laugh,笑/大笑,Actions,4,passport-laugh-ex1,The funny cartoon made all the children laugh out loud.,有趣的卡通讓所有的孩子大笑出聲。,laugh,legacy_review_required,passport-laugh-ex2,His funny facial expressions make everyone laugh.,他滑稽的表情逗得每個人哈哈大笑。,laugh,legacy_review_required,,,laugh,,,,
junior-close,close,junior-close,關閉/關上/接近的,Actions,5,junior-close-ex1,Please close the bedroom door quietly when you leave.,離開時請輕輕地關上臥室門。,close,legacy_review_required,junior-close-ex2,The supermarket will close in ten minutes.,超級市場將在十分鐘內關門。,close,legacy_review_required,,,close,,,,
passport-show,show,passport-show,給...看/展示/表演,Actions,3,passport-show-ex1,Please show me your beautiful drawings after class.,下課後請展示你美麗的畫作給我看。,show,legacy_review_required,passport-show-ex2,Let's show our appreciation to our parents today.,今天讓我們向父母表達我們的感謝。,show,legacy_review_required,,,show,,,,
elementary-sleep,sleep,elementary-sleep,睡覺/睡眠,Actions,4,elementary-sleep-ex1,Baby pandas sleep for many hours every single day.,貓熊寶寶每天都要睡很多個小時。,sleep,legacy_review_required,elementary-sleep-ex2,I always sleep with my soft puppy plush toy.,我總是抱著我柔軟的小狗玩偶睡覺。,sleep,legacy_review_required,,,sleep,,,,
junior-smell,smell,junior-smell,聞起來/氣味,Actions,4,junior-smell-ex1,These fresh flowers in the garden smell very sweet.,花園裡的這些鮮花聞起來非常香甜。,smell,legacy_review_required,junior-smell-ex2,The fresh baked bread smells absolutely wonderful.,剛烤好的麵包聞起來真是香極了。,smell,legacy_review_required,,,smell,,,,
junior-stand,stand,junior-stand,站立/站/看台,Actions,4,junior-stand-ex1,Please stand up when the teacher enters the classroom.,當老師進入教室時請站起來。,stand,legacy_review_required,junior-stand-ex2,We stand in a straight line to wait for the schoolbus.,我們排成一直線等待校車。,stand,legacy_review_required,,,stand,,,,
junior-start,start,junior-start,開始/出發,Actions,4,junior-start-ex1,The English movie will start in five minutes.,這部英文電影將在五分鐘內開始。,start,legacy_review_required,junior-start-ex2,Let's start our day with a warm smile.,讓我們用溫暖的微笑開始我們的一天。,start,legacy_review_required,,,start,,,,
junior-take,take,junior-take,拿取/攜帶/搭乘/花費(時間),Actions,5,junior-take-ex1,Remember to take your warm jacket with you today.,今天記得隨身帶上你溫暖的外套。,take,legacy_review_required,junior-take-ex2,It takes me fifteen minutes to walk to school.,我走路去學校花費十五分鐘。,take,legacy_review_required,,,take,,,,
passport-thank,thank,passport-thank,感謝/謝謝,Actions,4,passport-thank-ex1,I want to thank my teacher for helping me.,我要感謝老師對我的幫助。,thank,legacy_review_required,passport-thank-ex2,We should thank the school doctor for checking our health.,我們應該感謝校醫為我們檢查身體健康。,thank,legacy_review_required,,,thank,,,,
passport-touch,touch,passport-touch,觸碰/碰,Actions,4,passport-touch-ex1,Please do not touch the clean glass window.,請不要觸碰乾淨的玻璃窗。,touch,legacy_review_required,passport-touch-ex2,Do not touch the hot soup; it might burn you.,不要碰熱湯，它可能會燙傷你。,touch,legacy_review_required,,,touch,,,,
passport-wake,wake,passport-wake,醒來/喚醒,Actions,5,passport-wake-ex1,My mom wakes me up at seven o'clock every morning.,我媽媽每天早上七點鐘喚醒我。,wake,legacy_review_required,passport-wake-ex2,I wake up early to see the beautiful sunrise.,我早起觀賞美麗的日出。,wake,legacy_review_required,,,wake,,,,
passport-worry,worry,passport-worry,擔心/憂慮,Actions,6,passport-worry-ex1,"Do not worry, we still have enough time to finish.",不用擔心，我們仍有充足的時間來完成。,worry,legacy_review_required,passport-worry-ex2,"Do not worry about the game, just do your best.",不要擔心比賽，盡力而為就好。,worry,legacy_review_required,,,worry,,,,
passport-enjoy,enjoy,passport-enjoy,享受/喜愛,Actions,5,passport-enjoy-ex1,We enjoy reading English books in the library.,我們喜歡在圖書館讀英文書。,enjoy,legacy_review_required,passport-enjoy-ex2,We enjoy the cool breeze on the summer beach.,我們享受夏日海灘上的涼爽微風。,enjoy,legacy_review_required,,,enjoy,,,,
passport-welcome,welcome,passport-welcome,歡迎/受歡迎的,Interjections,8,passport-welcome-ex1,You are always welcome to join our sports club.,非常歡迎你加入我們的體育社團。,welcome,legacy_review_required,passport-welcome-ex2,We welcome the new student to join our class.,我們歡迎新同學加入我們班。,welcome,legacy_review_required,,,welcome,,,,
passport-pick-up,pick up,passport-pick-up,拾起/接送/撿起,Actions,7,passport-pick-up-ex1,Please pick up the paper trash on the classroom floor.,請撿起教室地板上的紙屑垃圾。,pick up,legacy_review_required,passport-pick-up-ex2,Please pick up your crayons from the floor.,請把你的蠟筆從地板上撿起來。,pick up,legacy_review_required,,,pick up,,,,
passport-ok,OK,passport-ok,好的/可以的,Interjections,1,passport-ok-ex1,Is it OK to play soccer on the grass?,在草地上踢足球可以嗎？,OK,legacy_review_required,passport-ok-ex2,Is it OK if I use your blue pencil case?,我可以用你的藍色鉛筆盒嗎？,OK,legacy_review_required,,,OK,,,,
junior-easy,easy,junior-easy,簡單的/容易的,Adjectives,5,junior-easy-ex1,"This spelling test is very easy, and I got ten points.",這個拼字測驗非常簡單，我拿了十分。,easy,legacy_review_required,junior-easy-ex2,Solving this riddle is easy if you read it carefully.,如果你仔細閱讀，解開這個謎題很容易。,easy,legacy_review_required,,,easy,,,,
junior-fine,fine,junior-fine,好的/晴朗的/細緻的/罰款,Adjectives,5,junior-fine-ex1,"The weather is fine today, let us go hiking.",今天天氣晴朗，我們去健行吧。,fine,legacy_review_required,junior-fine-ex2,"I am feeling fine today, thank you for asking.",我今天感覺很好，謝謝你的詢問。,fine,legacy_review_required,,,fine,,,,
junior-hard,hard,junior-hard,困難的/堅硬的/努力地,Adjectives,3,junior-hard-ex1,He works hard to practice playing the piano daily.,他每天努力練習彈鋼琴。,hard,legacy_review_required,junior-hard-ex2,The shell of a coconut is very hard to open.,椰子的殼非常堅硬，很難打開。,hard,legacy_review_required,,,hard,,,,
junior-only,only,junior-only,只有/僅有的/唯一的,Adjectives,5,junior-only-ex1,I have only one red pen in my pencil case.,我筆袋裡只有一支紅色原子筆。,only,legacy_review_required,junior-only-ex2,He is the only student who knows the answer.,他是唯一一個知道答案的學生。,only,legacy_review_required,,,only,,,,
junior-sure,sure,junior-sure,確定的/當然,Adjectives,5,junior-sure-ex1,Are you sure you put the keys in your pocket?,你確定有把鑰匙放在你的口袋裡嗎？,sure,legacy_review_required,junior-sure-ex2,I am sure we will have a great time at the zoo.,我確定我們在動物園會玩得很高興。,sure,legacy_review_required,,,sure,,,,
junior-dirty,dirty,junior-dirty,骯髒的/髒的,Adjectives,5,junior-dirty-ex1,Wash your dirty hands with soap before dinner.,晚餐前用肥皂清洗你髒髒的手。,dirty,legacy_review_required,junior-dirty-ex2,Please put your dirty socks into the laundry bag.,請把你的髒襪子放進洗衣袋裡。,dirty,legacy_review_required,,,dirty,,,,
junior-great,great,junior-great,很棒的/巨大的/偉大的,Adjectives,4,junior-great-ex1,Having a picnic in the park is a great idea.,在公園野餐是個極棒的主意。,great,legacy_review_required,junior-great-ex2,My grandparents tell great stories about their childhood.,我祖父母講了許多關於他們童年的精彩故事。,great,legacy_review_required,,,great,,,,
passport-other,other,passport-other,其他的/另外的,Adjectives,6,passport-other-ex1,Where are the other students of our class?,我們班上的其他學生在哪裡？,other,legacy_review_required,passport-other-ex2,"Some students like art, while others prefer PE.",有些學生喜歡美勞，而另外一些則更偏愛體育。,other,legacy_review_required,,,other,,,,
passport-quiet,quiet,passport-quiet,安靜的/沉靜的,Adjectives,4,passport-quiet-ex1,"The library is very quiet, so walk slowly.",圖書館非常安靜，所以請放輕腳步。,quiet,legacy_review_required,passport-quiet-ex2,We must stay quiet when the teacher is speaking.,老師在說話時我們必須保持安靜。,quiet,legacy_review_required,,,quiet,,,,
passport-ready,ready,passport-ready,準備好的/樂意的,Adjectives,6,passport-ready-ex1,Are you ready for the spelling contest tomorrow?,你為明天的拼字比賽準備好了嗎？,ready,legacy_review_required,passport-ready-ex2,The team is ready to compete in the race.,隊伍已經準備好參加比賽了。,ready,legacy_review_required,,,ready,,,,
passport-wonderful,wonderful,passport-wonderful,極好的/精彩的/奇妙的,Adjectives,8,passport-wonderful-ex1,We had a wonderful time at the zoo yesterday.,我們昨天在動物園度過了美好的時光。,wonderful,legacy_review_required,passport-wonderful-ex2,It is a wonderful thing to share with others.,與他人分享是一件極好的事。,wonderful,legacy_review_required,,,wonderful,,,,
passport-favorite,favorite,passport-favorite,最喜愛的/最喜歡的,Adjectives,8,passport-favorite-ex1,Benson's favorite sport is playing baseball with friends.,班森最喜愛的運動是和朋友打棒球。,favorite,legacy_review_required,passport-favorite-ex2,Vanilla ice cream is my sister's favorite summer dessert.,香草冰淇淋是我妹妹最喜愛的夏季甜點。,favorite,legacy_review_required,,,favorite,,,,
elementary-no,no,elementary-no,不/沒有,Interjections,1,elementary-no-ex1,There is no milk left in the refrigerator.,冰箱裡沒有剩下任何牛奶了。,no,legacy_review_required,elementary-no-ex2,No student should run in the narrow hallways.,學生不應該在狹窄的走廊上奔跑。,no,legacy_review_required,,,no,,,,
junior-so,so,junior-so,如此/所以/那麼,Other adverbs,1,junior-so-ex1,"It was raining, so we stayed home all day.",那時正下著雨，所以我們整天待在家。,so,legacy_review_required,junior-so-ex2,"I was very thirsty, so I drank a glass of water.",我很渴，所以我喝了一杯水。,so,legacy_review_required,,,so,,,,
elementary-yes,yes,elementary-yes,是/是的,Interjections,2,elementary-yes-ex1,"Yes, I can speak English and Chinese very well.",是的，我會說英文和中文而且說得很好。,yes,legacy_review_required,elementary-yes-ex2,"Yes, I would love to join the sports club.",是的，我很樂意加入這個體育社團。,yes,legacy_review_required,,,yes,,,,
junior-too,too,junior-too,也/太,Other adverbs,2,junior-too-ex1,"I bought a blue pen, and my brother bought one too.",我買了一支藍色原子筆，我哥哥也買了一支。,too,legacy_review_required,junior-too-ex2,This schoolbag is too heavy for me to carry alone.,這個書包太重了，我一個人背不動。,too,legacy_review_required,,,too,,,,
junior-very,very,junior-very,非常地/很,Other adverbs,5,junior-very-ex1,The weather in winter is very cold in Taipei.,台北冬天的天氣非常寒冷。,very,legacy_review_required,junior-very-ex2,The math teacher is very kind and patient with us.,數學老師對我們非常親切且有耐心。,very,legacy_review_required,,,very,,,,
passport-then,then,passport-then,然後/那時/那麼,Other adverbs,3,passport-then-ex1,We finished our homework and then went to play.,我們完成了功課，然後出去玩。,then,legacy_review_required,passport-then-ex2,"First finish your homework, and then you can play.",先做完功課，然後你就可以去玩了。,then,legacy_review_required,,,then,,,,
passport-still,still,passport-still,仍然/仍然的/靜止的,Other adverbs,4,passport-still-ex1,The bird is still sitting on the tree branch.,那隻鳥仍然停在樹枝上。,still,legacy_review_required,passport-still-ex2,"Even on rainy days, we can still learn at home.",即使下雨天，我們仍然可以在家學習。,still,legacy_review_required,,,still,,,,
elementary-not,not,elementary-not,不/沒有,Other adverbs,2,elementary-not-ex1,She is not at home; she went to the bookstore.,她不在家，她去書店了。,not,legacy_review_required,elementary-not-ex2,This blue pencil is not mine; it belongs to Benson.,這支藍色鉛筆不是我的，它是班森的。,not,legacy_review_required,,,not,,,,
junior-never,never,junior-never,從不/絕不,Other adverbs,6,junior-never-ex1,My sister has never ridden a bicycle before.,我妹妹以前從未騎過腳踏車。,never,legacy_review_required,junior-never-ex2,Never give up when you face a difficult problem.,當你面對困難問題時，絕不要放棄。,never,legacy_review_required,,,never,,,,
passport-away,away,passport-away,離開/離去/遠離,Other adverbs,5,passport-away-ex1,Please put away your toys before going to bed.,睡覺前請收好你的玩具。,away,legacy_review_required,passport-away-ex2,An apple a day keeps the doctor away.,一天一蘋果，醫生遠離我。,away,legacy_review_required,,,away,,,,
junior-always,always,junior-always,總是/經常,Other adverbs,6,junior-always-ex1,He always washes his hands before eating lunch.,他吃午餐前總是洗手。,always,legacy_review_required,junior-always-ex2,Remember to always do your best in school.,記住在學校要總是盡力而為。,always,legacy_review_required,,,always,,,,
junior-together,together,junior-together,一起/共同,Other adverbs,8,junior-together-ex1,We studied English together at the library yesterday.,我們昨天在圖書館一起學習英文。,together,legacy_review_required,junior-together-ex2,Let's play and study together to learn faster.,讓我們一起學習和玩耍以更快地學習。,together,legacy_review_required,,,together,,,,
junior-again,again,junior-again,再次/重新/又,Other adverbs,5,junior-again-ex1,Can you read this interesting story for me again?,你能再為我讀一遍這個有趣的故事嗎？,again,legacy_review_required,junior-again-ex2,Let's read the storybook again to learn more words.,讓我們重新讀一遍故事書以學習更多單字。,again,legacy_review_required,,,again,,,,
passport-maybe,maybe,passport-maybe,也許/大概/可能,Other adverbs,6,passport-maybe-ex1,Maybe we can visit the zoo next Saturday morning.,也許我們下星期六早上可以造訪動物園。,maybe,legacy_review_required,passport-maybe-ex2,Maybe we can go hiking in the park next Saturday.,也許我們下個星期六可以去公園健行。,maybe,legacy_review_required,,,maybe,,,,
junior-really,really,junior-really,真正地/實在/很,Other adverbs,7,junior-really-ex1,The chocolate cake Grandma made was really yummy.,阿嬤做的巧克力蛋糕真的非常美味。,really,legacy_review_required,junior-really-ex2,The story Grandma told us was really interesting.,阿嬤跟我們講的故事真的很有趣。,really,legacy_review_required,,,really,,,,
junior-sometimes,sometimes,junior-sometimes,有時候/偶爾,Other adverbs,8,junior-sometimes-ex1,Sometimes we go for a walk in park after dinner.,有時候我們晚餐後會去公園散步。,sometimes,legacy_review_required,junior-sometimes-ex2,Sometimes we go hiking in the mountains on weekends.,有時候我們在週末去山上健行。,sometimes,legacy_review_required,,,sometimes,,,,
junior-usually,usually,junior-usually,通常/平常,Other adverbs,8,junior-usually-ex1,I usually read storybooks before going to sleep.,我通常在睡覺前讀故事書。,usually,legacy_review_required,junior-usually-ex2,I usually do my homework right after coming home.,我通常一回到家就立刻寫功課。,usually,legacy_review_required,,,usually,,,,
passport-how,how,passport-how,如何/怎麼樣/多麼,Wh-words,1,passport-how-ex1,How do you spell this long English word?,你怎麼拚寫這個長英文單字？,how,legacy_review_required,passport-how-ex2,"How do you spell your English name, please?",請教一下，你的英文名字怎麼拼？,how,legacy_review_required,,,how,,,,
junior-who,who,junior-who,誰(主格),Wh-words,2,junior-who-ex1,Who is the boy sitting next to the teacher?,坐在老師旁邊的那個男孩是誰？,who,legacy_review_required,junior-who-ex2,Who is the teacher standing near the school gate?,站在校門口附近的老師是誰？,who,legacy_review_required,,,who,,,,
junior-why,why,junior-why,為什麼,Wh-words,2,junior-why-ex1,Why are you late for class this morning?,你今天早上上課為什麼遲到？,why,legacy_review_required,junior-why-ex2,Why did you choose this beautiful red book?,你為什麼選擇這本美麗的紅書？,why,legacy_review_required,,,why,,,,
junior-what,what,junior-what,什麼,Wh-words,3,junior-what-ex1,"What is your favorite color, blue or green?",你最喜歡什麼顏色，藍色還是綠色？,what,legacy_review_required,junior-what-ex2,What are you going to draw in art class today?,你今天美勞課打算畫什麼？,what,legacy_review_required,,,what,,,,
junior-when,when,junior-when,當...之時/何時,Wh-words,3,junior-when-ex1,When does the school library open on weekends?,學校圖書館在週末幾點開放？,when,legacy_review_required,junior-when-ex2,I feel happy when I learn new English words.,當我學習新的英文單字時，我感到很高興。,when,legacy_review_required,,,when,,,,
junior-where,where,junior-where,哪裡/何處,Wh-words,6,junior-where-ex1,Where did you buy this cute dog notebook?,你在哪裡買的這本可愛的狗筆記本？,where,legacy_review_required,junior-where-ex2,Where did you put your school English homework?,你把學校英文功課放在哪裡了？,where,legacy_review_required,,,where,,,,
passport-which,which,passport-which,哪一個/哪些的,Wh-words,4,passport-which-ex1,Which book do you want to read tonight?,你今晚想讀哪一本書？,which,legacy_review_required,passport-which-ex2,"Which crayon do you want to use, red or blue?",你想用哪一支蠟筆，紅色還是藍色？,which,legacy_review_required,,,which,,,,
passport-whose,whose,passport-whose,誰的(所有格),Wh-words,6,passport-whose-ex1,Whose pencil case is this on the floor?,地板上的這個筆袋是誰的？,whose,legacy_review_required,passport-whose-ex2,Whose blue pencil box is this under the table?,桌子底下這藍色鉛筆盒是誰的？,whose,legacy_review_required,,,whose,,,,
passport-o,o,passport-o,噢(感嘆詞),Wh-words,1,passport-o-ex1,O is a letter in the alphabet.,O 是字母表中的一個字母。,o,legacy_review_required,passport-o-ex2,O! Look at the beautiful rainbow over the mountain.,噢！看那山上的美麗彩虹。,o,legacy_review_required,,,o,,,,
passport-e,e,passport-e,網際網路/e化,Wh-words,1,passport-e-ex1,E is the fifth letter of the alphabet.,E 是字母表中的第五個字母。,e,legacy_review_required,passport-e-ex2,We use e-books to read English stories at school.,我們在學校用電子書來閱讀英文故事。,e,legacy_review_required,,,e,,,,
passport-phonics,phonics,passport-phonics,自然發音/字母拼讀法,Wh-words,7,passport-phonics-ex1,Phonics helps us learn how to pronounce words.,自然拼讀幫助我們學習如何發音單字。,phonics,legacy_review_required,passport-phonics-ex2,Learning phonics helps us spell English words easily.,學習自然發音/字母拼讀法可以幫助我們輕鬆拼寫英文單字。,phonics,legacy_review_required,,,phonics,,,,
passport-expansion,Expansion,passport-expansion,拓展/擴大/擴展,Wh-words,8,passport-expansion-ex1,This book is an expansion of the first story.,這本書是第一個故事的擴展。,Expansion,legacy_review_required,passport-expansion-ex2,The expansion of the school library brings more storybooks.,學校圖書館的擴建帶來了更多故事書。,Expansion,legacy_review_required,,,Expansion,,,,
passport-page,Page,passport-page,頁/頁碼,Wh-words,5,passport-page-ex1,Please turn to page ten of the textbook.,請翻到教科書的第十頁。,Page,legacy_review_required,passport-page-ex2,Please open your workbook to page ten and start reading.,請打開你的練習本/習作第十頁並開始閱讀。,Page,legacy_review_required,,,Page,,,,
elementary-is,is,elementary-is,是(單數動詞),Be & Auxiliaries,1,elementary-is-ex1,My brother is the tallest boy in his class.,我哥哥是他班上最高挑的男孩。,is,legacy_review_required,elementary-is-ex2,My friendly puppy is playing with a small ball.,我那隻友善的小狗正在玩一顆小球。,is,legacy_review_required,,,is,,,,
elementary-am,am,elementary-am,是(第一人稱單數動詞),Be & Auxiliaries,9,elementary-am-ex1,I am very excited about the school trip tomorrow.,我對明天的學校旅行感到非常興奮。,am,legacy_review_required,elementary-am-ex2,I am very happy to see my classmates again today.,我今天很高興能再次見到我的同學們。,am,legacy_review_required,,,am,,,,
elementary-are,are,elementary-are,是(複數與第二人稱動詞),Be & Auxiliaries,9,elementary-are-ex1,The children are playing tag in the park happily.,孩子們正在公園裡高興地玩捉人遊戲。,are,legacy_review_required,elementary-are-ex2,They are cleaning the classroom floor together.,他們正在一起打掃教室地板。,are,legacy_review_required,,,are,,,,
elementary-eight,eight,elementary-eight,八/八個,Numbers,9,elementary-eight-ex1,We have eight classes in total every school day.,我們每個上學日總共有八節課。,eight,legacy_review_required,elementary-eight-ex2,Eight white swans are swimming in the calm lake.,八隻白天鵝正在平靜的湖面游泳。,eight,legacy_review_required,,,eight,,,,
elementary-eleven,eleven,elementary-eleven,十一/十一個,Numbers,10,elementary-eleven-ex1,There are eleven players on the soccer field.,足球場上有十一名球員。,eleven,legacy_review_required,elementary-eleven-ex2,There are eleven players in a soccer team.,足球隊裡有十一名球員。,eleven,legacy_review_required,,,eleven,,,,
elementary-five,five,elementary-five,五/五個,Numbers,9,elementary-five-ex1,I bought five notebooks from the bookstore.,我從書店買了五本筆記本。,five,legacy_review_required,elementary-five-ex2,He gave me five crayons of different colors.,他給了我五支不同顏色的蠟筆。,five,legacy_review_required,,,five,,,,
elementary-nine,nine,elementary-nine,九/九個,Numbers,10,elementary-nine-ex1,The school library closes at nine o'clock sharp.,學校圖書館在九點整關閉。,nine,legacy_review_required,elementary-nine-ex2,There are nine storybooks in my desk drawer.,我的書桌抽屜裡有九本故事書。,nine,legacy_review_required,,,nine,,,,
elementary-sad,sad,elementary-sad,悲傷的/難過的,Personal characteristics,9,elementary-sad-ex1,She felt sad because she lost her pet rabbit.,她感到很悲傷，因為她弄丟了她的寵物兔。,sad,legacy_review_required,elementary-sad-ex2,Do not be sad; we can try the game again.,不要難過，我們可以重新嘗試這個遊戲。,sad,legacy_review_required,,,sad,,,,
elementary-seven,seven,elementary-seven,七/七個,Numbers,10,elementary-seven-ex1,There are seven days in a single week.,一週總共有七天。,seven,legacy_review_required,elementary-seven-ex2,She read seven English storybooks this month.,她這個月讀了七本英文故事書。,seven,legacy_review_required,,,seven,,,,
elementary-six,six,elementary-six,六/六個,Numbers,9,elementary-six-ex1,He has six storybooks in his backpack.,他的背包裡有六本故事書。,six,legacy_review_required,elementary-six-ex2,We have six different subjects on Mondays.,星期一我們有六個不同的學科。,six,legacy_review_required,,,six,,,,
elementary-ten,ten,elementary-ten,十/十個,Numbers,9,elementary-ten-ex1,The test has ten questions in total today.,今天的測驗總共有十道題。,ten,legacy_review_required,elementary-ten-ex2,He scored ten points in the basketball match.,他在籃球賽中拿到了十分。,ten,legacy_review_required,,,ten,,,,
elementary-twelve,twelve,elementary-twelve,十二/十二個,Numbers,10,elementary-twelve-ex1,December is the twelfth and last month of the year.,十二月是一年中的第十二個也是最後一個月。,twelve,legacy_review_required,elementary-twelve-ex2,Twelve months make a full year of fun.,十二個月構成充滿樂趣的一整年。,twelve,legacy_review_required,,,twelve,,,,
elementary-bike,bike,elementary-bike,腳踏車/自行車,Transportation,11,elementary-bike-ex1,He rides his red bike to school every morning.,他每天早上騎著他的紅色腳踏車去上學。,bike,legacy_review_required,elementary-bike-ex2,I ride my red bike to school every morning.,我每天早上騎我那輛紅色的腳踏車上學。,bike,legacy_review_required,,,bike,,,,
elementary-living-room,living room,elementary-living-room,客廳,House,12,elementary-living-room-ex1,We watched a fun movie together in the living room.,我們在客廳一起看了一部有趣的電影。,living room,legacy_review_required,elementary-living-room-ex2,Our family sits in the living room and talks about school.,我們全家人坐在客廳裡聊天談學校生活。,living room,legacy_review_required,,,living room,,,,
junior-any,any,junior-any,任何的/一些,Articles,14,junior-any-ex1,Do you have any questions about the English test?,關於英文測驗，你還有任何問題嗎？,any,legacy_review_required,junior-any-ex2,Do you have any crayons to paint this flower?,你有任何蠟筆可以為這朵花上色嗎？,any,legacy_review_required,,,any,,,,
junior-catch,catch,junior-catch,接住/抓取/捕獲,Actions,14,junior-catch-ex1,Throw the ball to me and I will catch it.,把球丟給我，我會接住它。,catch,legacy_review_required,junior-catch-ex2,Try to catch the tennis ball with both hands.,試著用雙手接住網球。,catch,legacy_review_required,,,catch,,,,
junior-goodbye,goodbye,junior-goodbye,再見/告別,Interjections,14,junior-goodbye-ex1,He said goodbye to his friends at the gate.,他在大門口跟他的朋友們道別。,goodbye,legacy_review_required,junior-goodbye-ex2,We waved and said goodbye to our kind teacher.,我們揮手並跟我們親切的老師說再見。,goodbye,legacy_review_required,,,goodbye,,,,
junior-handsome,handsome,junior-handsome,英俊的/帥氣的,Personal characteristics,14,junior-handsome-ex1,The movie actor looked very handsome in the film.,電影演員在影片中看起來非常英俊。,handsome,legacy_review_required,junior-handsome-ex2,My big brother looks handsome in his white shirt.,我哥哥穿他的白襯衫看起來很帥。,handsome,legacy_review_required,,,handsome,,,,
junior-hot-dog,hot dog,junior-hot-dog,熱狗,Food,14,junior-hot-dog-ex1,He ate a hot dog and drank some cola for lunch.,他午餐吃了一個熱狗並喝了一些可樂。,hot dog,legacy_review_required,junior-hot-dog-ex2,We shared a delicious hot dog at the sports day.,我們在運動會上分享了一個美味的熱狗。,hot dog,legacy_review_required,,,hot dog,,,,
junior-invite,invite,junior-invite,邀請,Actions,14,junior-invite-ex1,I want to invite my classmates to my birthday party.,我想邀請我的同學們來參加我的生日派對。,invite,legacy_review_required,junior-invite-ex2,I want to invite my classmates to my birthday party.,我想邀請我的同學們來參加我的生日派對。,invite,legacy_review_required,,,invite,,,,
junior-learn,learn,junior-learn,學習/學會/得知,Actions,14,junior-learn-ex1,We learn how to speak English in school every day.,我們每天在學校學習如何說英文。,learn,legacy_review_required,junior-learn-ex2,We learn how to speak English in our classes.,我們在課堂上學習如何說英語。,learn,legacy_review_required,,,learn,,,,
junior-library,library,junior-library,圖書館,Places,14,junior-library-ex1,The students are studying quietly in the school library.,學生們正在學校圖書館安靜地學習。,library,legacy_review_required,junior-library-ex2,We should stay quiet when reading in the library.,在圖書館讀書時我們應該保持安靜。,library,legacy_review_required,,,library,,,,
junior-month,month,junior-month,月份/月,Time,14,junior-month-ex1,December is the last month of the whole year.,十二月是整年當中的最後一個月。,month,legacy_review_required,junior-month-ex2,December is the last month of the year.,十二月是一年中的最後一個月。,month,legacy_review_required,,,month,,,,
junior-next,next,junior-next,下一個的/隔壁的/接著,Time,14,junior-next-ex1,We will visit the zoo next Saturday morning.,我們下星期六早上將造訪動物園。,next,legacy_review_required,junior-next-ex2,"Our next class is PE, and we will play soccer.",我們的下一堂課是體育課，我們將會踢足球。,next,legacy_review_required,,,next,,,,
junior-man,man,junior-man,男人/人/人類(單數),People,14,junior-man-ex1,A kind man helped the old lady cross the street.,一位好心的男子幫助老婦人過馬路。,man,legacy_review_required,junior-man-ex2,The man standing near the library is my uncle.,站在圖書館附近的那位先生/男人是我叔叔。,man,legacy_review_required,,,man,,,,
junior-noodle,noodle,junior-noodle,麵條/麵,Food,14,junior-noodle-ex1,Grandpa likes to eat hot beef noodles for lunch.,爺爺中午喜歡吃熱牛肉麵。,noodle,legacy_review_required,junior-noodle-ex2,My grandmother makes beef noodle soup for dinner.,我祖母晚餐做牛肉麵湯。,noodle,legacy_review_required,,,noodle,,,,
junior-or,or,junior-or,或者/否則,Conjunctions,14,junior-or-ex1,Do you want to play soccer or basketball?,你想踢足球還是打籃球？,or,legacy_review_required,junior-or-ex2,Do you want to play basketball or soccer today?,你今天想打籃球還是踢足球？,or,legacy_review_required,,,or,,,,
junior-place,place,junior-place,地方/處所,Places,14,junior-place-ex1,Taipei is a very busy and interesting place.,台北是一個非常忙碌且有趣的地方。,place,legacy_review_required,junior-place-ex2,This beautiful park is my favorite place to relax.,這個美麗的公園是我最喜歡的放鬆地方。,place,legacy_review_required,,,place,,,,
junior-plane,plane,junior-plane,飛機/平面,Transportation,14,junior-plane-ex1,The passenger plane is flying high in the blue sky.,客機正高高地飛在藍天中。,plane,legacy_review_required,junior-plane-ex2,We saw a giant passenger plane flying in the sky.,我們看到一架巨大的客機在天空中飛行。,plane,legacy_review_required,,,plane,,,,
junior-post,post,junior-post,郵政/張貼/張貼處/柱子,Other verbs,14,junior-post-ex1,He went to the post office to mail a letter.,他去郵局寄信。,post,legacy_review_required,junior-post-ex2,Please post this notice on the school bulletin board.,請把這個公告張貼在學校公佈欄上。,post,legacy_review_required,,,post,,,,
junior-my,my,junior-my,我的(所有格),Pronouns,14,junior-my-ex1,This is my new blue backpack for school.,這是我的新藍色上學背包。,my,legacy_review_required,junior-my-ex2,My dog is very friendly and never barks at guests.,我的狗非常親切，從不對客人吠叫。,my,legacy_review_required,,,my,,,,
junior-practice,practice,junior-practice,練習/實踐,Actions,14,junior-practice-ex1,You should practice speaking English every single day.,你應該每一天都練習說英文。,practice,legacy_review_required,junior-practice-ex2,Daily practice makes your English spelling much better.,每日練習能讓你的英文拼寫更好。,practice,legacy_review_required,,,practice,,,,
junior-road,road,junior-road,路/道路/途徑,Places,14,junior-road-ex1,Walk carefully because the road is very wet.,請小心行走，因為道路非常潮濕。,road,legacy_review_required,junior-road-ex2,Look both ways before you walk across the road.,橫穿道路前請看好左右兩邊。,road,legacy_review_required,,,road,,,,
junior-our,our,junior-our,我們的(所有格),Pronouns,14,junior-our-ex1,Our teacher gave us some sweet cookies yesterday.,我們的老師昨天給了我們一些甜餅乾。,our,legacy_review_required,junior-our-ex2,Our classroom wall is decorated with sweet paintings.,我們的教室牆壁裝飾著溫馨的畫作。,our,legacy_review_required,,,our,,,,
junior-phone,phone,junior-phone,電話/打電話,Other nouns,14,junior-phone-ex1,She used the phone to call her grandmother.,她用電話打給她的祖母。,phone,legacy_review_required,junior-phone-ex2,Please turn off your phone when the class starts.,上課開始時請關掉你的電話。,phone,legacy_review_required,,,phone,,,,
junior-sofa,sofa,junior-sofa,沙發,House,14,junior-sofa-ex1,We sat on the comfortable sofa and watched TV.,我們坐在舒適的沙發上看電視。,sofa,legacy_review_required,junior-sofa-ex2,We sat on the comfortable sofa and watched a video.,我們坐在舒服的沙發上看影片。,sofa,legacy_review_required,,,sofa,,,,
junior-sorry,sorry,junior-sorry,抱歉的/遺憾的,Interjections,14,junior-sorry-ex1,I am sorry that I broke your green marker.,很抱歉我弄壞了你的綠色麥克筆。,sorry,legacy_review_required,junior-sorry-ex2,I am sorry that I broke your green marker.,我很抱歉我弄壞了你的綠色白板筆。,sorry,legacy_review_required,,,sorry,,,,
junior-teach,teach,junior-teach,教導/教學/教,Actions,14,junior-teach-ex1,Our English teacher teaches us interesting songs.,我們的英文老師教我們有趣的歌曲。,teach,legacy_review_required,junior-teach-ex2,Our teachers teach us how to solve math problems.,我們的老師教我們如何解答數學題。,teach,legacy_review_required,,,teach,,,,
junior-window,window,junior-window,窗戶,House,14,junior-window-ex1,Please open the window to let the fresh air in.,請打開窗戶讓新鮮空氣進來。,window,legacy_review_required,junior-window-ex2,We can look at the tall trees outside the window.,我們可以看著窗外的高樹。,window,legacy_review_required,,,window,,,,
junior-young,young,junior-young,年輕的/幼小的,Personal characteristics,14,junior-young-ex1,A young girl is reading a book under the tree.,一個年輕的女孩正在樹下看書。,young,legacy_review_required,junior-young-ex2,The young plants need sunshine and clean water to grow.,幼小的植物需要陽光和乾淨的水來生長。,young,legacy_review_required,,,young,,,,
junior-your,your,junior-your,你/你們的(所有格),Pronouns,14,junior-your-ex1,Please write down your name on this paper.,請在這張紙上寫下你的名字。,your,legacy_review_required,junior-your-ex2,Is this green pen case your favorite school item?,這個綠色筆袋是你最喜歡的學用品嗎？,your,legacy_review_required,,,your,,,,
junior-a-lot-of,a lot of,junior-a-lot-of,許多的/很多的,Articles,15,junior-a-lot-of-ex1,There are a lot of colorful fish in the pond.,池塘裡有許多色彩繽紛的魚。,a lot of,legacy_review_required,junior-a-lot-of-ex2,We bought a lot of red apples at the morning market.,我們在早市買了許多紅蘋果。,a lot of,legacy_review_required,,,a lot of,,,,
junior-across,across,junior-across,橫過/在...對面/穿過,Prepositions,15,junior-across-ex1,The dog ran across the street to chase a ball.,狗跑過街道去追一個球。,across,legacy_review_required,junior-across-ex2,The friendly dog ran across the grass field to play.,那隻友善的狗跑過草地去玩耍。,across,legacy_review_required,,,across,,,,
junior-ago,ago,junior-ago,在...以前,Time,15,junior-ago-ex1,He moved to New York three years ago.,他三年前搬到了紐約。,ago,legacy_review_required,junior-ago-ex2,I started learning English three years ago.,我三年前開始學習英文。,ago,legacy_review_required,,,ago,,,,
junior-along,along,junior-along,沿著/順著/一起,Prepositions,15,junior-along-ex1,We walked along the river and saw a ship.,我們沿著河流散步並看到了一艘船。,along,legacy_review_required,junior-along-ex2,We walked slowly along the clean river bank.,我們沿著乾淨的河岸慢慢散步。,along,legacy_review_required,,,along,,,,
junior-before,before,junior-before,在...之前/以前,Prepositions,15,junior-before-ex1,Wash your hands before you eat the apple.,吃蘋果前請先洗手。,before,legacy_review_required,junior-before-ex2,Remember to wash your hands before eating dinner.,記得在吃晚餐前先洗手。,before,legacy_review_required,,,before,,,,
junior-between,between,junior-between,在...兩者之間,Prepositions,15,junior-between-ex1,The bookstore is located between the post office and the bank.,書店位於郵局和銀行之間。,between,legacy_review_required,junior-between-ex2,The library is located between the gym and the school gate.,圖書館位於體育館和校門之間。,between,legacy_review_required,,,between,,,,
junior-coffee,coffee,junior-coffee,咖啡,Food,15,junior-coffee-ex1,My father drank a cup of hot coffee this morning.,我爸爸今天早上喝了一杯熱咖啡。,coffee,legacy_review_required,junior-coffee-ex2,My mother makes a hot cup of coffee every morning.,我媽媽每天早上泡一杯熱咖啡。,coffee,legacy_review_required,,,coffee,,,,
junior-dry,dry,junior-dry,乾的/乾燥的/使乾燥,Other adjectives,15,junior-dry-ex1,Hang your wet clothes outside to make them dry.,把濕衣服掛在外面讓它們變乾。,dry,legacy_review_required,junior-dry-ex2,Put your wet shoes under the sun to dry them.,把濕鞋子放在太陽底下曬乾。,dry,legacy_review_required,,,dry,,,,
junior-everyone,everyone,junior-everyone,每個人/大家,Pronouns,15,junior-everyone-ex1,Everyone in our class likes the kind teacher.,我們班上的每個人都喜歡這位親切的老師。,everyone,legacy_review_required,junior-everyone-ex2,Everyone in our class got a gold star today.,我們班上的每個人今天都得到了一個金星獎章。,everyone,legacy_review_required,,,everyone,,,,
junior-gym,gym,junior-gym,體育館/健身房,Places,15,junior-gym-ex1,We played basketball in the school gym today.,我們今天在學校體育館打了籃球。,gym,legacy_review_required,junior-gym-ex2,We practice volleyball in the school gym on rainy days.,下雨天我們在學校體育館練習排球。,gym,legacy_review_required,,,gym,,,,
junior-street,street,junior-street,街道,Places,15,junior-street-ex1,This busy street is full of cars and buses.,這條忙碌的街道擠滿了汽車和公車。,street,legacy_review_required,junior-street-ex2,Please hold your parent's hand when crossing the street.,過馬路時請牽著父母的手。,street,legacy_review_required,,,street,,,,
junior-train,train,junior-train,火車/列車/訓練,Transportation,15,junior-train-ex1,We took a fast train to go to Hualien.,我們搭乘火車前往花蓮。,train,legacy_review_required,junior-train-ex2,We took a train to visit our grandparents last Sunday.,我們上星期天搭火車去拜訪我們的祖父母。,train,legacy_review_required,,,train,,,,
junior-was,was,junior-was,是/在(單數過去式),Be & Auxiliaries,15,junior-was-ex1,"He was sick yesterday, so he stayed home.",他昨天生病了，所以待在家。,was,legacy_review_required,junior-was-ex2,The weather was sunny and warm yesterday afternoon.,昨天下午的天氣晴朗且溫暖。,was,legacy_review_required,,,was,,,,
junior-were,were,junior-were,是/在(複數與第二人稱過去式),Be & Auxiliaries,15,junior-were-ex1,They were very excited about the school trip.,他們對學校旅行感到非常興奮。,were,legacy_review_required,junior-were-ex2,The children were very excited about the sports festival.,孩子們對體育節/運動會感到非常興奮。,were,legacy_review_required,,,were,,,,
junior-wore,wore,junior-wore,穿戴(過去式),Actions,15,junior-wore-ex1,She wore a pretty blue dress to the party.,她穿著一件漂亮的藍色洋裝去參加派對。,wore,legacy_review_required,junior-wore-ex2,She wore a warm yellow sweater on the chilly morning.,她在這寒冷的早上穿了一件保暖的黃色毛衣。,wore,legacy_review_required,,,wore,,,,
junior-already,already,junior-already,已經/早已,Other adverbs,16,junior-already-ex1,I have already finished all my homework today.,我今天已經完成了所有的作業。,already,legacy_review_required,junior-already-ex2,I have already finished all my English spelling homework.,我早已完成了所有的英文拼字作業。,already,legacy_review_required,,,already,,,,
junior-also,also,junior-also,也/並且/此外,Other adverbs,16,junior-also-ex1,"He likes soccer, and he also plays baseball.",他喜歡足球，而且他也打棒球。,also,legacy_review_required,junior-also-ex2,"My brother plays the piano, and he also plays the drum.",我哥哥會彈鋼琴，他也會打鼓。,also,legacy_review_required,,,also,,,,
junior-been,been,junior-been,是/在(過去分詞),Be & Auxiliaries,16,junior-been-ex1,Have you ever been to the Taipei zoo?,你曾去過台北動物園嗎？,been,legacy_review_required,junior-been-ex2,I have been to the Merlion Park in Singapore once.,我曾去過一次新加坡的魚尾獅公園。,been,legacy_review_required,,,been,,,,
junior-bring,bring,junior-bring,帶來/拿來/攜帶,Actions,16,junior-bring-ex1,Remember to bring your English dictionary tomorrow.,明天記得帶上你的英文字典。,bring,legacy_review_required,junior-bring-ex2,Remember to bring your water bottle to school daily.,記得每天帶你的水瓶上學。,bring,legacy_review_required,,,bring,,,,
junior-busy,busy,junior-busy,忙碌的/繁忙的,Personal characteristics,16,junior-busy-ex1,Our teacher is very busy grading the papers.,我們的老師忙著批改考卷。,busy,legacy_review_required,junior-busy-ex2,The busy bee travels from flower to flower for honey.,忙碌的蜜蜂在花朵間採蜜。,busy,legacy_review_required,,,busy,,,,
junior-cheese,cheese,junior-cheese,起司/乾酪,Food,16,junior-cheese-ex1,Put a slice of cheese on the hot hamburger.,在熱漢堡上放一片起司。,cheese,legacy_review_required,junior-cheese-ex2,My sister likes to eat ham and cheese sandwiches.,我妹妹喜歡吃火腿起司三明治。,cheese,legacy_review_required,,,cheese,,,,
junior-expensive,expensive,junior-expensive,昂貴的/貴的,Other adjectives,16,junior-expensive-ex1,This computer is too expensive for me to buy.,這台電腦太昂貴了，我買不起。,expensive,legacy_review_required,junior-expensive-ex2,This new electronic toy is too expensive to buy.,這個新電子玩具太貴了買不起。,expensive,legacy_review_required,,,expensive,,,,
junior-finish,finish,junior-finish,完成/結束/吃完,Actions,16,junior-finish-ex1,We must finish our work before going home.,我們回家前必須完成我們的工作。,finish,legacy_review_required,junior-finish-ex2,I always finish my daily tasks before playing soccer.,我總是踢足球前完成我每日的任務。,finish,legacy_review_required,,,finish,,,,
junior-hear,hear,junior-hear,聽到/聽見/聽說,Actions,16,junior-hear-ex1,Did you hear the birds singing in the tree?,你聽到樹上鳥兒在唱歌了嗎？,hear,legacy_review_required,junior-hear-ex2,I hear the cheerful sounds of children playing outside.,我聽到外面孩子們玩耍的歡快聲音。,hear,legacy_review_required,,,hear,,,,
junior-just,just,junior-just,剛剛/僅僅/只是/公正的,Other adverbs,16,junior-just-ex1,I just saw a cute squirrel in the garden.,我剛剛在花園裡看到一隻可愛的松鼠。,just,legacy_review_required,junior-just-ex2,He just finished his homework a few minutes ago.,他幾分鐘前剛寫完功課。,just,legacy_review_required,,,just,,,,
junior-large,large,junior-large,大的/巨大的,Sizes & measurements,16,junior-large-ex1,They live in a large house with a garden.,他們住在一棟帶花園的寬敞房子裡。,large,legacy_review_required,junior-large-ex2,We have a large grass field to play soccer at school.,我們學校有一個大草地可以踢足球。,large,legacy_review_required,,,large,,,,
junior-lucky,lucky,junior-lucky,幸運的/吉祥的,Personal characteristics,16,junior-lucky-ex1,You are very lucky to win the first prize.,你非常幸運能贏得一等獎。,lucky,legacy_review_required,junior-lucky-ex2,I got a lucky gold star card from our principal today.,我今天從校長那裡得到了一張幸運的金星卡。,lucky,legacy_review_required,,,lucky,,,,
junior-often,often,junior-often,常常/經常,Other adverbs,16,junior-often-ex1,We often play games together on weekends.,我們週末經常一起玩遊戲。,often,legacy_review_required,junior-often-ex2,We often visit the library to read new books.,我們經常造訪圖書館閱讀新書。,often,legacy_review_required,,,often,,,,
junior-popular,popular,junior-popular,受歡迎的/流行的,Personal characteristics,16,junior-popular-ex1,Benson is a very popular student in our school.,班森是我們學校非常受歡迎的學生。,popular,legacy_review_required,junior-popular-ex2,Baseball is a very popular sport among students here.,棒球是這裡學生中非常受歡迎的運動。,popular,legacy_review_required,,,popular,,,,
junior-since,since,junior-since,自從/自...以來/因為,Prepositions,16,junior-since-ex1,I have studied English since I was seven.,我自從七歲起就學習英文。,since,legacy_review_required,junior-since-ex2,I have been learning English since I was seven.,我自從七歲起就一直在學習英文。,since,legacy_review_required,,,since,,,,
junior-subject,subject,junior-subject,學科/科目/主題,School,16,junior-subject-ex1,"What is your favorite subject, math or science?",你最喜歡的學科是什麼，數學還是自然科學？,subject,legacy_review_required,junior-subject-ex2,English is my favorite subject because it is fun.,英文是我最喜歡的學科，因為很有趣。,subject,legacy_review_required,,,subject,,,,
junior-think,think,junior-think,想/思考/認為/以為,Actions,16,junior-think-ex1,I think reading books is a great hobby.,我認為閱讀書籍是一個極佳的嗜好。,think,legacy_review_required,junior-think-ex2,Think carefully before writing down your final answer.,寫下最終答案前請仔細思考。,think,legacy_review_required,,,think,,,,
junior-tomato,tomato,junior-tomato,番茄,Food,16,junior-tomato-ex1,We need some fresh tomatoes to make the salad.,我們需要一些新鮮番茄來製作沙拉。,tomato,legacy_review_required,junior-tomato-ex2,We picked some fresh red tomatoes from the farm garden.,我們在農場花園裡摘了一些新鮮的紅番茄。,tomato,legacy_review_required,,,tomato,,,,
junior-use,use,junior-use,使用/用途,Actions,16,junior-use-ex1,Do you know how to use this dictionary?,你知道如何使用這本字典嗎？,use,legacy_review_required,junior-use-ex2,"May I use your ruler to draw a straight line, please?",我可以用你的尺來畫一條直線嗎？,use,legacy_review_required,,,use,,,,
junior-caught,caught,junior-caught,接住/抓住(過去式/過去分詞),Actions,16,junior-caught-ex1,The goalkeeper caught the soccer ball successfully.,守門員成功接住了足球。,caught,legacy_review_required,junior-caught-ex2,The goalie caught the soccer ball with a quick dive.,守門員一個快速飛身接住了足球。,caught,legacy_review_required,,,caught,,,,
junior-flown,flown,junior-flown,飛/飛行(過去分詞),Actions,16,junior-flown-ex1,Many birds have flown to warm places in winter.,許多鳥在冬天已經飛往溫暖的地方。,flown,legacy_review_required,junior-flown-ex2,The wild geese have already flown to warm areas.,大雁們已經飛往溫暖的地區。,flown,legacy_review_required,,,flown,,,,
junior-felt,felt,junior-felt,感覺(過去式/過去分詞),Other verbs,16,junior-felt-ex1,He felt very happy when he won the game.,當他贏了比賽時感到非常高興。,felt,legacy_review_required,junior-felt-ex2,I felt very warm after drinking a cup of hot milk.,喝了一杯熱牛奶後我感覺非常溫暖。,felt,legacy_review_required,,,felt,,,,
junior-found,found,junior-found,找到(過去式/過去分詞)/建立,Actions,16,junior-found-ex1,She found her lost key under the kitchen table.,她在廚房桌子底下找到了她遺失的鑰匙。,found,legacy_review_required,junior-found-ex2,She found a beautiful shell in the sand yesterday.,她昨天在沙灘上找到了一個美麗的貝殼。,found,legacy_review_required,,,found,,,,
junior-grown,grown,junior-grown,生長/成長(過去分詞)/成年的,Other verbs,16,junior-grown-ex1,The little tree has grown tall in the garden.,那棵小樹在花園裡已經長高了。,grown,legacy_review_required,junior-grown-ex2,The small seeds have grown into beautiful yellow flowers.,小種子已經長成了美麗的黃花。,grown,legacy_review_required,,,grown,,,,
junior-grew,grew,junior-grew,生長/成長(過去式),Actions,16,junior-grew-ex1,The small puppy grew into a big strong dog.,小狗長大成了一隻強壯的大狗。,grew,legacy_review_required,junior-grew-ex2,The baby puppy grew very fast in just three months.,幼犬寶寶在短短三個月內就長得非常快。,grew,legacy_review_required,,,grew,,,,
junior-heard,heard,junior-heard,聽見(過去式),Actions,16,junior-heard-ex1,I heard someone knocking on the door yesterday.,我昨天聽到有人在敲門。,heard,legacy_review_required,junior-heard-ex2,We heard a beautiful bird singing in the garden.,我們聽到一隻美麗的鳥在花園裡唱歌。,heard,legacy_review_required,,,heard,,,,
junior-known,known,junior-known,知道/認識(過去分詞),Actions,16,junior-known-ex1,He has been known as a kind doctor here.,他一直以來在這裡被知曉是一位親切的醫生。,known,legacy_review_required,junior-known-ex2,This school is well known for its physical education club.,這所學校以其體育社團而聞名。,known,legacy_review_required,,,known,,,,
junior-spoken,spoken,junior-spoken,說/講(過去分詞),Actions,16,junior-spoken-ex1,English is spoken by many people in the world.,英語被世界上許多人所說。,spoken,legacy_review_required,junior-spoken-ex2,The spoken words of gratitude made mother very happy.,口頭說出的感激之言讓媽媽非常高興。,spoken,legacy_review_required,,,spoken,,,,
junior-stood,stood,junior-stood,站立(過去式),Actions,16,junior-stood-ex1,The students stood up when the teacher walked in.,當老師走進來時，學生們站了起來。,stood,legacy_review_required,junior-stood-ex2,He stood by the school gate to welcome the students.,他站在校門口迎接學生。,stood,legacy_review_required,,,stood,,,,
junior-thought,thought,junior-thought,想/思考/想法(過去式),Actions,16,junior-thought-ex1,I thought the English test was very easy.,我本來以為英文測驗很簡單。,thought,legacy_review_required,junior-thought-ex2,I thought about your wonderful idea all afternoon.,我整個下午都在思考你那極棒的主意。,thought,legacy_review_required,,,thought,,,,
junior-written,written,junior-written,寫/書寫(過去分詞),Actions,16,junior-written-ex1,She has written many interesting stories for kids.,她已經為孩子們寫了許多有趣的故事。,written,legacy_review_required,junior-written-ex2,All the new English words are written on the blackboard.,所有的新英文單字都寫在黑板上。,written,legacy_review_required,,,written,,,,
