單字(Word),中文(Chinese),主題(Topic),音標(Phonetic),難度年級(Grade),拼字音節(Chunks),例句1(Sentence1),例句1中譯(Translation1),例句2(Sentence2),例句2中譯(Translation2)
apple,蘋果,Food,/ˈæp.l̩/,3,ap/ple,I have a red apple in my schoolbag.,我的書包裡有一個紅蘋果。,She cut the sweet apple into small pieces.,她將那顆甜蘋果切成小塊。
banana,香蕉,Food,/bəˈnæn.ə/,3,ba/na/na,The yellow banana is very sweet and delicious.,黃色的香蕉非常甜而且美味。,I like to eat a banana after running.,我喜歡在跑步後吃一根香蕉。
rabbit,兔子,Animals,/ˈræb.ɪt/,3,rab/bit,Look at that cute rabbit hopping in the grass.,看那隻可愛的兔子在草地上蹦蹦跳跳。,The little rabbit likes eating fresh carrots.,小兔子喜歡吃新鮮的胡蘿蔔。
tiger,老虎,Animals,/ˈtaɪ.ɡɚ/,3,ti/ger,The tiger is a very strong animal in the zoo.,老虎是動物園裡非常強壯的動物。,A tiger can run very fast in the forest.,老虎在森林裡能跑得非常快。
father,爸爸,Family,/ˈfɑː.ðɚ/,4,fa/ther,My father goes to work by bus every morning.,我爸爸每天早上坐公車去上班。,My father reads a storybook to me every night.,我爸爸每天晚上都讀故事書給我聽。
mother,媽媽,Family,/ˈmʌð.ɚ/,4,mo/ther,My mother cooks delicious food for the family.,我媽媽為全家人做美味的食物。,My mother helps me with my homework after school.,放學後我媽媽會輔導我的功課。
sister,姊姊/妹妹,Family,/ˈsɪs.tɚ/,4,sis/ter,My sister likes to draw pictures in her notebook.,我妹妹喜歡在筆記本上畫畫。,My sister teaches me how to ride a bicycle.,我姊姊教我怎麼騎腳踏車。
brother,哥哥/弟弟,Family,/ˈbrʌð.ɚ/,4,bro/ther,My big brother teaches me how to play soccer.,我哥哥教我怎麼踢足球。,My brother always shares his toys with me.,我弟弟/哥哥總是跟我分享他的玩具。
sunny,晴朗的,Weather,/ˈsʌn.i/,4,sun/ny,We can go for a picnic on a sunny day.,我們可以在晴天去野餐。,We go to play on the swings on a sunny day.,我們在晴天時去玩鞦韆。
rainy,下雨的,Weather,/ˈreɪn.i/,4,rain/y,I stay at home and read books on rainy days.,下雨天我待在家裡看書。,Don't forget to wear a raincoat on rainy days.,下雨天別忘了穿雨衣。
teacher,老師/教師,School,/ˈtiː.tʃɚ/,5,tea/cher,Our English teacher is very kind and patient.,我們的英文老師非常親切且有檢心。,A teacher teaches students new things every day.,老師每天教學生新的事物。
student,學生,School,/ˈstjuː.dənt/,5,stu/dent,Every student in the class likes the new storybook.,班上的每個學生都喜歡這本新的故事書。,Every student should try their best during class.,每個學生在上課時都應該盡力而為。
bathroom,浴室,House,/ˈbæθ.ruːm/,5,bath/room,You should wash your hands in the bathroom.,你應該在浴室洗手。,Please wash your face and hands in the bathroom.,請在浴室裡洗臉和洗手。
kitchen,廚房,House,/ˈkɪtʃ.ən/,5,kitch/en,Mom is baking a delicious chocolate cake in the kitchen.,媽媽正在廚房烤美味的巧克力蛋糕。,Dad is cleaning the kitchen table after dinner.,晚餐後爸爸正在清理廚房的桌子。
doctor,醫生,Occupations,/ˈdɑːk.tɚ/,5,doc/tor,The doctor tells me to drink more warm water.,醫生叫我多喝溫開水。,A doctor helps people feel better when they are sick.,當人們生病時，醫生會幫助他們好起來。
nurse,護理師,Occupations,/nɝːs/,5,nurse,The kind nurse helps take care of sick children.,這位親切的護理師幫忙照顧生病的孩子。,The school nurse cleaned the scratch on my knee.,學校護理師幫我清理了膝蓋上的擦傷。
homework,功課/回家作業,School,/ˈhoʊm.wɝːk/,6,home/work,Remember to finish your English homework before dinner.,記得在晚餐前完成你的英文作業。,I finished my homework and went to play with my puppy.,我做完功課，然後去和小狗玩。
supermarket,超級市場,Place,/ˈsuː.pɚˌmɑːr.kɪt/,6,su/per/mar/ket,We bought some fresh juice at the supermarket.,我們在超市買了一些新鮮果汁。,My mother bought some fresh apples at the supermarket.,我媽媽在超級市場買了一些新鮮的蘋果。
beautiful,美麗的/漂亮的,Adjectives,/ˈbjuː.t̬ə.fəl/,7,beau/ti/ful,The sunset over the beach is really beautiful.,海灘上的落日真的很美麗。,The flowers in our school garden are very beautiful.,我們學校花園裡的花非常美麗。
weekend,週末,Time,/ˈwiːk.end/,7,week/end,What are you going to do this weekend?,你這週末打算做什麼？,We visited our grandparents on the weekend.,我們在週末去拜訪了祖父母。
book,書/書籍,School,/bʊk/,3,book,I like reading this interesting book about animals.,我喜歡讀這本關於動物的有趣書籍。,I borrowed an interesting story book from the library.,我從圖書館借了一本有趣的故事書。
pencil,鉛筆,School,/ˈpen.səl/,3,pen/cil,Can I borrow a pencil to write my name?,我可以借一支鉛筆來寫我的名字嗎？,May I borrow your pencil to draw a star?,我可以借你的鉛筆畫一顆星星嗎？
desk,書桌,School,/desk/,3,desk,Please put your books back onto your desk.,請把你的書放回你的課桌上。,He keeps his books organized on his study desk.,他在書桌上把書整理得很整齊。
chair,椅子,School,/tʃer/,3,chair,Tim sits on the wooden chair next to the window.,提姆坐在靠窗的木椅上。,The cat sat on the chair and slept all afternoon.,貓咪坐在椅子上睡了整個下午。
dog,狗,Animals,/dɑːɡ/,3,dog,The friendly dog is wagging its tail at us.,那隻友好的狗正在向我們搖尾巴。,My friendly dog runs to me when I come home.,當我回到家時，我那友善的狗會跑向我。
cat,貓,Animals,/kæt/,3,cat,A small black cat is sleeping under the table.,一隻黑色的小貓正在桌子底下睡覺。,The sleeping cat looks very warm and cute.,那隻正在睡覺的貓咪看起來非常溫暖且可愛。
bird,鳥,Animals,/bɝːd/,3,bird,A beautiful blue bird is singing in the tree.,一隻美麗的藍鳥正在樹上唱歌。,We can hear a little bird singing outside the window.,我們可以聽到窗外有一隻小鳥在唱歌。
fish,魚,Animals,/fɪʃ/,3,fish,There are many colorful fish swimming in the pond.,池塘裡有許多色彩繽紛的魚在游泳。,My grandpa has three gold fish in a bowl.,我爺爺在魚缸裡養了三隻金魚。
milk,牛奶,Food,/mɪlk/,3,milk,Drinking a glass of hot milk before bed helps you sleep.,睡前喝一杯熱牛奶有助於睡眠。,Drinking milk every day helps our bones grow strong.,每天喝牛奶可以幫助我們的骨骼長得強壯。
water,水,Food,/ˈwɑː.tɚ/,3,wa/ter,"Please give me a glass of cold water, please.",請給我一杯冰水，謝謝。,You should drink a cup of warm water every morning.,你應該每天早上喝一杯溫開水。
rice,米飯/飯,Food,/raɪs/,4,rice,We usually eat rice and vegetables for dinner.,我們晚餐通常吃米飯和蔬菜。,We eat rice and fish for lunch at school.,我們在學校午餐吃米飯和魚。
noodles,麵條/麵,Food,/ˈnuː.dļz/,4,noo/dles,Grandpa likes to eat hot beef noodles for lunch.,爺爺中午喜歡吃熱牛肉麵。,My sister likes to eat delicious noodles with soup.,我妹妹喜歡吃美味的湯麵。
red,紅色/紅色的,Colors,/red/,3,red,She wore a pretty red dress to the party.,她穿著一件漂亮的紅洋裝去參加派對。,The red crayon in my box is used to draw the sun.,我盒子裡的紅蠟筆是用來畫太陽的。
blue,藍色/藍色的,Colors,/bluː/,3,blue,The sky is very clear and blue today.,今天的晴空非常清澈且蔚藍。,I draw a blue bird flying high in the sky.,我畫了一隻在空中高飛的藍鳥。
green,綠色/綠色的,Colors,/ɡriːn/,3,green,The frogs are sitting on a big green leaf.,青蛙正坐在一個綠色的大葉子上。,The tree leaves are green and fresh in spring.,春天的樹葉又綠又新鮮。
yellow,黃色/黃色的,Colors,/ˈjel.oʊ/,3,yel/low,The yellow school bus stops in front of my house.,黃色的校車停在我家前面。,My brother's favorite color is bright yellow.,我弟弟最喜歡的顏色是明亮的黃色。
one,一/一個,Numbers,/wʌn/,3,one,I have only one apple left in my bag.,我的包包裡只剩下一個蘋果。,I got one correct answer and felt very happy.,我得到一個正確答案，感覺非常高興。
two,二/兩個,Numbers,/tuː/,3,two,There are two birds flying in the sky.,天上有兩隻鳥在飛。,Two students walked into the library together.,兩個學生一起走進了圖書館。
three,三/三個,Numbers,/θriː/,3,three,He has three storybooks in his desk drawer.,他的書桌抽屜裡有三本故事書。,Grandfather bought three sweet red apples for us.,爺爺為我們買了三個甜紅蘋果。
four,四/四個,Numbers,/fɔːr/,3,four,A year is divided into four different seasons.,一年被分為四個不同的季節。,Four birds are sitting on the school roof.,四隻鳥停在學校屋頂上。
head,頭,Body,/hed/,4,head,You should wear a helmet to protect your head.,你應該戴安全帽來保護你的頭部。,Please wear a hat to protect your head from the hot sun.,請戴上帽子以保護你的頭部不受烈日曬傷。
hand,手,Body,/hænd/,4,hand,Please raise your hand if you know the answer.,如果你知道答案，請舉手。,We must wash our hands before having lunch.,我們午餐前必須洗手。
eye,眼睛,Body,/aɪ/,4,eye,Keep your eyes open and look at the screen.,張開眼睛看著螢幕。,Please close your eyes and listen to the quiet music.,請閉上眼睛，聆聽這平靜的音樂。
foot,腳(單數),Body,/fʊt/,4,foot,He hurt his left foot while playing soccer.,他在踢足球時弄傷了左腳。,"My foot feels cold, so I want to wear socks.",我的腳感覺冷，所以我想穿襪子。
run,跑/奔跑,Actions,/rʌn/,4,run,Do not run in the hallway; it is dangerous.,不要在走廊上奔跑，那很危險。,Do not run too fast in the classroom.,不要在教室裡跑得太快。
jump,跳/跳躍,Actions,/dʒʌmp/,4,jump,The energetic children love to jump on the trampoline.,精力充沛的孩子們喜歡在彈簧床上跳躍。,The frog can jump very high into the air.,青蛙可以跳得非常高。
read,閱讀/讀,Actions,/riːd/,4,read,We read English stories in class every Tuesday.,我們每個星期二在課堂上讀英文故事。,Reading books every day makes us smarter.,每天讀書會讓我們更聰明。
write,寫/書寫,Actions,/raɪt/,4,write,You need to write your name on this paper.,你需要這張紙上寫下你的名字。,Please write down your name on the notebook.,請在筆記本上寫下你的名字。
morning,早上/上午,Time,/ˈmɔːr.nɪŋ/,5,morn/ing,We say good morning to our teachers at school.,我們在學校跟老師們說早安。,I enjoy the fresh air during my morning run.,我享受晨跑時的新鮮空氣。
afternoon,下午,Time,/ˌæf.tɚˈnuːn/,5,af/ter/noon,Let us play basketball in the playground this afternoon.,我們今天下午去操場打籃球吧。,We have an exciting art lesson this afternoon.,我們今天下午有一堂精彩的美勞課。
today,今天,Time,/təˈdeɪ/,5,to/day,What is the weather like in Taipei today?,今天台北的天氣怎麼樣？,Today is a great day to learn new English words.,今天是學習新英文單字的好日子。
happy,快樂的/高興的,Adjectives,/ˈhæp.i/,7,hap/py,We are very happy to hear the good news.,我們聽到這個好消息感到非常高興。,My parents are happy when I share my stories with them.,當我和父母分享我的故事時，他們會很高興。
difficult,困難的/難的,Adjectives,/ˈdɪf.ə.kəlt/,7,dif/fi/cult,This math question is too difficult for me to solve.,這道數學題對我來說太難解了。,"Even if this game is difficult, I will keep trying.",即使這個遊戲很難，我依然會繼續嘗試。
bee,蜜蜂,Animals,/biː/,3,bee,A busy bee is flying around the colorful flowers.,一隻忙碌的蜜蜂正在繽紛的花朵旁飛舞。,The little bee works hard to make honey.,小蜜蜂辛勤地工作製造蜂蜜。
cow,母牛/乳牛,Animals,/kaʊ/,3,cow,The cow eats green grass on the beautiful farm.,母牛在美麗的農場上吃綠草。,The cow on the farm gives us fresh milk.,農場上的乳牛為我們提供新鮮牛奶。
pet,寵物,Animals,/pet/,3,pet,A rabbit can be a wonderful pet for children.,兔子可以是孩子們極佳的寵物。,My pet cat likes to sleep on my lap.,我的寵物貓喜歡在我的大腿上睡覺。
pig,豬,Animals,/pɪɡ/,3,pig,The pink pig is playing happily in the mud.,這隻粉紅色的豬正在泥巴裡玩得很高興。,The cute pig lives with other animals on the farm.,那隻可愛的豬和農場上的其他動物生活在一起。
bear,熊,Animals,/ber/,3,bear,We saw a big brown bear sleeping in the cave.,我們看到一隻大棕熊在洞穴裡睡覺。,A bear eats fish and berries in the forest.,熊在森林裡吃魚和莓果。
duck,鴨/鴨子,Animals,/dʌk/,3,duck,The little duck swims behind its mother in the pond.,小鴨在池塘裡跟在牠媽媽後面游泳。,The white duck made a funny sound in the water.,白鴨在水裡發出了有趣的聲音。
frog,青蛙,Animals,/frɑːɡ/,3,frog,A green frog jumped out of the clean water.,一隻綠色的青蛙從乾淨的水中跳了出來。,A green frog is sitting peacefully on a wet stone.,一隻綠色青蛙正安靜地坐在濕石頭上。
lion,獅子,Animals,/ˈlaɪ.ən/,3,li/on,The lion is known as the king of the forest.,獅子被稱為森林之王。,We saw a big lion walking slowly in the zoo.,我們看到一隻大獅子在動物園裡慢慢走動。
mice,老鼠(複數),Animals,/maɪs/,3,mice,Our cat caught three small mice last night.,我們的小貓昨晚抓到了三隻小老鼠。,The mice ran away quickly when they saw the big cat.,老鼠們看到大貓時飛快地逃跑了。
hippo,河馬,Animals,/ˈhɪp.oʊ/,3,hip/po,The hippo stays in the water to keep cool.,河馬待在水裡以保持涼爽。,The hippo opened its huge mouth to eat fruit.,河馬張開牠的大嘴巴吃水果。
horse,馬,Animals,/hɔːrs/,3,horse,The cowboy rode a fast black horse yesterday.,牛仔昨天騎著一隻跑得很快的黑馬。,The horse ran across the green field very quickly.,那匹馬非常快速地跑過綠色草地。
koala,無尾熊,Animals,/koʊˈɑː.lə/,3,koala,A cute koala is hugging the eucalyptus tree.,一隻可愛的無尾熊正抱著尤加利樹。,We watched the koala eating eucalyptus leaves in the tree.,我們看著無尾熊在樹上吃尤加利樹葉。
mouse,老鼠(單數),Animals,/maʊs/,3,mouse,The clever little mouse escaped from the cat.,聰明的小老鼠從貓咪手裡逃脫了。,A tiny mouse is eating a piece of cheese quietly.,一隻小老鼠正在安靜地吃一片起司。
panda,大貓熊/熊貓,Animals,/ˈpæn.də/,3,pan/da,The giant panda is eating fresh bamboo leaves.,大貓熊正在吃新鮮的竹葉。,The baby panda is playing with a small wood block.,熊貓寶寶正在玩一塊小木頭。
sheep,綿羊/羊,Animals,/ʃiːp/,3,sheep,A group of white sheep are grazing on the hill.,一群白羊正在山丘上吃草。,The farmer shears the wool from the sheep in summer.,農夫在夏天剪掉綿羊身上的羊毛。
snake,蛇,Animals,/sneɪk/,3,snake,Be careful! There is a long snake in the grass.,小心！草叢裡有一條長蛇。,A green snake is climbing up a tall tree.,一條綠蛇正往高樹上爬。
whale,鯨魚,Animals,/weɪl/,3,whale,The blue whale is the largest animal in the ocean.,藍鯨是海洋中最大的動物。,The huge whale made a big splash in the ocean.,巨大的鯨魚在海洋中激起了大水花。
zebra,斑馬,Animals,/ˈziː.brə/,3,ze/bra,The zebra has beautiful black and white stripes.,斑馬有美麗的黑白條紋。,We took a picture of a beautiful zebra yesterday.,我們昨天拍了一隻美麗斑馬的照片。
animal,動物,Animals,/ˈæn.ɪ.məl/,3,an/i/mal,We should protect wild animals and their forests.,我們應該保護野生動物和牠們的森林。,A dog is a very helpful animal to humans.,狗是對人類非常有幫助的動物。
monkey,猴子,Animals,/ˈmʌŋ.ki/,3,mon/key,The funny monkey is climbing the tall banana tree.,這隻有趣的猴子正在爬高高的香蕉樹。,The clever monkey is playing with a round orange.,聰明的猴子正在玩一顆圓圓的橘子。
spider,蜘蛛,Animals,/ˈspaɪ.dɚ/,3,spi/der,A spider is spinning a web in the corner.,一隻蜘蛛正角落裡織網。,A little spider is making its web on the wall.,一隻小蜘蛛正在牆上織網。
turtle,烏龜/海龜,Animals,/ˈtɝː.t̬əl/,3,tur/tle,The turtle walks very slowly but can swim fast.,烏龜爬得很慢但是游得很快。,The small turtle rests on a rock in the park pond.,小烏龜在公園池塘的岩石上休息。
chicken,雞/雞肉,Animals,/ˈtʃɪk.ɪn/,3,chick/en,The farmer feeds the hungry chickens every morning.,農夫每天早上餵飢餓的雞。,The hen walks with three baby chickens in the yard.,母雞帶著三隻小雞在院子裡走動。
elephant,大象,Animals,/ˈel.ə.fənt/,3,ele/phant,The giant elephant is spraying water with its long nose.,大象正用牠的長鼻子噴水。,The elephant uses its long trunk to pick up leaves.,大象用牠的長鼻子來撿樹葉。
butterfly,蝴蝶,Animals,/ˈbʌt̬.ɚ.flaɪ/,3,but/ter/fly,A beautiful butterfly is sitting on the yellow flower.,一隻美麗的蝴蝶停在黃花上。,A beautiful butterfly landed on my sister's shoulder.,一隻美麗的蝴蝶落在她姊姊/妹妹的肩膀上。
bag,書包/提袋,Clothing,/bæɡ/,3,bag,Put your pencil box and textbooks into your bag.,把你的鉛筆盒和教科書放進包包裡。,She packed her lunchbox inside her school bag.,她把便當盒裝進書包裡。
cap,帽子/便帽,Clothing,/kæp/,3,cap,You should wear a cap to block the hot sun.,你應該戴一頂棒球帽來遮擋炎熱的太陽。,He wore a blue baseball cap to school today.,他今天戴了一頂藍色棒球帽上學。
hat,帽子(有邊的),Clothing,/hæt/,3,hat,The magician pulled a cute rabbit out of his hat.,魔術師從他的帽子裡拉出一隻可愛的兔子。,She wore a straw hat to protect her face from the sun.,她戴了一頂草帽以遮陽。
coat,外套/大衣,Clothing,/koʊt/,3,coat,Put on your warm coat before going outside.,出去之前穿上你溫暖的大衣。,Please wear your thick coat because it is cold outside.,因為外面很冷，請穿上你的厚外套。
wear,穿/戴,Actions,/wer/,3,wear,I like to wear comfortable T-shirts on weekends.,我週末喜歡穿舒適的T恤。,Please wear your helmet when you ride a bicycle.,當你騎自行車時請戴安全帽。
dress,洋裝/禮服,Clothing,/dres/,3,dress,She chose a beautiful blue dress for her birthday.,她為她的生日選了一件美麗的藍色洋裝。,My sister wore a white dress to the piano concert.,我妹妹穿著一件白色洋裝去鋼琴音樂會。
pants,長褲,Clothing,/pænts/,9,pants,My father bought a new pair of black pants.,我爸爸買了一條新的黑長褲。,He wore brown pants and a green sweater today.,他今天穿著長褲和綠色毛衣。
shirt,襯衫/男襯衫,Clothing,/ʃɝːt/,7,shirt,He wore a clean white shirt to school today.,他今天穿著乾淨的白襯衫去學校。,My father wears a clean white shirt to work.,我爸爸穿著一件乾淨的白襯衫去工作。
T-shirt,T恤/短袖圓領運動衫,Clothing,/ˈtiː.ʃɝːt/,5,T/shirt,We all wear yellow T-shirts for the school sports day.,我們在學校運動會那天都穿黃色T恤。,My brother wears a white T-shirt to play basketball.,我弟弟穿著一件白色T恤去打籃球。
skirt,裙子,Clothing,/skɝːt/,3,skirt,The school girls wear navy blue skirts as uniforms.,學校的女學生穿深藍色的裙子作為制服。,The girls wore blue skirts for the school show.,女孩們穿著藍色裙子參加學校表演。
socks,襪子(複數),Clothing,/sɑːks/,3,socks,I need to buy some warm socks for winter.,我需要為冬天買一些溫暖的襪子。,I bought two pairs of colorful socks yesterday.,我昨天買了兩雙色彩繽紛的襪子。
jacket,夾克/外套,Clothing,/ˈdʒæk.ɪt/,3,jack/et,"It is cool today, so you should bring a jacket.",今天很涼爽，所以你應該帶件外套。,He forgot his warm jacket at the school playground.,他把保暖夾克忘在學校操場上了。
pocket,口袋,Clothing,/ˈpɑː.kɪt/,3,pock/et,He put the keys into his coat pocket.,他把鑰匙放進大衣口袋裡。,I put my library card in my coat pocket.,我把我的借書證放進了外套口袋。
shorts,短褲,Clothing,/ʃɔːrts/,3,shorts,We like to wear cool shorts during summer vacation.,我們暑假喜歡穿涼爽的短褲。,We wear shorts and T-shirts in summer because it is hot.,因為夏天很熱，所以我們穿短褲和T恤。
shoes,鞋子(複數),Clothing,/ʃuːz/,3,shoes,Take off your shoes before entering the living room.,進客廳前請先脫鞋。,Please take off your shoes before entering the house.,進屋前請先脫鞋。
clothes,衣服/服裝,Clothing,/kloʊðz/,3,clothes,Please help me fold and put away the clean clothes.,請幫我摺疊並收好乾淨的衣服。,Please hang your clean clothes in the wardrobe.,請把你的乾淨衣服掛進衣櫃裡。
glasses,眼鏡/玻璃杯(複數),Clothing,/ˈɡlæs.ɪz/,3,glass/es,Grandpa needs his reading glasses to read the newspaper.,爺爺需要他的老花眼鏡來讀報紙。,My grandfather wears reading glasses to read the newspaper.,我爺爺戴著老花眼鏡看報紙。
sweater,毛衣/針織衫,Clothing,/ˈswet.ɚ/,3,sweater,My grandma knitted a warm red sweater for me.,我奶奶為我織了一件溫暖的紅毛衣。,I wore a soft woolen sweater on the cold windy day.,在寒冷有風的日子我穿了一件柔軟的毛衣。
umbrella,雨傘,Clothing,/ʌmˈbrel.ə/,3,um/brel/la,"Do not forget your umbrella, it is going to rain.",別忘了你的雨傘，要下雨了。,She shared her big umbrella with a classmate in the rain.,她在雨中和一位同學分享了她的大雨傘。
color,顏色/色彩,Colors,/ˈkʌl.ɚ/,3,col/or,"What is your favorite color, blue or green?",你最喜歡什麼顏色，藍色還是綠色？,We use different colors to paint the school wall.,我們用不同的顏色來油漆學校的牆壁。
gray,灰色/灰色的,Colors,/ɡreɪ/,3,gray,The sky turned gray before the heavy rain started.,在大雨開始前，天空變成了灰色。,A little gray mouse ran under the classroom door.,一隻小灰鼠跑進了教室門底下。
pink,粉紅色/粉紅色的,Colors,/pɪŋk/,3,pink,Her room is decorated with pink curtains and toys.,她的房間裝飾著粉紅色的窗簾和玩具。,My sister likes to wear her pink shoes to play.,我妹妹喜歡穿她的粉紅色鞋子出去玩。
black,黑色/黑色的,Colors,/blæk/,3,black,The blackboard in our classroom is very clean now.,我們教室的黑板現在非常乾淨。,The blackboard is clean and ready for our teacher.,黑板很乾淨，準備好給我們的老師了。
brown,棕色/棕色的/褐色,Colors,/braʊn/,3,brown,A cute brown squirrel is eating a nut in the tree.,一隻可愛的棕色松鼠正在樹上吃堅果。,A cute brown rabbit is hopping on the lawn.,一隻可愛的棕色兔子正在草坪上跳躍。
white,白色/白色的,Colors,/waɪt/,3,white,A white fluffy cloud is floating in the blue sky.,一朵白色的蓬鬆雲朵正浮在藍天中。,She wrote on the blackboard with a white chalk.,她用白色粉筆在黑板上寫字。
orange,柳橙/橘色/橘色的,Food,/ˈɔːr.ɪndʒ/,3,or/ange,The orange juice we drank yesterday was sweet.,我們昨天喝的橘子汁很甜。,The sunset sky is a beautiful warm orange today.,今天落日的天空是美麗的溫暖橘色。
purple,紫色/紫色的,Colors,/ˈpɝː.pəl/,3,pur/ple,My mother bought some sweet purple grapes.,我媽媽買了一些甜甜的紫葡萄。,My mother wore a beautiful purple scarf today.,我媽媽今天戴了一條美麗的紫色圍巾。
dad,爸爸,Family,/dæd/,3,dad,My dad took me to the library last Sunday.,我爸爸上星期天帶我去圖書館。,My dad helps me fix my broken toy car.,我爸爸幫我修好壞掉的玩具車。
daddy,爸爸,Family,/ˈdæd.i/,3,dad/dy,"Goodnight, daddy, sleep well and have a good dream.",晚安，爸爸，睡個好覺，做個好夢。,Daddy and I built a small wooden birdhouse yesterday.,爸爸和我昨天建了一個小木鳥屋。
mom,媽媽,Family,/mɑːm/,3,mom,My mom cooks healthy vegetables for us every day.,我媽媽每天為我們做健康的蔬菜。,My mom tells me to eat more fresh fruit.,我媽媽叫我多吃新鮮水果。
mommy,媽媽,Family,/ˈmɑː.mi/,3,mom/my,"Mommy, can you read this bedtime story for me?",媽媽，你可以讀這個床邊故事給我聽嗎？,"Mommy, look at the cute puppy playing in the yard!",媽媽，你看院子裡玩耍的可愛小狗！
parent,家長/雙親/父母,Family,/ˈper.ənt/,3,par/ent,My parents went to the school meeting yesterday.,我父母昨天去參加了學校的會議。,We should always show respect to our parents.,我們應該要孝順/尊重我們的父母。
son,兒子,Family,/sʌn/,3,son,Mr. Wang is very proud of his hard-working son.,王先生對他勤奮的兒子感到非常驕傲。,My uncle is very proud of his helpful son.,我叔叔為他樂於助人的兒子感到非常自豪。
daughter,女兒,Family,/ˈdɑː.t̬ɚ/,3,daugh/ter,They have a young daughter who goes to elementary school.,他們有一個讀國小的小女兒。,The mother and her daughter are drawing pictures together.,母親和她的女兒正在一起畫畫。
family,家庭/家人,Family,/ˈfæm.ə.li/,3,fam/i/ly,We are a happy family and support each other.,我們是一個快樂的家庭，互相支持。,Family support is very important when we face challenges.,當我們面對挑戰時，家人的支持非常重要。
grandfather,爺爺/外公,Family,/ˈɡræn.fɑː.ðɚ/,3,grand/fa/ther,My grandfather likes to practice Tai Chi in the park.,我祖父喜歡在公園裡練太極拳。,My grandfather walks with a cane in the garden.,我祖父/爺爺拿著拐杖在花園裡散步。
grandpa,爺爺/外公,Family,/ˈɡræn.pɑː/,3,grand/pa,Grandpa tells us exciting stories from his childhood.,爺爺跟我們講他童年時的精彩故事。,Grandpa teaches me how to play chess on weekends.,爺爺週末教我如何下棋。
grandmother,奶奶/外婆,Family,/ˈɡræn.mʌð.ɚ/,3,grand/moth/er,My grandmother grows beautiful roses in her small garden.,我祖母在她的花園裡種植美麗的玫瑰。,My grandmother likes to grow roses in her garden.,我祖母喜歡在她的花園裡種植玫瑰花。
grandma,奶奶/外婆,Family,/ˈɡræn.mɑː/,3,grand/ma,My grandma knitted a pair of wool socks for me.,我奶奶為我織了一雙羊毛襪。,Grandma baked some sweet cookies for my birthday party.,奶奶為我的生日派對烤了一些甜餅乾。
aunt,阿姨/姑姑/嬸嬸/伯母/舅媽,Family,/ænt/,3,aunt,My aunt bought me a new schoolbag for my birthday.,我姑姑買了一個新書包送我當生日禮物。,My aunt invited us to her home for a dinner.,我阿姨/姑姑邀請我們去她家吃晚餐。
uncle,叔叔/伯伯/舅舅/阿姨/姑丈,Family,/ˈʌŋ.kəl/,3,un/cle,My uncle lives in New York and works in a bank.,我叔叔住在紐約，在銀行工作。,My uncle works as a kind doctor in the hospital.,我叔叔在醫院裡當一名親切的醫生。
grow,種植/生長/成長,Actions,/ɡroʊ/,3,grow,Vegetables need clean water and sunshine to grow.,蔬菜需要乾淨的水和陽光才能生長。,We can watch the green seeds grow into tall plants.,我們可以看著綠色的種子長成高大的植物。
cousin,堂兄弟姊妹/表兄弟姊妹,Family,/ˈkʌz.ən/,3,cousin,My cousin is coming to stay with us next week.,我表哥下週要來和我們一起住。,My cousin and I share the same favorite storybook.,我的表兄弟/堂兄弟和我有著相同最喜歡的故事書。
live,居住/生活/活的,Actions,/lɪv/,3,live,Polar bears live in the cold Arctic region.,北極熊居住在寒冷的北極地區。,We live in a beautiful and clean neighborhood.,我們住在一個美麗且乾淨的社區。
fruit,水果,Food,/fruːt/,3,fruit,Eating fresh fruit is very good for your health.,吃新鮮水果對你的健康非常有益。,We should eat fresh fruit every day to stay healthy.,我們應該每天吃新鮮水果來保持健康。
peach,桃子/水蜜桃,Food,/piːtʃ/,3,peach,"The pink peach is soft, juicy and very sweet.",粉紅色的桃子又軟、又多汁而且非常甜。,This ripe peach tastes sweet and is full of juice.,這顆成熟的桃子嚐起來很甜，而且多汁。
lemon,檸檬,Food,/ˈlem.ən/,3,lemon,Lemon juice tastes sour but smells very fresh.,檸檬汁吃起來酸，但是聞起來非常清香。,"A lemon tastes very sour, but it is healthy.",檸檬嚐起來非常酸，但它對健康有益。
grape,葡萄,Food,/ɡreɪp/,3,grape,She washed a bowl of purple grapes for her guests.,她為客人洗了一碗紫葡萄。,My sister shared a bunch of sweet purple grapes with me.,我妹妹和我分享了一串甜甜的紫葡萄。
strawberry,草莓,Food,/ˈstrɑː.ber.i/,3,straw/ber/ry,I like to eat strawberry ice cream in summer.,我夏天喜歡吃草莓冰淇淋。,We like to put fresh strawberries on our ice cream.,我們喜歡在冰淇淋上放新鮮草莓。
watermelon,西瓜,Food,/ˈwɑː.t̬ɚˌmel.ən/,3,wa/ter/mel/on,Watermelon is the best fruit for hot summer days.,西瓜是炎熱夏天裡最好的水果。,Eating cold watermelon in summer is very cool.,夏天吃冰涼的西瓜非常消暑。
breakfast,早餐,Food,/ˈbrek.fəst/,3,break/fast,What did you have for your breakfast this morning?,你今天早上早餐吃了什麼？,I always eat a healthy breakfast before going to school.,我上學前總是會吃一頓健康的早餐。
lunch,午餐,Food,/lʌntʃ/,3,lunch,We usually have lunch at the school cafeteria.,我們通常在學校食堂吃午餐。,All students have lunch together in the classroom at noon.,中午所有學生都在教室裡一起吃午餐。
dinner,晚餐,Food,/ˈdɪn.ɚ/,3,din/ner,The family sits together to enjoy their dinner.,全家人坐在一起享受他們的晚餐。,Our family sits at the table and talks during dinner.,晚餐時我們全家人坐在桌子旁聊天。
drink,喝/飲料,Actions,/drɪŋk/,3,drink,You should drink a cup of warm water first.,你應該先喝一杯溫開水。,I always drink warm water after PE class.,體育課後我總是喝溫開水。
tea,茶,Food,/tiː/,3,tea,My grandmother likes to drink hot black tea.,我祖母喜歡喝熱紅茶。,My grandfather likes to drink hot tea in the afternoon.,我爺爺下午喜歡喝熱茶。
egg,蛋/雞蛋,Food,/eɡ/,3,egg,I eat a boiled egg every morning for breakfast.,我每天早上吃一個水煮蛋當早餐。,We eat a boiled egg every morning for protein.,我們每天早上吃一個水煮蛋來補充蛋白質。
bread,麵包,Food,/bred/,3,bread,The baker makes delicious fresh bread every morning.,麵包師每天早上做出美味的新鮮麵包。,She spreads sweet strawberry jam on the bread.,她在麵包上塗抹甜草莓醬。
pie,派/餡餅,Food,/paɪ/,3,pie,Grandma baked an apple pie for our family dinner.,阿嬤為我們的家庭晚餐烤了一個蘋果派。,My grandma is baking a hot apple pie in the kitchen.,我奶奶正在廚房裡烤熱騰騰的蘋果派。
eat,吃,Food,/iːt/,3,eat,Remember to wash your hands before you eat.,吃東西前記得先洗手。,Remember to eat some fresh fruit every day.,記得每天吃一些新鮮水果。
cook,廚師/烹調/煮,Actions,/kʊk/,3,cook,My father likes to cook spaghetti on weekends.,我爸爸週末喜歡煮義大利麵。,The school cook prepares healthy food for our lunch.,學校廚師為我們的午餐準備健康的食物。
soup,湯,Food,/suːp/,3,soup,The hot corn soup is perfect for cold winter days.,熱玉米濃湯在寒冷的冬日裡再適合不過了。,This hot pumpkin soup tastes wonderful on a cold day.,在冷天喝這碗熱南瓜湯感覺太棒了。
food,食物,Food,/fuːd/,3,food,Taiwan is famous for its delicious street food.,台灣以美味的街頭小吃聞名。,We should not waste any food during our school lunch.,我們在學校吃午餐時不應該浪費任何食物。
beef,牛肉,Food,/biːf/,3,beef,We ordered some beef noodles at the restaurant.,我們在餐廳點了一些牛肉麵。,My mother makes delicious beef curry for our dinner.,我媽媽為我們的晚餐做了美味的咖哩牛肉。
pork,豬肉,Food,/pɔːrk/,3,pork,Pork dumplings are very popular in this restaurant.,豬肉餃子在這家餐廳非常受歡迎。,Pork is the main ingredient in these fresh dumplings.,豬肉是這些新鮮水餃的主要內餡。
cake,蛋糕,Food,/keɪk/,3,cake,She blew out the candles on her birthday cake.,她吹熄了生日蛋糕上的蠟燭。,We baked a sweet apple cake for our mother's birthday.,我們為媽媽的生日烤了一個甜蘋果蛋糕。
Coke,可樂,Food,/koʊk/,3,Coke,Drinking too much sweet coke is bad for your teeth.,喝太多甜可樂對你的牙齒不好。,Drinking water is much healthier than drinking Coke.,喝水比喝可樂健康得多。
meal,餐/一餐,Food,/miːl/,3,meal,Breakfast is the most important meal of the day.,早餐是一天中最重要的一餐。,We sat together to enjoy a warm family meal.,我們坐在一起享用溫馨的家庭一餐。
juice,果汁,Food,/dʒuːs/,3,juice,Fresh orange juice is full of vitamins.,新鮮的柳橙汁富含維他命。,My parents bought some fresh grape juice at the store.,我父母在商店買了一些新鮮的葡萄汁。
candy,糖果,Food,/ˈkæn.di/,3,can/dy,Do not eat too much sweet candy before bed.,睡前不要吃太多甜的糖果。,The little child smiled when she got a sweet candy.,當小女孩得到一顆甜糖果時她笑了。
salad,沙拉,Food,/ˈsæl.əd/,3,sal/ad,She prepared a fresh vegetable salad for lunch.,她午餐準備了一份新鮮的蔬菜沙拉。,Eating fresh salad every day is good for our health.,每天吃新鮮沙拉對我們的健康有益。
pizza,披薩,Food,/ˈpiːt.sə/,3,piz/za,We ordered a large cheese pizza for the party.,我們為派對點了一個大起司披薩。,My classmates and I share a hot pizza on Friday.,星期五我和同學一起分享熱騰騰的披薩。
full,飽的/滿的,Adjectives,/fʊl/,3,full,I am full after eating three plates of rice.,吃了三盤飯後我已經飽了。,The schoolbus is full of happy students going home.,校車上坐滿了要回家的快樂學生。
dumpling,水餃/餃子,Food,/ˈdʌm.plɪŋ/,3,dumpling,My mom makes delicious pork dumplings on weekends.,我媽媽週末會包美味的豬肉水餃。,Eating hot dumplings on a cold day makes us warm.,在冷天吃熱水餃讓我們感到溫暖。
hungry,飢餓的/餓的,Adjectives,/ˈhʌŋ.ɡri/,3,hun/gry,"If you are hungry, you can eat these biscuits.",如果你餓了，你可以吃這些餅乾。,The hungry little puppy barked to ask for food.,飢餓的小狗汪汪叫著要食物。
taste,嚐起來/味道/品嚐,Actions,/teɪst/,3,taste,The soup tastes delicious but a little bit salty.,這湯喝起來很美味，但有一點鹹。,These red strawberries taste sweet and a bit sour.,這些紅草莓嚐起來很甜，帶有一點酸味。
thirsty,口渴的/渴的,Adjectives,/ˈθɝː.sti/,3,thirsty,"After playing soccer, the boys were very thirsty.",踢完足球後，男孩子們都非常口渴。,I always feel thirsty after running on the playground.,在操場跑步後我總是感到口渴。
yummy,美味的/好吃的,Adjectives,/ˈjʌm.i/,3,yum/my,The chocolate cake Grandma made was very yummy.,阿嬤做的巧克力蛋糕非常美味。,This hot noodle soup is really yummy and warm.,這碗熱麵湯真的很美味又溫暖。
pumpkin,南瓜,Food,/ˈpʌmp.kɪn/,3,pump/kin,We carved a funny face on the Halloween pumpkin.,我們在萬聖節南瓜上雕刻了一個有趣的臉。,My grandmother makes sweet pumpkin pie for dessert.,我祖母做甜南瓜派當甜點。
ice cream,冰淇淋,Food,/ˈaɪs.kriːm/,3,ice/cream,Children love to eat sweet vanilla ice cream in summer.,孩子們夏天喜歡吃甜香草冰淇淋。,Vanilla ice cream is my brother's favorite treat.,香草冰淇淋是我弟弟最喜歡的甜點。
sweet,甜的/溫柔的,Adjectives,/swiːt/,3,sweet,These ripe strawberries are very red and sweet.,這些熟透的草莓又紅又甜。,She made a sweet card to thank her kind teacher.,她做了一張貼心的卡片來感謝她親切的老師。
sandwich,三明治,Food,/ˈsæn.wɪtʃ/,3,sand/wich,I made a ham and cheese sandwich for my lunch.,我為我的午餐做了一個火腿起司三明治。,My mother packed a fresh sandwich in my lunchbox.,我媽媽在我的便當盒裡裝了一個新鮮三明治。
chocolate,巧克力,Food,/ˈtʃɑːk.lət/,3,choco/late,She bought a box of dark chocolate from Belgium.,她買了一盒比利時黑巧克力。,We share a chocolate bar after playing basketball.,打完籃球後我們一起分享一條巧克力棒。
hamburger,漢堡,Food,/ˈhæm.bɝː.ɡɚ/,3,ham/burg/er,He ordered a beef hamburger and some french fries.,他點了一個牛肉漢堡和一些薯條。,A giant hamburger with fresh lettuce tastes delicious.,夾著新鮮萵苣的巨無霸漢堡嚐起來很美味。
French,法國的/法語的/法國人,Food,/frentʃ/,3,French,We ordered some hot french fries at the fast-food shop.,我們在速食店點了一些熱薯條。,Our new classmate can speak both English and French.,我們的新同學會說英文和法文。
fries,薯條/炸薯條,Food,/fraɪz/,3,fries,The crispy fries taste great with tomato sauce.,脆脆的薯條搭配番茄醬味道很棒。,Hot potato fries are crispy and delicious to share.,熱騰騰的炸薯條香脆美味，適合一起分享。
name,名字/姓名,Forms,/neɪm/,3,name,Please write down your name and phone number here.,請在這裡寫下您的名字和電話號碼。,I wrote my name on the first page of the book.,我在書的第一頁寫下了我的名字。
Miss/Ms,小姐/女士,Forms,/mɪs/,3,Mis/s/Ms,Ms. Lin is our new school principal this year.,林女士是我們今年新來的學校校長。,Miss Lin is very patient when she teaches us math.,林老師教我們數學時非常耐心。
Mr,先生,Forms,/ˈmɪs.tɚ/,3,Mr,Mr. Brown teaches us math and is very funny.,布朗先生教我們數學而且非常幽默。,Mr. Wang helps us clean the school playground every Friday.,王先生每個星期五都幫我們清理學校操場。
Mrs,太太/女士(已婚),Forms,/ˈmɪs.ɪz/,3,Mrs,Mrs. Green gave us some sweet cookies yesterday.,格林太太昨天給了我們一些甜餅乾。,Mrs. Lee teaches science and always answers our questions.,李太太教自然科學，而且總是回答我們的問題。
sea,海洋/海,Geographical,/siː/,3,sea,We saw a big ship sailing on the blue sea.,我們看到一隻大船在藍色的大海上航行。,We can collect pretty shells on the beach near the sea.,我們可以在靠海的沙灘上收集美麗的貝殼。
lake,湖泊/湖,Geographical,/leɪk/,3,lake,The water in the lake is clear and calm.,湖水非常清澈而且平靜。,We rode a boat on the lake during our family trip.,在我們的家庭旅行中，我們在湖上划船。
beach,海灘/沙灘,Geographical,/biːtʃ/,3,beach,We built a tall sandcastle on the sandy beach.,我們在沙灘上建了一座高高的沙堡。,We built a big sandcastle on the beach in the afternoon.,下午我們在海灘上建了一座大沙堡。
river,河流/河,Geographical,/ˈrɪv.ɚ/,3,riv/er,Many fish are swimming in this clean mountain river.,許多魚在這條乾淨的山區河流中游泳。,The clean river flows slowly through our beautiful town.,乾淨的河流緩緩流過我們美麗的小鎮。
mountain,山/山脈,Geographical,/ˈmaʊn.tən/,3,moun/tain,They plan to climb the highest mountain in Taiwan.,他們計劃攀登台灣最高的山。,We went hiking on a high mountain last weekend.,上週末我們去了一座高山健行。
forest,森林,Geographical,/ˈfɔːr.ɪst/,3,for/est,There are many tall green trees in the forest.,森林裡有許多高大的綠樹。,Many wild animals make their homes in the deep forest.,許多野生動物在深山森林裡安家。
volcano,火山,Geographical,/vɑːlˈkeɪ.noʊ/,3,vol/cano,The volcano has not erupted for a thousand years.,這座火山已經一千年沒有噴發了。,We saw a picture of an active volcano in our science book.,我們在自然科學書裡看到了一張活火山的照片。
desert,沙漠/拋棄,Geographical,/ˈdez.ɚt/,3,desert,Camels can walk in the hot desert without water.,駱駝可以在炎熱的沙漠中行走而不需要水。,"It is dry and hot in the desert, but camels can live there.",沙漠裡又乾又熱，但是駱駝可以在那裡生存。
island,島嶼/島,Geographical,/ˈaɪ.lənd/,3,is/land,They spent their summer vacation on a tropical island.,他們在一個熱帶島嶼上度過了暑假。,Taiwan is a beautiful island surrounded by blue oceans.,台灣是一個被藍色海洋包圍的美麗島嶼。
Easter,復活節,Holidays,/ˈiː.stɚ/,3,East/er,Children love to search for colorful Easter eggs.,孩子們喜歡尋找色彩繽紛的復活節彩蛋。,Children search for colorful eggs during Easter.,孩子們在復活節期間尋找彩色的蛋。
Halloween,萬聖節/萬聖節前夕,Holidays,/ˌhæl.oʊˈiːn/,3,Hal/loween,We dressed up in scary clothes for Halloween.,我們在萬聖節穿上了可怕的衣服裝扮。,We dressed up as funny ghosts for Halloween last year.,去年萬聖節我們裝扮成搞笑的鬼魂。
Christmas,耶誕節/聖誕節,Holidays,/ˈkrɪs.məs/,3,Christ/mas,We decorated the big Christmas tree with sparkling lights.,我們用閃閃發光的燈飾裝飾了大聖誕樹。,We decorated the classroom tree for Christmas.,我們裝飾了教室裡的聖誕樹來迎接耶誕節。
Moon,月亮,Weather & nature,/muːn/,3,Moon,The moon shines brightly in the clear night sky.,月亮在晴朗的夜空中明亮地照耀著。,The moon is round and bright during the Mid-Autumn Festival.,中秋節期間的月亮又圓又亮。
Festival,節日/慶典,Holidays,/ˈfes.tə.vəl/,3,Fes/ti/val,The Mid-Autumn Festival is a time for family reunion.,中秋節是家人團圓的時刻。,The school sports festival is full of exciting games.,學校運動會/體育節充滿了精彩的比賽。
well,很好地/健康的/井,Health,/wel/,3,well,My grandmother feels well after resting in bed.,我奶奶在床上休息後感覺好多了。,My brother plays the piano very well because he practices.,我弟弟鋼琴彈得很好，因為他有練習。
sick,生病的/有病的,Health,/sɪk/,3,sick,He did not go to school because he was sick.,他因為生病而沒有去上學。,"If you feel sick, you should rest and drink warm water.",如果你感覺生病了，你應該休息並喝溫開水。
cold,冷的/感冒/寒冷的,Health,/koʊld/,3,cold,Drink hot soup when you have a bad cold.,當你感冒嚴重時，多喝熱湯。,Drinking hot tea makes us feel good when we have a cold.,感冒時喝熱茶會讓我們感覺舒服些。
strong,強壯的/強烈的,Health,/strɑːŋ/,3,strong,He is strong enough to lift the heavy box.,他足夠強壯以搬起這個重箱子。,A strong wind can bend the branches of tall trees.,強風會吹彎高樹的枝條。
tired,疲倦的/累的,Health,/taɪərd/,3,tired,I was tired after riding my bike for two hours.,騎了兩小時腳踏車後，我感到很累。,I felt tired after running around the playground.,在操場跑了幾圈後我感到累了。
toothache,牙痛,Health,/ˈtuːθ.eɪk/,3,toothache,The little girl cried because she had a toothache.,小女孩哭了，因為她牙痛。,Eating too much sweet candy might cause a toothache.,吃太多甜糖果可能會導致牙痛。
headache,頭痛,Health,/ˈhed.eɪk/,3,headache,My mother has a bad headache today.,我媽媽今天頭痛得很厲害。,Drinking cold water too quickly might give you a headache.,冰水喝太快可能會讓你頭痛。
key,鑰匙/關鍵,House,/kiː/,3,key,I cannot find the key to my bedroom door.,我找不到我臥室門的鑰匙。,He keeps the classroom key in his pencil case.,他把教室的鑰匙收在筆袋裡。
fan,風扇/電風扇/迷,House,/fæn/,3,fan,"Please turn on the fan, the classroom is hot.",請打開電風扇，教室很熱。,Please turn on the electric fan to cool down the room.,請打開電風扇讓房間涼快一下。
bed,床,House,/bed/,3,bed,"It is time to go to bed; goodnight, children.",該去睡覺了；晚安，孩子們。,I jumped onto my soft bed and felt very relaxed.,我跳上柔軟的床，感到非常放鬆。
house,房子/住宅,House,/haʊs/,3,house,They live in a beautiful house with a garden.,他們住在一棟帶花園的美麗房子裡。,My family lives in a cozy house near the school.,我們家住在學校附近的一間溫馨房子裡。
wall,牆壁/圍牆,House,/wɑːl/,3,wall,We hung a big map of Taiwan on the classroom wall.,我們在教室的牆上掛了一幅台灣大地圖。,We hung our class paintings on the classroom wall.,我們把我們班的畫掛在教室牆壁上。
mop,拖把/拖地,House,/mɑːp/,3,mop,Use the clean mop to clean the kitchen floor.,用乾淨的拖把來清潔廚房地板。,Please use a mop to clean the dirty floor.,請用拖把清理骯髒的地板。
door,門,House,/dɔːr/,3,door,Please close the door behind you when you leave.,你離開時請隨手關門。,Please close the door quietly when you leave.,你離開時請輕輕關上門。
lamp,燈/檯燈,House,/læmp/,3,lamp,He reads a book under the bright desk lamp.,他在明亮的檯燈下看書。,I turn on the desk lamp when I read at night.,我晚上讀書時會打開檯燈。
sweep,掃/打掃/掃除,Actions,/swiːp/,3,sweep,Please help me sweep the leaves on the ground.,請幫我掃地上的樹葉。,We sweep the classroom floor together after school.,放學後我們一起打掃教室地板。
wash,清洗/洗,Actions,/wɑːʃ/,3,wash,You should wash your hands before eating dinner.,你在吃晚餐前應該要洗手。,We wash our hands before eating lunch at school.,我們在學校吃午餐前會洗手。
home,家/在家,House,/hoʊm/,3,home,I will stay at home and watch TV tonight.,我今天晚上會待在家裡看電視。,Going home to eat dinner with family is very warm.,回家和家人一起吃晚餐是非常溫馨的。
table,桌子/餐桌,House,/ˈteɪ.bəl/,3,ta/ble,We put the vase of flowers on the wooden table.,我們把花瓶放在木桌上。,Please help set the dining table before dinner.,請在晚餐前幫忙擺餐桌。
towel,毛巾/手巾,House,/ˈtaʊ.əl/,3,tow/el,Dry your face with a clean and soft towel.,用乾淨又柔軟的毛巾擦乾你的臉。,Dry your wet face with a clean soft towel.,用乾淨柔軟的毛巾擦乾你那濕漉漉的臉。
floor,地板/樓層,House,/flɔːr/,3,floor,The clean floor is too slippery; walk carefully.,乾淨的地板太滑了，走路請小心。,Keep your books off the floor and on your desk.,把你的書從地板上拿起來放在書桌上。
shelf,書架/架子,House,/ʃelf/,3,shelf,I put my new books back onto the bookshelf.,我把我的新書放回書架上。,Please put the storybook back on the wooden shelf.,請把故事書放回木架/書架上。
garden,花園/園地,House,/ˈɡɑːr.dən/,3,gar/den,Grandpa grows sweet red strawberries in his garden.,爺爺在他的花園裡種植甜甜的紅草莓。,The school garden has many colorful flowers.,學校花園裡有許多色彩繽紛的花朵。
shower,陣雨/淋浴,House,/ˈʃaʊ.ɚ/,3,show/er,I take a warm shower after playing basketball.,我打完籃球後會洗個熱水澡。,A quick summer shower cooled down the hot streets.,一場短暫的夏日陣雨讓發熱的街道降溫了。
TV,電視/電視機,House,/ˌtiːˈviː/,5,TV,We watched an interesting science show on TV.,我們在電視上觀看了一個有趣的科學節目。,Our parents allow us to watch TV for thirty minutes.,我父母允許我們看三十分鐘的電視。
computer,電腦,House,/kəmˈpjuː.t̬ɚ/,3,com/put/er,We use the computer to look up English words.,我們使用電腦來查詢英文單字。,We learn how to type on the computer in class.,我們在課堂上學習如何在電腦上打字。
refrigerator,冰箱,House,/rɪˈfrɪdʒ.ə.reɪ.t̬ɚ/,3,re/frig/er/a/tor,Keep the fresh milk and cheese in the refrigerator.,把新鮮牛奶和起司保存在冰箱裡。,Put the fresh milk back in the refrigerator to keep it cool.,把鮮牛奶放回冰箱以保持冰涼。
clean,乾淨的/清潔/打掃,Adjectives,/kliːn/,3,clean,Please help me clean the dirty windows this afternoon.,今天下午請幫我清潔髒窗戶。,We must clean our study desks before we go home.,我們回家前必須打掃乾淨我們的書桌。
bedroom,臥室/臥房,House,/ˈbed.ruːm/,3,bed/room,My bedroom has a small desk and a warm bed.,我的臥室有一張小書桌和一張溫暖的床。,I sleep peacefully in my quiet bedroom.,我在安靜的臥室裡安穩地睡覺。
dining,用餐/進餐,House,/ˈdaɪ.nɪŋ/,3,din/ing,The family had dinner together in the dining room.,全家人在餐廳一起吃晚餐。,We gathered in the dining area to share the food.,我們在用餐區聚集分享食物。
room,房間/空間,House,/ruːm/,3,room,Our living room is very bright and cozy.,我們的客廳非常明亮而且溫馨。,My room has a soft bed and a tidy bookshelf.,我的房間有一張柔軟的床和整齊的書架。
buy,購買/買,Actions,/baɪ/,3,buy,I want to buy a new box of crayons.,我想買一盒新的蠟筆。,I want to buy a new pencil case at the shop.,我想在商店買一個新的筆袋。
free,免費的/自由的/空閒的,Money,/friː/,3,free,Children under six can enter the zoo for free.,六歲以下的孩子可以免費進入動物園。,You are free to join our English game club.,你可以自由加入我們的英文遊戲社團。
money,錢/貨幣,Money,/ˈmʌn.i/,3,mon/ey,She saved some money to buy a storybook.,她存了一些錢來買一本故事書。,Saving money helps us buy things we really need later.,存錢可以幫助我們在以後購買真正需要的東西。
dollar,元/美元,Money,/ˈdɑː.lɚ/,3,dol/lar,A cup of bubble tea costs fifty New Taiwan dollars.,一杯珍珠奶茶要五十元新台幣。,A cup of hot tea costs one dollar at the stand.,那攤位的一杯熱茶花費一元。
new,新的,Adjectives,/nuː/,3,new,He has a new blue schoolbag for the school year.,他新學年有一個新的藍色書包。,Welcome our new classmate with a warm hello.,用溫馨的問候歡迎我們的新同學。
number,數字/號碼,Numbers,/ˈnʌm.bɚ/,3,num/ber,Seven is my sister's favorite and lucky number.,七是我妹妹最喜歡且幸運的數字。,Please write the number of students in the blank.,請在空格內寫上學生的數量。
all,全部的/所有的/全部/所有,Numbers,/ɑːl/,3,all,The students in the classroom were all quiet.,教室裡的學生們全都非常安靜。,All students did a wonderful job on the test today.,今天所有學生在測驗中都表現得很好。
both,兩者都/雙方的,Numbers,/boʊθ/,3,both,Both of my brothers like to play basketball.,我的兩個哥哥都喜歡打籃球。,Both of my dogs love to play with the ball.,我的兩隻狗都很喜歡玩這顆球。
much,許多的/非常地(加不可數),Numbers,/mʌtʃ/,3,much,How much water should we drink every day?,我們每天應該喝多少水？,Thank you very much for your kind help.,非常感謝你親切的幫助。
many,許多的/很多的,Numbers,/ˈmen.i/,3,many,How many students are there in your class?,你們班上有多少位學生？,There are many tall trees in our school playground.,我們學校操場上有許多高樹。
more,更多的/較多的/更,Numbers,/mɔːr/,3,more,I want to read more books during the holiday.,我希望在假期期間讀更多的書。,Reading more books can help you learn new words.,多讀書可以幫助你學習新單字。
some,一些的/一些/某些,Numbers,/sʌm/,3,some,My mom prepared some fresh fruits for us.,我媽媽為我們準備了一些新鮮水果。,"Can you give me some paper to write on, please?",請給我一些紙寫字好嗎？
first,第一/首先/第一的,Numbers,/fɝːst/,3,first,He won the first prize in the English speaking contest.,他在英語演講比賽中贏得了一等獎。,Safety first is our number one rule when hiking.,健行時，安全第一是我們的首要規則。
second,第二/秒/第二的,Numbers,/ˈsek.ənd/,3,sec/ond,This is the second time I visit this beautiful museum.,這是我第二次造訪這座美麗的博物館。,February is the second month of the year.,二月是一年中的第二個月份。
third,第三/第三的,Numbers,/θɝːd/,3,third,Her classroom is on the third floor of the school.,她的教室在學校的三樓。,He got the third place in the running race.,他在跑步比賽中得到了第三名。
last,最後的/持續/上一個,Numbers,/læst/,3,last,December is the last month of the year.,十二月是一年中的最後一個月。,This is the last question of our daily challenge.,這是我們每日挑戰的最後一個問題。
job,工作/職務,Occupations,/dʒɑːb/,3,job,A teacher's job is to help students learn.,老師的工作是幫助學生學習。,Doing my school job well makes me feel proud.,做好我的學校工作讓我感到自豪。
work,工作/勞作,Occupations,/wɝːk/,3,work,Our parents work hard to take care of the family.,我們的父母努力工作以照顧家庭。,My parents go to work early in the morning.,我父母早上很早去工作。
worker,工人/工作者,Occupations,/ˈwɝː.kɚ/,3,work/er,The factory workers wear blue uniforms and helmets.,工廠工人穿著藍色制服戴安全帽。,The construction worker wears a orange helmet.,建築工人戴著橘色的安全帽。
actor,男演員/演員,Occupations,/ˈæk.tɚ/,3,ac/tor,He wants to be a famous movie actor when he grows up.,他長大後想成為一名著名的電影演員。,The actor played the hero in the movie.,那位男演員在電影裡扮演英雄。
actress,女演員,Occupations,/ˈæk.trəs/,3,ac/tress,The actress wore a beautiful red dress on stage.,這位女演員在舞台上穿著一件美麗的紅洋裝。,She wants to be a famous actress when she grows up.,她長大後想成為一名著名的女演員。
singer,歌手/歌唱家,Occupations,/ˈsɪŋ.ɚ/,3,singer,The young singer has a very beautiful voice.,這位年輕的歌手擁有非常美麗的嗓音。,The popular singer sang a beautiful song at the concert.,那位受歡迎的歌手在演唱會上唱了一首美麗的歌。
driver,司機/駕駛,Occupations,/ˈdraɪ.vɚ/,3,driv/er,The bus driver is very polite and always smiles.,這位公車司機非常禮貌而且總是微笑。,Our school bus driver is very safe and friendly.,我們校車司機開車非常安全且親切。
farmer,農夫/農民,Occupations,/ˈfɑːr.mɚ/,3,farmer,The farmer grows fresh vegetables and rice on his farm.,農夫在他的農場上種植新鮮蔬菜和稻米。,The farmer grows sweet fruit and fresh vegetables.,農夫種植甜美的水果和新鮮的蔬菜。
mailman,郵差/信差,Occupations,/ˈmeɪl.mæn/,3,mail/man,The mailman delivered a package to our house yesterday.,郵差昨天送了一個包裹到我們家。,The mailman delivered a letter to my grandmother today.,郵差今天送了一封信給我祖母。
waiter,男服務生/侍者,Occupations,/ˈweɪ.t̬ɚ/,3,wait/er,The waiter in the restaurant is very helpful.,這家餐廳的服務生非常熱心。,The friendly waiter brought us a glass of cold water.,友善的男服務生給我們倒了一杯冰水。
waitress,女服務生/女侍,Occupations,/ˈweɪ.trəs/,3,wait/ress,The waitress served us hot corn soup and bread.,女服務生為我們端來熱玉米濃湯和麵包。,The waitress is serving hot soup to the customers.,女服務生正在給顧客端上熱湯。
soldier,軍人/士兵,Occupations,/ˈsoʊl.dʒɚ/,3,sol/dier,The brave soldiers protect their country and people.,勇敢的士兵們保護他們的國家和人民。,The brave soldier protects our country from danger.,勇敢的軍人保護我們的國家免受危險。
police officer,警察/警官,Occupations,/pəˈliːs ˌɑː.fɪ.sɚ/,3,po/lice/of/fi/cer,The police officer helped the lost boy find his mother.,警察幫助迷路的小男孩找到了他的媽媽。,The police officer guided the children across the street.,警察引導孩子們過馬路。
hair,頭髮/毛髮,Body,/her/,3,hair,Her sister has long black hair and big eyes.,她姐姐有長長的黑髮和大眼睛。,My mother washes her long hair every evening.,我媽媽每天晚上洗她的長髮。
face,臉/面孔,Body,/feɪs/,3,face,Remember to wash your face every morning.,記得每天早上洗臉。,She has a big smile on her face when she draws.,她畫畫時臉上帶著燦爛的笑容。
nose,鼻子,Body,/noʊz/,3,nose,My nose is red because I have a cold.,因為感冒，我的鼻子紅紅的。,My dog has a black nose and a warm tail.,我的狗有著黑鼻子和溫暖的尾巴。
ear,耳朵,Body,/ɪr/,3,ear,We have two ears to listen to beautiful music.,我們有兩隻耳朵來聽美妙的音樂。,A rabbit has long ears to hear tiny sounds.,兔子長著長耳朵來聆聽微弱的聲音。
mouth,嘴巴/口,Body,/maʊθ/,3,mouth,Open your mouth and show me your white teeth.,張開你的嘴，讓我看看你白白的牙齒。,Please open your mouth and drink some warm water.,請張開嘴巴喝些溫開水。
tooth,牙齒(單數),Body,/tuːθ/,3,tooth,He lost a baby tooth and put it under his pillow.,他掉了一顆乳牙，把它放在枕頭底下。,I brush my teeth and wash my face before sleep.,我睡前刷牙洗臉。
leg,腿/下肢,Body,/leɡ/,3,leg,Flamingos stand on one leg when they sleep.,紅鶴睡覺時只用一隻腳站立。,A hippo has short legs but can walk fast in water.,河馬的腿很短，但牠在水裡能走得很快。
teeth,牙齒(複數),Body,/tiːθ/,3,teeth,You should brush your teeth at least twice a day.,你每天應該至少刷牙兩次。,We must brush our teeth twice a day.,我們每天必須刷牙兩次。
feet,腳(複數)/英尺,Body,/fiːt/,3,feet,He washed his dirty feet after playing in the mud.,他在泥巴裡玩耍後洗了乾淨髒腳。,Wipe your wet feet on the rug before entering.,進門前先在毯子上擦乾你的濕腳。
back,背部/後面/返回,Body,/bæk/,3,back,Please write your name on the back of the paper.,請在紙的背面寫下你的名字。,We carry our heavy bags on our backs to school.,我們背著重重的書包上學。
person,人(單數),People,/ˈpɝː.sən/,3,per/son,Each person in our class must prepare a short story.,我們班上的每個人都必須準備一個短篇故事。,Benson is a very kind and friendly person.,班森是一個非常親切且友善的人。
people,人們/人(複數),People,/ˈpiː.pəl/,3,peo/ple,Many people go to the park to practice Tai Chi.,許多人去公園練習太極拳。,Many people in the park are flying colorful kites.,公園裡的許多人正在放彩色的風箏。
baby,嬰兒/寶貝,People,/ˈbeɪ.bi/,3,ba/by,The sweet baby fell asleep in her mother's arms.,可愛的嬰兒在媽媽的懷抱裡睡著了。,The baby puppy is sleeping quietly in the basket.,幼犬寶寶在籃子裡安靜地睡覺。
kid,小孩/開玩笑,People,/kɪd/,3,kid,The kids are playing hide-and-seek under the tree.,孩子們正樹底下玩捉迷藏。,Every kid loves to play games on the playground.,每個小孩都喜歡在操場上玩遊戲。
boy,男孩,People,/bɔɪ/,3,boy,The boy over there is my brother's classmate.,那邊那個男孩是我哥哥的同學。,The active boy jumped high to catch the basketball.,那個活潑的男孩跳得很高去接籃球。
girl,女孩,People,/ɡɝːl/,3,girl,The young girl wore a pink hat to school.,這個年輕的女孩戴著粉紅色的帽子去上學。,She is a smart girl who always does her homework.,她是一個總是寫作業的聰明女孩。
woman,女人/婦女(單數),People,/ˈwʊm.ən/,3,wom/an,A kind woman helped me find the train station.,一位好心的女士幫我找到了火車站。,The woman standing next to the door is our teacher.,站在門旁邊的那位女士/婦女是我們的老師。
women,女人/婦女(複數),People,/ˈwɪm.ɪn/,3,wom/en,The two women are talking near the flower shop.,這兩位女士正在花店附近說話。,Three women walked into the library together.,三位女士/婦女一起走進了圖書館。
bad,壞的/不好的/嚴重的,Personal,/bæd/,3,bad,Eating too much candy is bad for your teeth.,吃太多糖果對你的牙齒不好。,Eating too much salt is bad for your health.,吃太多鹽對你的健康不好。
good,好的/優秀的,Personal,/ɡʊd/,3,good,It is a good habit to wash hands before meals.,飯前洗手是個好習慣。,Reading is a good habit that helps us learn.,讀書是一個能幫助我們學習的好習慣。
nice,親切的/友善的/美好的,Personal,/naɪs/,3,nice,We had a very nice trip to the zoo yesterday.,我們昨天去動物園玩得很愉快。,It is nice of you to share your drawing crayons.,你真好，願意分享你的繪圖蠟筆。
lazy,懶惰的,Personal,/ˈleɪ.zi/,3,lazy,The lazy dog did not want to go out for a walk.,這隻懶惰的狗不想出去散步。,Do not be lazy; keep working on your dreams.,不要懶惰，為你的夢想努力奮鬥吧。
cute,可愛的,Personal,/kjuːt/,3,cute,Look at that cute rabbit eating a fresh carrot.,看那隻正在吃新鮮胡蘿蔔的可愛兔子。,The cute koala is sleeping in the eucalyptus tree.,可愛的無尾熊正在尤加利樹上睡覺。
smart,聰明的/時髦的,Personal,/smɑːrt/,3,smart,The smart dolphin can do tricks with a ball.,這隻聰明的海豚會用球做特技。,A smart dog can learn many tricks from its owner.,聰明的狗可以從主人那裡學會很多把戲。
old,老的/舊的/年老的,Personal,/oʊld/,3,old,Our school has a very old eucalypt tree.,我們學校有一棵非常古老的尤加利樹。,I found an old map of our school in the library.,我在圖書館找到了一張我們學校的舊地圖。
tall,高的(高聳的),Personal,/tɑːl/,3,tall,He is very tall and plays basketball very well.,他很高，而且籃球打得很好。,Giraffes are the tallest animals on land.,長頸鹿是陸地上最高的動物。
short,矮的/短的,Sizes & measurements,/ʃɔːrt/,3,short,She wrote a short story about her friendly pet.,她寫了一個關於她友好寵物的短篇故事。,He wrote a short English paragraph in his notebook.,他在筆記本上寫了一段簡短的英文。
thin,薄的/瘦的/稀薄的,Personal,/θɪn/,3,thin,"The cat looks thin, so we should feed it.",這隻貓看起來很瘦，我們應該餵牠。,A thin sheet of paper can still contain great ideas.,薄薄的一張紙仍然可以寫下偉大的想法。
heavy,重的/沉重的/大量的,Personal,/ˈhev.i/,3,heavy,The heavy box is full of English textbooks.,這個重箱子裝滿了英文教科書。,The heavy rain caused some small water pools on the playground.,大雨在操場上造成了一些小水窪。
pretty,漂亮的/相當,Personal,/ˈprɪt.i/,3,pret/ty,She bought a pretty pink dress for the party.,她為派對買了一件漂亮的粉紅色洋裝。,She painted a pretty butterfly on the card.,她在卡片上畫了一隻漂亮的蝴蝶。
angry,生氣的/憤怒的,Personal,/ˈæŋ.ɡri/,3,an/gry,My mom was angry because I broke the window.,我媽媽很生氣，因為我打破了窗戶。,He was angry with himself for making a silly mistake.,他因為犯了一個愚蠢的錯誤而生氣。
mad,生氣的/發瘋的,Personal,/mæd/,3,mad,Dad got mad when he saw the dirty kitchen floor.,爸爸看到髒亂的廚房地板時變得很生氣。,Please do not be mad; let's talk and resolve it.,請不要生氣，讓我們談談並解決它。
excited,興奮的/激動的,Personal,/ɪkˈsaɪ.t̬ɪd/,3,ex/cit/ed,The students are excited about the school trip.,學生們對學校旅行感到很興奮。,The students were excited about the field trip.,學生們對戶外教學感到非常興奮。
bored,感到無聊的/無趣的,Personal,/bɔːrd/,3,bored,I felt bored because the movie was too long.,我感到很無聊，因為電影太長了。,"I felt bored, so I went out to play basketball.",我感到無聊，所以出去打籃球。
there,那裡/那兒,Place,/ðer/,3,there,Look! There is a beautiful rainbow in the sky.,看！天空有一道美麗的彩虹。,Look at that tall tree over there; a little bird is singing.,看那邊那棵高樹，有一隻小鳥在唱歌。
left,左邊/左方的/留下,Place,/left/,3,left,Please turn left at the next street corner.,請在下一個路口往左轉。,There are only three apples left in the basket.,籃子裡只剩下三個蘋果了。
right,右邊/右方的/正確的,Place,/raɪt/,3,right,He wrote down the answer with his right hand.,他用右手寫下答案。,Turn right at the bookstore to find the playground.,在書店右轉即可找到操場。
here,這裡/這兒,Place,/hɪr/,3,here,Come here and look at this funny picture.,過來這裡看這張有趣的圖片。,Please sit here next to me and share the book.,請坐在我旁邊，一起分享這本書。
bank,銀行/河岸,Place,/bæŋk/,3,bank,My mother works as a teller in a bank.,我媽媽在銀行擔任櫃檯人員。,My mother went to the bank to save some money.,我媽媽去銀行存了一些錢。
park,公園/停車,Place,/pɑːrk/,3,park,We love to play soccer in the park on weekends.,我們週末喜歡在公園踢足球。,Let's fly our new kites in the park this weekend.,這個週末我們去公園放我們的新風箏吧。
zoo,動物園,Place,/zuː/,3,zoo,We saw many wild animals at the Taipei zoo.,我們在台北動物園看到了許多野生動物。,We can see monkeys climbing trees at the zoo.,我們可以在動物園看到猴子爬樹。
shop,商店/購物,Place,/ʃɑːp/,3,shop,She bought some cute pencil cases in the shop.,她在商店裡買了一些可愛的筆袋。,My sister likes to shop for cute stickers at the bookstore.,我妹妹喜歡去書店購買可愛的貼紙。
store,商店/儲存,Place,/stɔːr/,3,store,The toy store is closed on Monday morning.,這家玩具店在星期一早上休息。,We bought fresh milk at the corner grocery store.,我們在轉角的雜貨店買了新鮮牛奶。
bookstore,書店,Place,/ˈbʊk.stɔːr/,3,book/store,I bought this English dictionary from the bookstore.,我從書店買了這本英文字典。,I found an interesting book about stars at the bookstore.,我在書店找到一本關於星星的有趣書籍。
market,市場/超市,Place,/ˈmɑːr.kɪt/,3,mar/ket,Grandma bought fresh vegetables at the morning market.,阿嬤在早市買了新鮮蔬菜。,The farmer sells fresh red apples in the morning market.,農夫在早市販賣新鮮的紅蘋果。
office,辦公室,Place,/ˈɑː.fɪs/,3,of/fice,The principal is working in his school office.,校長正在他的學校辦公室裡工作。,Please deliver this message to the teacher's office.,請把這個消息送到教師辦公室。
post office,郵局,Places,/ˈpoʊst ˌɑː.fɪs/,3,post/of/fice,He went to the post office to mail a letter.,他去郵局寄信。,I bought some beautiful stamps at the post office.,我在郵局買了一些美麗的郵票。
restroom,洗手間/廁所,Places,/ˈrest.ruːm/,3,re/stroom,"Excuse me, where is the restroom in this library?",不好意思，這家圖書館的廁所在哪裡？,Please wash your hands when you leave the restroom.,離開洗手間時請洗手。
restaurant,餐廳/餐館,Places,/ˈres.tə.rɑːnt/,3,restau/rant,We had a delicious dinner at the Italian restaurant.,我們在義大利餐廳吃了一頓美味的晚餐。,We sat together to enjoy a warm dinner at the restaurant.,我們在餐廳裡坐在一起享用溫馨的晚餐。
museum,博物館,Places,/mjuːˈziː.əm/,3,mu/se/um,We learned about dinosaurs at the science museum.,我們在自然科學博物館學習了關於恐龍的知識。,The art museum has many colorful paintings by children.,美術館/博物館裡有許多孩子們畫的彩色畫作。
hospital,醫院,Places,/ˈhɑːs.pɪ.təl/,3,hos/pi/tal,The sick boy had to stay in the hospital.,生病的小男孩必須住在醫院裡。,My father went to the hospital to visit a sick friend.,我爸爸去醫院探望一位生病的朋友。
fire station,消防局/消防站,Places,/ˈfaɪr ˌsteɪ.ʃən/,3,fire/sta/tion,A red fire engine left the fire station quickly.,一輛紅色的消防車迅速離開了消防局。,We visited the local fire station and met the brave firefighters.,我們參觀了當地的消防局並遇到了勇敢的消防員。
movie theater,電影院,Places,/ˈmuː.vi ˌθɪr.ə.t̬ɚ/,3,movie/the/ater,We watched a fun animation in the movie theater.,我們在電影院看了一部有趣的動畫片。,We sat together to watch a movie in the theater yesterday.,我們昨天在電影院坐在一起看電影。
police station,警察局/派出所,Places,/pəˈliːs ˌsteɪ.ʃən/,3,po/lice/sta/tion,The police station is next to the post office.,警察局在郵局旁邊。,The police station is a safe place where police officers work.,警察局是警察工作的安全地方。
department store,百貨公司,Places,/dɪˈpɑːrt.mənt ˌstɔːr/,3,de/part/ment/store,Mom bought a new bag at the department store.,媽媽在百貨公司買了一個新皮包。,We bought a new warm coat at the department store.,我們在百貨公司買了一件新的保暖外套。
Taiwan,台灣/臺灣,Places,/ˈtaɪ.wɑːn/,3,Tai/wan,Taiwan is a beautiful island with friendly people.,台灣是一個有著友善人民的美麗島嶼。,Taiwan is famous for its delicious fruit and night markets.,台灣以其美味的水果和夜市而聞名。
the UK,英國,Places,/ðə ˌjuːˈkeɪ/,3,the/UK,London is the capital city of the UK.,倫敦是英國的首都。,He is planning to study English in the UK next year.,他計劃明年去英國學習英文。
the USA,美國,Places,/ðə ˌjuː.esˈeɪ/,3,the/USA,My uncle lives in California in the USA.,我叔叔住在美國的加州。,We want to visit the Grand Canyon in the USA.,我們想去參觀美國的大峽谷。
Germany,德國,Place,/ˈdʒɝː.mə.ni/,3,Ger/many,Germany is famous for its fast cars and forests.,德國以跑車和森林聞名。,My uncle sent me a beautiful toy car from Germany.,我叔叔從德國寄給我一輛漂亮的玩具車。
France,法國,Place,/fræns/,3,France,They plan to visit Paris in France next summer.,他們計劃明年夏天訪問法國的巴黎。,The Eiffel Tower is a very famous landmark in France.,艾菲爾鐵塔是法國非常著名的地標。
Japan,日本,Place,/dʒəˈpæn/,3,Japan,We ate delicious sushi during our trip to Japan.,我們在日本旅行期間吃了美味的壽司。,Cherry blossoms are very beautiful in Japan during spring.,春天時日本的櫻花非常美麗。
Korea,韓國/南韓,Place,/kəˈriː.ə/,3,Ko/rea,K-pop music is very popular in Korea and Taiwan.,韓國流行音樂在韓國和台灣非常流行。,My aunt taught me how to make traditional food from Korea.,我阿姨教我如何做韓國傳統食物。
Philippines,菲律賓,Place,/ˈfɪl.ɪ.piːnz/,3,Philip/pines,The Philippines consists of many beautiful tropical islands.,菲律賓由許多美麗的熱帶島嶼組成。,My cousin went to the Philippines for a beach holiday.,我堂哥去菲律賓進行海灘度假。
Vietnam,越南,Place,/ˌvjet.ˈnæm/,3,Viet/nam,Vietnamese noodle soup tastes very fresh and delicious.,越南河粉湯喝起來非常清鮮美味。,He bought a traditional hat from Vietnam as a gift.,他買了一個越南傳統帽子作為禮物。
India,印度,Place,/ˈɪn.di.ə/,3,In/dia,Taj Mahal is a very famous monument in India.,泰姬瑪哈陵是印度非常著名的古蹟。,Yoga is an ancient exercise that comes from India.,瑜伽是一種源自印度的古老運動。
Singapore,新加坡,Place,/ˈsɪŋ.ə.pɔːr/,3,Sin/ga/pore,Singapore is a clean and green city-state.,新加坡是一個乾淨且綠意盎然的城市國家。,We visited the beautiful Merlion Park in Singapore.,我們參觀了新加坡美麗的魚尾獅公園。
Uganda,烏干達,Place,/juːˈɡæn.də/,3,Ugan/da,Uganda is a beautiful country in East Africa.,烏達蘭是東非一個美麗的國家。,Lake Victoria in Uganda is the largest lake in Africa.,烏干達的維多利亞湖是非洲最大的湖泊。
Thailand,泰國,Place,/ˈtaɪ.lænd/,3,Thai/land,We saw many elephants during our visit to Thailand.,我們在泰國旅行期間看到了許多大象。,Thai food is famous for its sweet and sour tastes.,泰國食物以其酸甜味道而聞名。
Canada,加拿大,Place,/ˈkæn.ə.də/,3,Cana/da,Niagara Falls is located on the border of Canada.,尼加拉瀑布位於加拿大的邊界。,The maple leaf is the national symbol on Canada's flag.,楓葉是加拿大國旗上的國家象徵。
Italy,義大利,Place,/ˈɪt.ə.li/,3,Italy,Pizza and spaghetti are famous foods from Italy.,披薩和義大利麵是來自義大利的著名食物。,"Italy is famous for its history, art, and pizza.",義大利以其歷史、藝術和披薩而聞名。
school,學校,School,/skuːl/,3,school,We go to school from Monday to Friday.,我們星期一到星期五去上學。,We walk to school together every morning.,我們每天早上一起走路去學校。
class,班級/課堂,School,/klæs/,3,class,Please be quiet because the English class has started.,請安靜，因為英文課已經開始了。,We listen patient to the teacher in class.,我們在課堂上耐心地聽老師講課。
PE,體育/體育課,School,/ˌpiːˈiː/,3,PE,We played basketball in our PE class today.,我們今天在體育課打了籃球。,We play soccer and run races in PE class.,我們在體育課上踢足球和進行跑步比賽。
art,美勞/藝術/美術,School,/ɑːrt/,3,art,I like art class because I can draw animals.,我喜歡美術課，因為我可以畫動物。,I drew a beautiful sunset during our art class.,我在美勞課上畫了一落日餘暉。
draw,畫/繪製/拉,Actions,/drɑː/,3,draw,She loves to draw pictures of flowers and trees.,她熱愛畫花草樹木的圖片。,I want to draw a picture of my family.,我想畫一張我們全家人的畫。
math,數學,School,/mæθ/,3,math,We learned how to add numbers in math class.,我們在數學課學習了如何做數字加法。,Math is a very interesting subject that helps us think.,數學是一門非常有趣的學科，能幫助我們思考。
music,音樂,School,/ˈmjuː.zɪk/,3,mu/sic,We learned to play the recorder in music class.,我們在音樂課學習了吹直笛。,Listening to soft music makes me feel relaxed.,聽輕柔的音樂讓我感到放鬆。
English,英文/英語/英國的,School,/ˈɪŋ.ɡlɪʃ/,3,Eng/lish,We practice speaking English with our teacher every day.,我們每天和老師練習說英文。,We practice speaking English with our teacher.,我們和我們的老師練習說英文。
Chinese,中文/漢語/中國人/中國的,School,/tʃaɪˈniːz/,3,Chi/nese,Chinese characters have a very long and interesting history.,中文字有著非常悠久且有趣的歷史。,We learn how to write beautiful Chinese characters.,我們學習如何寫美麗的中文字。
ask,詢問/要求/問,Actions,/æsk/,3,ask,Do not be afraid to ask questions in class.,在課堂上不要害怕發問。,Please ask the teacher if you have any questions.,如果你有任何問題請詢問老師。
answer,回答/答案/答覆,Actions,/ˈæn.sɚ/,3,an/swer,Who knows the correct answer to this question?,誰知道這個問題的正確答案？,She raised her hand to answer the English question.,她舉手回答英文問題。
say,說/講,Actions,/seɪ/,3,say,What did the teacher say about the homework?,老師對作業說了些什麼？,What did the teacher say about the homework today?,老師今天關於功課說了什麼？
speak,說話/演講/講(語言),Actions,/spiːk/,3,speak,Our English teacher can speak three different languages.,我們的英文老師會說三種不同的語言。,Please speak English slowly so everyone can hear clearly.,請慢慢說英語，這樣大家才能聽得清楚。
talk,談話/說話/交談,Actions,/tɑːk/,3,talk,Please do not talk when the teacher is speaking.,老師說話時請不要交談。,We sat on the bench to talk about our weekend.,我們坐在長椅上聊我們的週末。
spell,拼字/拼寫,Actions,/spel/,3,spell,Can you spell the word 'elephant' for me?,你能幫我拚寫 'elephant' 這個字嗎？,Can you show me how to spell the word elephant?,你能教我大象這個單字怎麼拼嗎？
listen,聽/聆聽/聽從,Actions,/ˈlɪs.ən/,3,lis/ten,Listen carefully to the recording and write down answers.,仔細聽錄音並寫下答案。,We must listen carefully to our classmates' reports.,我們必須仔細聆聽同學的報告。
study,學習/研讀/書房,School,/ˈstʌd.i/,3,study,We need to study hard for the English test.,我們需要為英文考試努力學習。,We study hard to prepare for the quiz tomorrow.,我們努力學習準備明天的測驗。
test,測試/考試,School,/test/,3,test,We have a spelling test every Friday morning.,我們每個星期五早上都有拼字測驗。,Do not worry about the test; just try your best.,不要擔心考試，盡力而為就好。
question,問題/詢問,School,/ˈkwes.tʃən/,3,ques/tion,"If you have any question, please raise your hand.",如果您有任何問題，請舉手。,This is a very good question that makes us think.,這是一個能讓我們思考的好問題。
glue,膠水/黏貼,School,/ɡluː/,3,glue,Use the glue to stick the picture onto paper.,用膠水將圖片貼在紙上。,Use a little glue to stick the picture on the card.,用一點膠水把圖片貼在卡片上。
pen,原子筆/筆,School,/pen/,3,pen,Can I borrow a blue pen to write notes?,我可以借一支藍色原子筆來寫筆記嗎？,My teacher writes notes with a red ink pen.,我的老師用紅色原子筆寫評語。
marker,白板筆/麥克筆/標記,School,/ˈmɑːr.kɚ/,3,mark/er,The teacher wrote the sentences with a black marker.,老師用黑色麥克筆寫下了句子。,She picked a green marker to write on the whiteboard.,她拿了一支綠色白板筆在白板上寫字。
eraser,橡皮擦,School,/ɪˈreɪ.sɚ/,3,eras/er,I used my eraser to rub out the mistake.,我用我的橡皮擦擦掉了錯誤。,I used my eraser to clean the spelling mistake.,我用橡皮擦擦掉拼寫錯誤。
paper,紙/報紙,School,/ˈpeɪ.pɚ/,3,pa/per,He drew a beautiful map on a sheet of paper.,他在一張紙上畫了一幅美麗的地圖。,Please write down your thoughts on this sheet of paper.,請在這張紙上寫下你的想法。
ruler,尺/統治者,School,/ˈruː.lɚ/,3,ruler,Use a ruler to draw a straight line here.,在這裡用直尺畫一條直線。,We use a ruler to draw straight lines in math class.,我們在數學課上用尺來畫直線。
friend,朋友,School,/frend/,3,friend,We should be friendly to our classmates and friends.,我們應該對我們的同學和朋友友善。,A good friend always helps you when you are in trouble.,好朋友總是在你遇到困難時幫助你。
story,故事/樓層,School,/ˈstɔːr.i/,3,sto/ry,My grandfather told us a funny story last night.,我爺爺昨晚跟我們講了一個有趣的故事。,My mom told me a wonderful story before I slept.,我睡前媽媽給我講了一個精采的故事。
picture,圖畫/照片/影像,School,/ˈpɪk.tʃɚ/,3,pic/ture,She hung a beautiful picture of a forest here.,她在這裡掛了一幅美麗的森林圖片。,I took a beautiful picture of the green mountain.,我拍了一張美麗綠山的照片。
blackboard,黑板,School,/ˈblæk.bɔːrd/,3,black/board,Please look at the blackboard and read the sentences.,請看黑板並朗讀句子。,He wiped the blackboard clean for the next teacher.,他把黑板擦乾淨，好給下一位老師使用。
classroom,教室,School,/ˈklæs.ruːm/,3,class/room,The students are cleaning their classroom after school today.,學生們今天放學後正在打掃他們的教室。,We decorated our classroom with colorful paintings.,我們用色彩繽紛的畫作裝飾教室。
vacation,假期/休假,School,/veɪˈkeɪ.ʃən/,3,va/ca/tion,We plan to go to the beach during summer vacation.,我們計劃暑假期間去海灘。,Our family plans to travel during summer vacation.,我們全家計劃在暑假期間去旅遊。
holiday,假日/節日,School,/ˈhɑː.lə.deɪ/,3,hol/i/day,Christmas is my favorite holiday of the whole year.,聖誕節是我整年中最適愛的節日。,We rested at home during the national holiday.,在國定假日期間，我們在家休息。
big,大的/重大的,Sizes & measurements,/bɪɡ/,3,big,The elephant is a very big animal with long nose.,大象是有著長鼻子的龐大動物。,A big elephant can carry heavy logs with its trunk.,大象能用牠的鼻子搬運重木頭。
small,小的/微弱的,Sizes & measurements,/smɑːl/,3,small,A small ant is carrying a bread crumb slowly.,一隻小螞蟻正在緩慢地搬運麵包屑。,The small mouse ran quickly into a tiny hole.,小老鼠快速跑進了一個小洞裡。
long,長期的/長的/渴望,Sizes & measurements,/lɑːŋ/,3,long,Giraffes have a very long neck to eat leaves.,長頸鹿有很長的脖子以吃樹葉。,A giraffe has a very long neck to reach high leaves.,長頸鹿有著很長脖子來吃到高處的葉子。
light,輕的/明亮的/光線/點燃,Sizes & measurements,/laɪt/,3,light,"The feather is very light, but the rock is heavy.",羽毛很輕，但石頭很重。,A feather is very light and can float in the breeze.,羽毛非常輕，可以在微風中漂浮。
high,高的/高地/高度,Sizes & measurements,/haɪ/,3,high,The eagle is flying high above the green mountains.,老鷹正飛在高高的青山之上。,The bird is flying high above the white clouds.,鳥在白雲高空飛翔。
pair,一雙/一對,Sizes & measurements,/per/,3,pair,He bought a new pair of sports shoes yesterday.,他昨天買了一雙新的運動鞋。,I bought a new pair of sport shoes yesterday.,我昨天買了一雙新的運動鞋。
play,玩/打(球)/玩耍,Sports,/pleɪ/,3,play,Children love to play games on the school playground.,孩子們喜歡在學校操場上玩遊戲。,The children play happily on the school swings.,孩子們在學校鞦韆上玩得很高興。
sing,唱歌/吟唱,Sports,/sɪŋ/,3,sing,The students sing songs happily in the music class.,學生們在音樂課上快樂地唱歌。,My sister sings a sweet song for our grandmother.,我妹妹為我們的祖母唱了一首甜美的歌。
dance,跳舞/舞蹈,Sports,/dæns/,3,dance,She likes to dance to the lively pop music.,她喜歡隨著輕快的流行音樂跳舞。,The children love to dance to the cheerful music.,孩子們很喜歡跟著輕快的音樂跳舞。
paint,繪畫/油漆/顏料,Sports,/peɪnt/,3,paint,He wants to paint the bird cage yellow tomorrow.,他明天想把鳥籠漆成黃色。,We use water color paint to make school posters.,我們用水彩顏料來製作學校海報。
hike,健行/徒步旅行,Sports,/haɪk/,3,hike,We love to hike in the mountains on sunny weekends.,我們喜歡在晴朗的週末去山上健行。,We like to hike in the mountains on sunny weekends.,我們喜歡在晴朗的週末去山裡健行。
swim,游泳,Sports,/swɪm/,3,swim,Polar bears can swim very fast in the cold ocean.,北極熊可以在寒冷的海洋中游得很快。,We swim in the school pool in hot summer.,我們在炎熱的夏天在學校泳池裡游泳。
climb,攀爬/爬/攀登,Sports,/klaɪm/,3,climb,The monkeys like to climb trees and jump around.,猴子們喜歡爬樹並跳來跳去。,The clever monkey can climb trees very fast.,聰明的猴子爬樹可以爬得很快。
ball,球/舞會,Sports,/bɑːl/,3,ball,Throw the ball to me and I will catch it.,把球丟給我，我會接住它。,He kicked the ball straight into the goal.,他把球直接踢進了球門。
baseball,棒球/棒球運動,Sports,/ˈbeɪs.bɑːl/,3,base/ball,Baseball is one of the most popular sports in Taiwan.,棒球是台灣最受歡迎的運動之一。,We played baseball in the park yesterday afternoon.,我們昨天下午在公園打了棒球。
basketball,籃球/籃球運動,Sports,/ˈbæs.kət.bɑːl/,3,bas/ket/ball,They practice playing basketball after school every Tuesday afternoon.,他們每個星期二下午放學後練習打籃球。,My brother trains hard to be a good basketball player.,我哥哥努力訓練想成為一名優秀的籃球員。
football,美式足球/足球,Sports,/ˈfʊt.bɑːl/,3,foot/ball,"In the UK, people call soccer football.",在英國，人們把 soccer 叫做 football。,Football is a popular sport in many countries.,美式足球/足球在許多國家是受歡迎的運動。
soccer,足球,Sports,/ˈsɑː.kɚ/,3,soc/cer,We have a friendly soccer game with another school.,我們和另一所學校有一場友誼足球賽。,We play soccer together on the school field during recess.,下課時間我們在學校操場上一起踢足球。
sport,運動/體育活動,Sports,/spɔːrt/,3,sport,Running and swimming are very good sports for health.,跑步和游泳是對健康非常好得運動。,Running is a simple sport that keeps you healthy.,跑步是能讓你保持健康的簡單運動。
toy,玩具/玩物,Other nouns,/tɔɪ/,9,toy,He shared his new toy car with his little brother.,他和弟弟分享了他的新玩具車。,Please share your toys with your younger brother.,請和你的弟弟分享你的玩具。
doll,洋娃娃/玩偶,Sports,/dɑːl/,3,doll,My little sister put her cute doll to bed.,我妹妹把她可愛的玩偶放上床睡覺。,My sister likes to dress up her favorite doll.,我妹妹喜歡給她最喜愛的洋娃娃裝扮。
yo-yo,溜溜球,Sports,/ˈjoʊ.joʊ/,3,yo/yo,He showed us a cool trick with his red yo-yo.,他用他的紅溜溜球向我們展示了一個炫酷的特技。,My grandfather taught me a cool trick with the yo-yo.,我爺爺教了我一個很酷的溜溜球把戲。
win,贏得/獲勝,Sports,/wɪn/,3,win,Our school team hopes to win the soccer game.,我們校隊希望能贏得這場足球賽。,"If we work together, we can win this game.",如果我們合作，我們就能贏得這場比賽。
trip,旅行/旅程/跌倒,Sports,/trɪp/,3,trip,We are planning a short day trip to Yilan.,我們正在計劃去宜蘭的短途一日遊。,We had a wonderful family trip to Hualien last month.,上個月我們去花蓮進行了一次美好的家庭旅行。
card,卡片/紙牌,Sports,/kɑːrd/,3,card,She sent a handmade birthday card to her teacher.,她寄了一張手工製作的生日卡片給老師。,I made a colorful card to wish my grandpa a happy birthday.,我做了一張彩色的卡片祝我爺爺生日快樂。
drum,鼓/打鼓,Sports,/drʌm/,3,drum,He plays the drum loudly in the school band.,他在學校樂隊裡大聲地敲鼓。,He plays the drum in our school music band.,他在我們學校的管樂隊裡打鼓。
game,遊戲/比賽,Sports,/ɡeɪm/,3,game,Let us play an interesting board game together tonight.,我們今天晚上一起玩一個有趣的桌遊吧。,We played a fun English spelling game in class today.,我們今天在課堂上玩了一個有趣的英文拼字遊戲。
kite,風箏,Sports,/kaɪt/,3,kite,A strong wind makes the colorful kite fly high.,強風讓色彩繽紛的風箏飛得很高。,A colorful kite is flying high in the blue sky.,一隻彩色的風箏在藍天中高飛。
song,歌曲/歌,Sports,/sɑːŋ/,3,song,Let us sing a traditional English song together now.,我們現在一起唱一首傳統的英文歌曲吧。,Let's sing a happy song together to start class.,讓我們一起唱首快樂的歌開始上課。
movie,電影,Sports,/ˈmuː.vi/,3,movie,We watched a funny animation movie last night.,我們昨晚看了一部有趣的動畫電影。,We watched a funny animation movie in the theater.,我們在電影院看了一部有趣的動畫電影。
piano,鋼琴,Sports,/piˈæn.oʊ/,3,pi/ano,She practices playing the piano for one hour daily.,她每天練習彈鋼琴一個小時。,She practices the piano for one hour every evening.,她每天晚上練習彈鋼琴一個小時。
cup,杯子/獎盃,Tableware,/kʌp/,3,cup,He drank a cup of warm water this morning.,他今天早上喝了一杯溫開水。,Would you like a cup of warm milk before bed?,睡前要來一杯溫牛奶嗎？
dish,碟子/盤子/菜餚,Tableware,/dɪʃ/,3,dish,Please help me wash the dirty dishes after dinner.,晚餐後請幫我清洗髒盤子。,Please wash your own eating dish after lunch.,午餐後請洗自己的餐盤。
glass,玻璃杯/玻璃/眼鏡(複數),Tableware,/ɡlæs/,3,glass,A glass of fresh orange juice tastes very good.,一杯新鮮的柳橙汁味道非常好。,"Please fill this glass with cold water, thank you.",請把這個玻璃杯裝滿冷水，謝謝。
fork,叉子,Tableware,/fɔːrk/,3,fork,We use a fork and spoon to eat spaghetti.,我們使用叉子和湯匙來吃義大利麵。,We use a fork and a knife to eat steak.,我們用叉子和刀吃牛排。
spoon,湯匙/匙,Tableware,/spuːn/,3,spoon,Give me a small spoon to eat the pudding.,給我一個小湯匙來吃布丁。,Use a spoon to drink your pumpkin soup carefully.,用湯匙小心喝你的南瓜湯。
knife,刀子/餐刀,Tableware,/naɪf/,3,knife,Be careful! Do not play with the sharp knife.,小心！不要玩鋒利的刀子。,"Be careful, the kitchen knife is very sharp.",小心，這把菜刀非常鋒利。
chopsticks,筷子(複數),Tableware,/ˈtʃɑːp.stɪks/,3,chop/sticks,"In Taiwan, we use chopsticks to eat rice and noodles.",在台灣，我們使用筷子來吃米飯和麵條。,We usually use chopsticks to eat noodles for lunch.,我們午餐通常用筷子吃麵條。
mug,馬克杯/大杯子,Tableware,/mʌɡ/,3,mug,Grandpa made a mug of hot coffee for himself.,爺爺給自己泡了一馬克杯的熱咖啡。,My dad drinks hot coffee from his blue mug every morning.,我爸爸每天早上用他的藍色馬克杯喝熱咖啡。
evening,傍晚/晚上,Time,/ˈiːv.nɪŋ/,3,evening,We usually do our homework in the early evening.,我們通常在傍晚做功課。,We gather in the living room to talk in the evening.,我們晚上在客廳聚集聊天。
night,夜晚/晚上,Time,/naɪt/,3,night,The stars shine brightly in the dark sky at night.,夜裡星星在黑暗的天空中明亮地照耀著。,The moon shines brightly in the dark night sky.,月亮在黑夜的天空中明亮地照耀著。
now,現在/立刻,Time,/naʊ/,3,now,Please come into the classroom and sit down now.,現在請進教室坐好。,It is time to go to school now.,現在是去學校的時候了。
tomorrow,明天,Time,/təˈmɑːr.oʊ/,3,to/mor/row,"Tomorrow is Sunday, so we do not go to school.",明天是星期天，所以我們不上學。,We will have a science experiment tomorrow morning.,我們明天早上有一堂自然科學實驗課。
day,白天/天/一日,Time,/deɪ/,3,day,We went to the beach on a warm sunny day.,我們在一個溫暖的晴天去了海灘。,I hope you have a happy and wonderful day today.,我希望你今天度過快樂又美好的一天。
yesterday,昨天,Time,/ˈjes.tɚ.deɪ/,3,yes/ter/day,I finished reading the whole book yesterday afternoon.,我昨天下午讀完了整本書。,We played basketball in the park yesterday afternoon.,我們昨天下午在公園打了籃球。
early,早的/早地/提早的,Time,/ˈɝː.li/,3,ear/ly,The diligent student always arrives at school very early.,勤奮的學生總是早早就到學校。,I wake up early in the morning to see the sunrise.,我清晨早起看日出。
late,晚的/遲的/晚地,Time,/leɪt/,3,late,Hurry up! We are going to be late for class.,快一點！我們上課要遲到了。,Please hurry up so we won't be late for the schoolbus.,請快一點，這樣我們搭校車才不會遲到。
time,時間/次數,Time,/taɪm/,3,time,What time does the school library open on weekdays?,學校圖書館在工作日幾點開放？,It is time to go to bed now. Good night!,現在是睡覺時間了。晚安！
watch,手錶/看/觀察/注意,Time,/wɑːtʃ/,3,watch,My dad bought me a nice watch for my birthday.,我爸爸買了一隻漂亮的手錶送我當生日禮物。,My grandfather gave me a nice digital watch as a gift.,我爺爺送我一隻精美的手錶當作禮物。
year,年/年份,Time,/jɪr/,3,year,We are looking forward to a wonderful new year.,我們正期待著美好的一年。,This school year is going to be full of fun learning.,這個學年將會充滿有趣的學習。
clock,時鐘/鐘,Time,/klɑːk/,3,clock,The clock on the wall shows it is eight o'clock.,牆上的時鐘顯示現在是八點鐘。,The clock on the wall shows that it is eight o'clock.,牆上的時鐘顯示現在是八點鐘。
o'clock,點鐘,Time,/əˈklɑːk/,3,o'/clock,The school sports day starts at nine o'clock sharp.,學校運動會在九點整準時開始。,We have an English lesson at nine o'clock today.,我們今天九點鐘有一堂英文課。
spring,春天/泉水/彈簧,Time,/sprɪŋ/,3,spring,Many beautiful flowers bloom in the warm spring.,許多美麗的花朵在溫暖的春天盛開。,Beautiful flowers start to open in warm spring.,美麗的花朵在溫暖的春天開始綻放。
summer,夏天/夏季,Time,/ˈsʌm.ɚ/,3,sum/mer,We love to eat cold watermelon in the hot summer.,我們在炎熱的夏天熱愛吃冰西瓜。,"Summer is hot, and we love to eat cold ice cream.",夏天很熱，我們很喜歡吃冰涼的冰淇淋。
fall,落下/跌倒/秋天/降臨,Time,/fɑːl/,3,fall,Leaves turn yellow and fall from trees in autumn.,秋天時葉子變黃並從樹上落下。,Watch your step so you do not fall on the wet grass.,看好你的腳步，才不會在濕草地上跌倒。
winter,冬天/冬季,Time,/ˈwɪn.tɚ/,3,win/ter,It is very cold and sometimes snows in winter.,冬天非常冷，有時候還會下雪。,"It gets very cold in winter, so we wear warm coats.",冬天的天氣變得很冷，所以我們穿溫暖的外套。
season,季節,Time,/ˈsiː.zən/,3,sea/son,My favorite season of the year is cool autumn.,我一年中最喜歡的季節是涼爽的秋天。,"Winter is a cold season, but Christmas is warm.",冬天是一個寒冷的季節，但耶誕節卻很溫暖。
Monday,星期一,Time,/ˈmʌn.deɪ/,3,Mon/day,Monday is the first school day of the week.,星期一是這一週的第一個上學日。,We sing the school song together on Monday morning.,我們在星期一早上一起唱校歌。
Tuesday,星期二,Time,/ˈtuːz.deɪ/,3,Tues/day,We have a music class every Tuesday afternoon.,我們每個星期二下午有一節音樂課。,We have a PE lesson and play soccer on Tuesday.,我們在星期二有一堂體育課並踢足球。
Wednesday,星期三,Time,/ˈwenz.deɪ/,3,Wednes/day,Wednesday afternoon is our sports and club time.,星期三下午是我們的運動和社團時間。,Our school has a half day of classes on Wednesday.,我們學校星期三只上半天課。
Thursday,星期四,Time,/ˈθɝːz.deɪ/,3,Thurs/day,We will visit the science museum next Thursday morning.,我們下星期四早上將造訪自然科學博物館。,I borrow new storybooks from the library on Thursday.,我星期四在圖書館借新的故事書。
Friday,星期五,Time,/ˈfraɪ.deɪ/,3,Fri/day,Friday is the last school day before the weekend.,星期五是週末前的最後一個上學日。,Friday is my favorite day because the weekend is near.,星期五是我最喜歡的一天，因為週末快到了。
Saturday,星期六,Time,/ˈsæt̬.ɚ.deɪ/,3,Sat/ur/day,I like to go hiking with my family on Saturday.,我星期六喜歡和家人一起去健行。,I love to eat hot pancakes on Saturday morning.,我喜歡在星期六早上吃熱鬆餅。
Sunday,星期日,Time,/ˈsʌn.deɪ/,3,Sun/day,"Sunday is a holiday, and we can rest at home.",星期天是假日，我們可以留在家裡休息。,We go hiking on the mountain with family on Sunday.,我們星期日和家人一起去山上健行。
week,星期/週,Time,/wiːk/,3,week,There are seven days in a single week.,單單一週內就有七天。,There are seven days in a week.,一星期有七天。
January,一月,Time,/ˈdʒæn.ju.er.i/,3,Jan/u/ary,January is the very first month of the year.,一月是一年當中的第一個月份。,January first is the beginning of a new year.,一月一日是一年的開始。
February,二月,Time,/ˈfeb.ru.er.i/,3,Feb/ru/ary,February usually has twenty-eight days in a year.,二月份在一年中通常只有二十八天。,February is the second and shortest month of the year.,二月是一年中第二個也是最短的月份。
March,三月,Time,/mɑːrtʃ/,3,March,The weather starts to turn warm in March here.,這裡的天氣在三月份開始轉暖。,Spring usually starts to arrive in March.,春天通常在三月份開始到來。
April,四月,Time,/ˈeɪ.prəl/,3,April,April showers bring beautiful flowers in spring.,四月的雨水在春天帶來了美麗的花朵。,My cousin has a birthday party in April.,我表弟/表妹在四月舉辦生日派對。
May,可能/可以/五月,Time,/meɪ/,3,May,Mother's Day is celebrated on the second Sunday of May.,母親節在五月的第二個星期日慶祝。,May I borrow your green marker for my painting?,我畫畫可以借你的綠色白板筆嗎？
June,六月,Time,/dʒuːn/,3,June,Summer vacation usually begins in the late June.,暑假通常在六月下旬開始。,"School ends in June, and summer vacation starts.",學校在六月結束，暑假開始。
July,七月,Time,/dʒuˈlaɪ/,3,Ju/ly,July is a very hot month of the summer holiday.,七月是暑假中一個非常炎熱的月份。,"It is hot in July, and we go swimming.",七月天氣很熱，我們去游泳。
August,八月,Time,/ɑːˈɡʌst/,3,Au/gust,Father's Day in Taiwan is on the eighth of August.,台灣的父親節是在八月八日。,August is the last month of our summer vacation.,八月是我們暑假的最後一個月。
September,九月,Time,/sepˈtem.bɚ/,3,Sep/tem/ber,Students go back to school in September in Taiwan.,台灣的學生在九月份返校上課。,We go back to school in September to meet our friends.,我們在九月回學校和朋友見面。
October,十月,Time,/ɑːkˈtoʊ.bɚ/,3,Oc/to/ber,Halloween is celebrated on the last day of October.,萬聖節在十月的最後一天慶祝。,Halloween is celebrated on the last day of October.,萬聖節在十月的最後一天慶祝。
November,十一月,Time,/noʊˈvem.bɚ/,3,No/vem/ber,The weather turns cool and pleasant in November.,天氣在十一月份變得涼爽宜人。,The weather gets cool in November in Taiwan.,台灣在十一月時天氣變涼。
December,十二月,Time,/dɪˈsem.bɚ/,3,De/cem/ber,Christmas is celebrated on the twenty-fifth of December.,聖誕節在十二月二十五日慶祝。,We decorate the classroom for Christmas in December.,我們在十二月裝飾教室準備過耶誕節。
ride,騎(馬、車等),Transportation,/raɪd/,3,ride,I want to learn how to ride a bike.,我想學習如何騎腳踏車。,My sister likes to ride her kick scooter in the park.,我妹妹喜歡在公園裡騎她的滑板車。
fly,飛/飛行/蒼蠅,Transportation,/flaɪ/,3,fly,Many birds fly to warm places in winter.,許多鳥在冬天飛往溫暖的地方。,A big airplane can fly high above the white clouds.,大飛機可以在白雲高空飛行。
drive,駕駛/開車,Transportation,/draɪv/,3,drive,My mother drives a blue car to work daily.,我媽媽每天開著藍色車子去上班。,Please drive slowly when you pass the school gate.,路過校門口時請減速慢行/慢速駕駛。
turn,轉彎/轉動/輪流,Transportation,/tɝːn/,3,turn,Please turn right when you see the post office.,當你看到郵局時請右轉。,It is your turn to answer the English question now.,現在輪到你回答英文問題了。
car,車子/汽車,Transportation,/kɑːr/,3,car,My father parked the red car near our house.,我爸爸把紅色的車子停在我們家附近。,My parents bought a new green car last month.,我父母上個月買了一輛綠色的新車。
bus,公車/巴士,Transportation,/bʌs/,3,bus,We take the school bus to school every morning.,我們每天早上搭校車去上學。,We must stand in line to get on the school bus.,我們必須排隊搭乘校車。
bus stop,公車站/公車站牌,Transportation,/ˈbʌs ˌstɑːp/,3,bus/stop,The students are waiting patiently at the bus stop.,學生們正在公車站耐心等待。,The bus stop is just a few steps away from our house.,公車站離我們家只有幾步之遙。
taxi,計程車,Transportation,/ˈtæk.si/,3,taxi,We took a taxi because we were very late.,我們搭了計程車，因為我們遲到了。,The yellow taxi stopped in front of the train station.,黃色的計程車停在火車站前。
airport,機場,Transportation,/ˈer.pɔːrt/,3,air/port,The airplane landed safely at the Taoyuan airport.,飛機安全降落在桃園機場。,We went to the airport to welcome our grandfather.,我們去機場迎接我們的爺爺。
ship,船(大型),Transportation,/ʃɪp/,3,ship,A large cargo ship is sailing across the ocean.,一艘大型貨輪正在橫渡大洋。,A giant cruise ship is resting in the quiet harbor.,一艘巨型郵輪停泊在安靜的港口。
boat,小船/船,Transportation,/boʊt/,3,boat,We rode a small wooden boat on the lake.,我們在湖上划了一艘木製小船。,My grandpa owns a small fishing boat on the river.,我爺爺在河上有一艘捕魚小船。
station,車站/站/局,Transportation,/ˈsteɪ.ʃən/,3,sta/tion,The train arrived at the station on time.,火車準時抵達了車站。,We met our friends at the bus station this morning.,我們今天早上在公車站和朋友見面。
motorcycle,機車/摩托車,Transportation,/ˈmoʊ.t̬ɚˌsaɪ.kəl/,3,mo/tor/cy/cle,Riding a motorcycle in Taiwan is very common.,在台灣騎機車是非常普遍的。,My father wears a heavy helmet to ride his motorcycle.,我爸爸戴著厚重的安全帽騎機車。
MRT,捷運,Transportation,/ˌem.ɑːr.ˈtiː/,3,MRT,The Taipei MRT is very clean and convenient.,台北捷運非常乾淨且方便。,Taking the MRT is a safe way to travel around the city.,搭乘捷運是在城市裡旅遊的安全方式。
scooter,機車/滑板車,Transportation,/ˈskuː.t̬ɚ/,3,scoot/er,She rides a light scooter to the local market.,她騎著輕型機車去當地的市場。,The child rides a pink kick scooter in the park.,那個孩子在公園裡玩粉紅色滑板車。
fast,快的/快地,Adjectives,/fæst/,3,fast,Cheetahs can run very fast in the wild grass.,獵豹可以在野生草叢中跑得很快。,"If you walk fast, you can catch up with the group.",如果你走得快，你就能趕上隊伍。
slow,慢的/緩慢的,Adjectives,/sloʊ/,3,slow,The slow turtle finally finished the long race.,慢吞吞的烏龜終於完成了這場長途比賽。,The slow train stops at every station along the way.,這慢車沿途在每個車站都停靠。
truck,卡車/貨車,Transportation,/trʌk/,3,truck,A large blue truck is carrying heavy boxes.,一輛藍色大卡車正載運著重重的箱子。,The farmer filled the truck with sweet pumpkins.,農夫在卡車上裝滿了甜南瓜。
weather,天氣,Weather,/ˈweð.ɚ/,3,weath/er,What is the weather like in New York today?,今天紐約的天氣怎麼樣？,The warm weather is perfect for playing soccer outdoors.,溫暖的天氣非常適合在戶外踢足球。
sky,天空,Weather,/skaɪ/,3,sky,The sky is clear and full of bright stars.,天空非常清朗，而且佈滿了明亮的星星。,The blue sky has no clouds at all this morning.,今天早上蔚藍的天空一點雲也沒有。
sun,太陽,Weather,/sʌn/,3,sun,The sun is shining brightly in the sky today.,今天太陽在天空中明亮地照耀著。,The warm sun keeps us comfortable during winter.,溫暖的太陽讓我們在冬天感到舒服。
star,星星/明星,Weather,/stɑːr/,3,star,The little star is twinkling in the dark sky.,小星星在漆黑的天空中閃爍。,She got a shiny gold star on her homework book.,她的作業本上得到了一個閃亮的金星獎章。
wind,風,Weather,/wɪnd/,3,wind,The strong wind blew away my favorite paper hat.,強風吹走了我最愛的紙帽子。,The cold wind started to blow in the late afternoon.,傍晚時分，冷風開始吹了起來。
windy,風大的/多風的,Weather,/ˈwɪn.di/,3,windy,"It is very windy today, so let us fly kites.",今天風很大，我們去放風箏吧。,Hold your hat on a windy day so it doesn't fly away.,在有風的日子拉好帽子，以免它被吹走。
typhoon,颱風,Weather,/taɪˈfuːn/,3,ty/phoon,Schools were closed yesterday because of the strong typhoon.,學校昨天因為強烈颱風停課。,We stayed safe inside our house during the typhoon.,颱風期間我們安全地待在屋子裡。
rain,雨/下雨,Weather,/reɪ/,3,rain,I love the fresh smell of grass after rain.,我喜歡雨後草地清新的味道。,The grass needs rain to grow green and fresh.,草地需要雨水來生長得又綠又鮮嫩。
rainbow,彩虹,Weather,/ˈreɪn.boʊ/,3,rain/bow,A colorful rainbow appeared in the sky after rain.,雨後天空出現了一道色彩繽紛的彩虹。,Let's draw a beautiful seven-color rainbow on the card.,我們在卡片上畫一道美麗的七彩彩虹吧。
snow,雪/下雪,Weather,/snoʊ/,3,snow,The white snow covered the mountains like a blanket.,白雪像毯子一樣覆蓋了山脈。,It is fun to make a round snowman in the snow.,在雪中做一個圓圓的雪人很有趣。
snowy,下雪的/多雪的,Weather,/ˈsnoʊ.i/,3,snowy,We wore warm gloves on that cold snowy day.,我們在那個寒冷的下雪天戴了溫暖的手套。,The mountains turned white on a cold snowy morning.,在一個寒冷下雪的早上，山脈變白了。
wet,濕的/潮濕的,Weather,/wet/,3,wet,My shoes got completely wet in the heavy rain.,我的鞋子在大雨中完全濕透了。,Use a towel to wipe your wet hands before lunch.,午餐前用毛巾擦乾你濕漉漉的手。
cloudy,多雲的/陰天的,Weather,/ˈklaʊ.di/,3,cloudy,"It is cloudy today, so the sun is hidden.",今天是陰天，所以太陽躲起來了。,We can go for a walk since it is cloudy and cool.,因為天氣多雲涼爽，我們可以出去散步。
hot,熱的/辣的,Weather,/hɑːt/,3,hot,Drink plenty of water on hot summer days.,在炎熱的夏天要喝充足的水。,This hot noodle soup tastes spicy and delicious.,這碗熱麵湯嚐起來香辣美味。
warm,溫暖的/使溫暖,Weather,/wɔːrm/,3,warm,The spring weather is very warm and pleasant here.,這裡春天的天氣非常溫暖且宜人。,The mother bird keeps her baby chicks warm in the nest.,母鳥在鳥巢裡為牠的小雞保暖。
cool,涼爽的/酷的,Weather,/kuːl/,3,cool,The autumn breeze is very cool and refreshing.,秋天的微風非常涼爽而且提神。,His new bicycle looks really cool and fast.,他的新自行車看起來真的很酷、很快。
a,一個/一種,Articles,/eɪ/,3,a,I saw a small squirrel eating a nut yesterday.,我昨天看到一隻小松鼠在吃堅果。,I have a friendly puppy that loves to chase balls.,我有一隻很喜歡追球的友善小狗。
an,一個/一種(加母音開頭),Articles,/æn/,3,an,She brought an orange and an apple for lunch.,她帶了一個橘子和一個蘋果當午餐。,She shared an orange with her brother after lunch.,她午餐後和她哥哥分享了一顆柳橙。
every,每個/每一的,Articles,/ˈev.ri/,3,ev/ery,He practices speaking English every single day.,他每一天都練習說英文。,We should drink water every day to keep healthy.,我們應該每天喝水來保持健康。
the,這/那/這些/那些,Articles,/ðə/,3,the,The dog in the garden belongs to our neighbor.,花園裡的那隻狗是我們鄰居的。,The sky looks very clear and bright tonight.,今天晚上的天空看起來非常清朗且明亮。
this,這/這個,Articles,/ðɪs/,3,this,This storybook is very interesting and has nice pictures.,這本故事書非常有趣，而且有漂亮的圖片。,This English book belongs to the school library.,這本英文書屬於學校圖書館。
that,那/那個,Articles,/ðæt/,3,that,That tall tree in the park is a banyan.,公園裡那棵高大的樹是一棵榕樹。,That big black dog over there is very friendly.,那邊那隻黑大狗非常友善。
those,那些,Articles,/ðoʊz/,3,those,Those sweet grapes in the kitchen are for you.,廚房裡的那些甜葡萄是給你的。,Those tall trees in the yard block the hot sun.,院子裡那些高大樹木遮擋了烈日。
these,這些,Articles,/ðiːz/,3,these,These colorful markers on the desk are mine.,書桌上的這些彩色麥克筆是我的。,These crayons are for you to paint your drawing.,這些蠟筆是給你畫畫上色用的。
I,我(主格),Pronouns,/aɪ/,3,I,I want to learn how to play the piano.,我想學習如何彈鋼琴。,I love reading interesting stories before bed.,我喜歡在睡前閱讀有趣的故事。
he,他(主格),Pronouns,/hiː/,3,he,He is the tallest boy in our school team.,他是我們校隊裡最高挑的男孩。,He is my best friend in Xingang Elementary School.,他是我就讀新港國小最好的朋友。
she,她(主格),Pronouns,/ʃiː/,3,she,She wrote a beautiful poem for her kind mother.,她為她親切的母親寫了一首美麗的詩。,She draws beautiful pictures of flowers in her book.,她在書上畫了美麗的花朵圖畫。
me,我(受格),Pronouns,/miː/,3,me,Please give me the English book on the table.,請把桌上的英文書給我。,Please show me how to write this English word.,請教我怎麼寫這個英文單字。
him,他(受格),Pronouns,/hɪm/,3,him,I sent him an email to invite him today.,我今天給他發了一封電子郵件邀請他。,I saw him playing basketball in the school playground.,我看到他在學校操場上打籃球。
her,她(受格)/她的(所有格),Pronouns,/hɝː/,3,her,We gave her a birthday gift to surprise her.,我們給了她一份生日禮物以給她驚喜。,Her mother works in the hospital near our house.,她媽媽在我們家附近的醫院工作。
you,你/你們(主格/受格),Pronouns,/juː/,3,you,You should wash your hands before eating dinner.,你在吃晚餐前應該要洗手。,You did a wonderful job on your math quiz today.,你今天的數學小考做得非常好。
we,我們(主格),Pronouns,/wiː/,3,we,We walked to the park and played games together.,我們走路去公園並一起玩遊戲。,We must stand together to clean our classroom.,我們必須站在一起打掃我們的教室。
us,我們(受格),Pronouns,/ʌs/,3,us,The teacher read us an interesting story in class.,老師在課堂上給我們讀了一個有趣的故事。,The English teacher gave us some colorful stickers.,英文老師給了我們一些彩色的貼紙。
it,牠/它(主格/受格),Pronouns,/ɪt/,3,it,"The cat is sleeping, so please do not wake it.",貓咪正在睡覺，所以請不要喚醒牠。,I bought a new toy car and it is very fast.,我買了一輛新玩具車，它跑得非常快。
they,他們/她們/它們(主格),Pronouns,/ðeɪ/,3,they,They went to the library to study together yesterday.,他們昨天去圖書館一起學習。,They run happily on the school grass field.,他們在學校的草地上快樂地奔跑。
them,他們/她們/它們(受格),Pronouns,/ðem/,3,them,We invited them to join our English club tomorrow.,我們邀請他們明天加入我們的英文社團。,Please tell them to clean up their study desks.,請告訴他們整理好他們的書桌。
nothing,沒有什麼/無事/無物,Pronouns,/ˈnʌθ.ɪŋ/,3,noth/ing,There is nothing in the box; it is empty.,箱子裡什麼都沒有，它是空的。,There is nothing inside the small gift box.,小禮物盒裡什麼也沒有。
be,是/在/存在,Be & Auxiliaries,/biː/,3,be,Please be quiet when the teacher is speaking.,老師說話時請保持安靜。,Try to be a helpful student in your class.,試著在班上當一名樂於助人的學生。
do,做/助動詞,Be & Auxiliaries,/duː/,3,do,What do you want to do after class today?,你今天下課後想要做什麼？,Please do your homework before playing games.,玩遊戲前請先做完功課。
can,能/會/罐頭/可以,Be & Auxiliaries,/kæn/,3,can,I can play the recorder very well now.,我現在直笛可以吹得非常好了。,A busy little bee can fly very fast.,忙碌的小蜜蜂能飛得很快。
will,將/會/意志,Be & Auxiliaries,/wɪl/,3,will,I will go to the zoo with my family.,我將會和我的家人一起去動物園。,I will show you my new storybook tomorrow.,我明天會展示我的新故事書給你看。
and,和/並且,Conjunctions,/ænd/,3,and,I bought a blue pen and a red pencil.,我買了一支藍色筆和一支紅色鉛筆。,My sister and I draw pictures together on weekends.,我妹妹和我週末一起畫畫。
but,但是/然而,Conjunctions,/bʌt/,3,but,He ran fast but still missed the school bus.,他跑得很快，但還是錯過了校車。,He tried hard but could not solve the math problem.,他很努力，但是無法解出這道數學題。
because,因為,Conjunctions,/bɪˈkəz/,3,be/cause,We stayed home because the weather was very rainy.,我們待在家裡，因為天氣下大雨。,I went to sleep early because I felt tired.,我早點睡覺，因為我覺得累了。
hi,嗨/你好,Interjections,/haɪ/,3,hi,"Hi, Tim! How are you doing today?",嗨，提姆！你今天好嗎？,"Hi, how are you doing in school today?",嗨，你今天在學校過得怎麼樣？
hello,你好/哈囉,Interjections,/həˈloʊ/,3,hel/lo,Say hello to your grandparents when you see them.,看到爺爺奶奶時要跟他們問好。,Say hello to our new classmate with a smile.,用微笑跟我們的新同學說你好。
please,請/使高興,Interjections,/pliːz/,3,please,Please pass me the salt on the dining table.,請把餐桌上的鹽遞給我。,Please show me the way to the school gym.,請指引我去學校體育館的路。
excuse me,不好意思/請原諒我,Other,/ɪkˈskjuːz ˌmiː/,3,ex/cuse/me,"Excuse me, where is the nearest MRT station?",不好意思，請問最近的捷運站在哪裡？,"Excuse me, could you please repeat the English sentence?",不好意思，可以請您再重複一次英文句子嗎？
at,在...地方/在...時刻,Prepositions,/æt/,3,at,We arrived at the zoo at ten o'clock.,我們在十點鐘抵達了動物園。,We eat our lunch together at noon.,我們在中午一起吃午餐。
in,在...裡面,Prepositions,/ɪn/,3,in,The keys are in the pocket of my coat.,鑰匙在我大衣的口袋裡。,There are three pencils and an eraser in my box.,我的鉛筆盒裡有三支鉛筆和一個橡皮擦。
of,的/屬於/關於,Prepositions,/ʌv/,3,of,The color of the school bag is navy blue.,書包的顏色是深藍色。,She is the class leader of our fifth-grade class.,她是我們五年級班上的班長。
out,在外面/出/離,Prepositions,/aʊt/,3,out,He looked out the window and saw a bird.,他向窗外看去，看到了一隻鳥。,The students ran out to play recess games.,學生們跑出去玩下課遊戲。
for,為了/給/適合/因為,Prepositions,/fɔːr/,3,for,This blue bicycle is a birthday gift for you.,這輛藍色腳踏車是送給你的生日禮物。,I made this card for my sister's birthday.,我做這張卡片是為了我妹妹的生日。
near,靠近/在...附近,Prepositions,/nɪr/,3,near,The convenience store is located near our school.,這家便利商店位於我們學校附近。,Our school is near the public library and the park.,我們學校在公共圖書館和公園附近。
by,藉由/在...旁邊/被,Prepositions,/baɪ/,3,by,We went to the beautiful beach by train yesterday.,我們昨天坐火車去美麗的海灘。,He goes to school by school bus every morning.,他每天早上搭乘校車上學。
on,在...上面/在...之時,Prepositions,/ɑːn/,3,on,The book is on the desk next to computer.,書在電腦旁邊的書桌上。,Please put your homework book on my desk.,請把你的功課本放在我的桌上。
behind,在...後面,Prepositions,/bɪˈhaɪnd/,3,be/hind,The cat is hiding behind the bedroom door.,貓咪正躲在臥室門的後面。,The little cat is sleeping behind the sofa.,小貓咪正在沙發後面睡覺。
from,來自/從,Prepositions,/frʌm/,3,from,"Where are you from, Taiwan or the USA?",你來自哪裡，台灣還是美國？,This fresh red apple comes from a local orchard.,這顆新鮮的紅蘋果來自當地的果園。
off,離開/脫落/關掉,Prepositions,/ɑːf/,3,off,Remember to turn off the lights before you leave.,離開前記得關燈。,Please turn off the lights when leaving the classroom.,離開教室時請關燈。
to,向/往/給/到,Prepositions,/tuː/,3,to,I walked to the library to borrow some books.,我走路去圖書館借一些書。,We listen carefully to the English teacher.,我們仔細聆聽英文老師說話。
up,向上/往上,Prepositions,/ʌp/,3,up,He woke up early and washed his face quickly.,他早早醒來，迅速地洗了臉。,Hold up your hand if you want to answer.,如果你想回答請舉手。
over,在...上方/越過/結束,Prepositions,/ˈoʊ.vɚ/,3,over,The white bird is flying over the calm lake.,那隻白鳥正飛越平靜的湖面上方。,"The class is over, and we can go to play soccer.",下課了，我們可以去踢足球。
than,比/比較,Prepositions,/ðæn/,3,than,An elephant is much bigger than a tiger.,大象比老虎大得多。,An elephant is much bigger than a horse.,大象比馬大得多。
with,與...一起/具有/用,Prepositions,/wɪð/,3,with,I went to the library with my classmates yesterday.,我昨天和同學們一起去圖書館。,We write the new English sentences with a pencil.,我們用鉛筆寫下新的英文句子。
under,在...下面,Prepositions,/ˈʌn.dɚ/,3,un/der,The small puppy is sleeping under the wooden chair.,小狗正坐在木椅底下睡覺。,A sleepy puppy is resting under the classroom table.,一隻睡眼惺忪的小狗正在教室桌子底下休息。
next to,在...旁邊/緊鄰,Prepositions,/nekst tuː/,3,next/to,The school bookstore is next to the post office.,學校書店在郵局旁邊。,Tim sits next to me in the English class.,提姆在英文課上坐在我旁邊。
about,關於/大約,Prepositions,/əˈbaʊt/,3,about,She told us an interesting story about a brave monkey.,她跟我們講了一個關於勇敢猴子的有趣故事。,This story is about a brave little dog and a cat.,這個故事是關於一隻勇敢的小狗和貓咪。
inside,在...裡面/內部,Prepositions,/ɪnˈsaɪd/,3,in/side,"It is raining, so please play inside the classroom.",外面在下雨，所以請在教室裡面玩。,We stayed inside our house during the heavy typhoon.,強颱風期間我們待在屋子裡。
outside,在...外面/外部,Prepositions,/aʊtˈsaɪd/,3,out/side,The children are playing tag outside the house.,孩子們正在房子外面玩捉人遊戲。,Let's play basketball outside on this sunny day.,在這個晴天，我們去外面打籃球吧。
after,在...之後,Prepositions,/ˈæf.tɚ/,3,af/ter,Remember to wash your hands after using the restroom.,上完廁所後記得洗手。,We wash our hands after playing soccer.,我們踢完足球後會洗手。
front,前面/前方的/鋒面,Prepositions,/frʌnt/,3,front,The bus stop is right in front of our school gate.,公車站就在我們學校大門口前面。,"A cold front is coming, so the weather will turn chilly.",冷鋒即將到來，所以天氣會變涼。
box,盒子/箱子,Other,/bɑːks/,3,box,He put all his colorful markers into the wooden box.,他把所有彩色麥克筆放進木箱裡。,I keep my red crayons inside this wooden box.,我把紅色蠟筆收在這個木盒裡。
bottle,瓶子,Other,/ˈbɑː.t̬əl/,3,bot/tle,Please bring a bottle of water to the playground.,請帶一瓶水去操場。,Bring a bottle of warm water with you to school.,帶一瓶溫水去學校。
gift,禮物/天賦,Other,/ɡɪft/,3,gift,This beautiful drawing is a birthday gift for my mom.,這幅美麗的圖畫是送給我媽媽的生日禮物。,I made a pretty card to go with the birthday gift.,我做了一張漂亮的卡片來搭配生日禮物。
mail,信件/寄信/郵件,Other,/meɪl/,3,mail,Did we receive any mail or packages this morning?,我們今天早上有收到任何信件或包裹嗎？,The mailman delivered some mail to my grandparents.,郵差送了一些信件給我祖父母。
email,電子郵件/發電子郵件,Other,/ˈiː.meɪl/,3,email,I sent an email to invite my cousin to our house.,我寄了一封電子郵件邀請我表哥來我們家。,My sister sent an email to thank her English teacher.,我妹妹發了一封電子郵件來感謝她的英文老師。
tree,樹/樹木,Other,/triː/,3,tree,The boys are climbing the big banyan tree in the park.,男孩們正在爬公園裡的大榕樹。,A small bird built its nest in the tall tree.,一隻小鳥在樹上建造了牠的巢。
way,路/方法/方向,Other,/weɪ/,3,way,"Excuse me, which is the correct way to the train station?",不好意思，請問去火車站的正確路向是哪一條？,Do you know the way to the public library?,你知道去公共圖書館的路嗎？
word,字/單字/詞,Other,/wɝːd/,3,word,Try to write a new sentence with this English word.,嘗試用這個英文單字寫一個新句子。,We must practice spelling these new English words.,我們必須練習拼寫這些新的英文單字。
sale,特賣/拍賣/出售,Other,/seɪl/,3,sale,Those cool toys in the shop are on sale today.,店裡那些炫酷的玩具今天特價拍賣。,This bookstore has a big book sale today.,這家書店今天舉辦圖書大特賣。
fun,樂趣/有趣的/好玩的,Other,/fʌn/,3,fun,Playing card games with friends is always full of fun.,和朋友一起玩卡牌遊戲總是充滿樂趣。,Playing board games with family is very fun.,和家人一起玩桌遊非常有趣。
thing,東西/事物/事情,Other,/θɪŋ/,3,thing,Please put your personal things into your school bag.,請把你的個人東西放進你的書包裡。,Sharing is a good thing that makes us happy.,分享是一件會讓我們快樂的好事。
ticket,票/券/罰單,Other,/ˈtɪk.ɪt/,3,tick/et,We need to buy a train ticket to go to Hualien.,我們需要買一張火車票去花蓮。,My father bought three train tickets to Hualien.,我爸爸買了三張去花蓮的火車票。
dream,夢/夢想/做夢,Other,/driːm/,3,dream,I had a funny dream about flying in the sky last night.,我昨晚做了一個關於在天空中飛翔的有趣夢境。,My dream is to become a helpful doctor.,我的夢想是成為一名樂於助人的醫生。
party,派對/宴會/黨派,Other,/ˈpɑːr.t̬i/,3,par/ty,All the students wore funny hats to the birthday party.,所有的學生都戴著有趣的帽子去參加生日派對。,We decorated the classroom for our Christmas party.,我們為聖誕派對裝飾了教室。
photo,照片/相片,Other,/ˈfoʊ.t̬oʊ/,3,pho/to,He showed me a group photo of his family.,他向我展示了一張他家人的合照。,I took a nice photo of the orange sunset.,我拍了一張美麗的橘色日落照片。
robot,機器人,Other,/ˈroʊ.bɑːt/,3,ro/bot,He built a cool robot with some legos yesterday.,他昨天用樂高積木組裝了一個酷機器人。,He loves to build toy robots with plastic blocks.,他很喜歡用塑膠積木建造玩具機器人。
flower,花/花朵/開花,Other,/ˈflaʊ.ɚ/,3,flow/er,The sweet roses in the garden bloom in spring.,花園裡的甜美玫瑰在春天盛開。,A busy bee is visiting a colorful flower in the yard.,一隻忙碌的蜜蜂正在拜訪院子裡色彩繽紛的花朵。
cellphone,手機/行動電話,Other,/ˈsel.foʊn/,3,cell/phone,Please turn off your cellphone before the test starts.,請在考試開始前關閉手機。,Please ask for permission before using your parents' cellphone.,使用父母的手機前請先詢問許可。
birthday,生日,Other,/ˈbɝːθ.deɪ/,3,birth/day,What do you want for your tenth birthday gift?,你十歲生日禮物想要什麼？,We sang a happy birthday song to our grandmother.,我們給祖母唱了生日快樂歌。
go,去/前進/出發,Actions,/ɡoʊ/,3,go,We will go for a hike in Yangmingshan this weekend.,我們這週末要去陽明山健行。,Let's go to the school library to borrow books.,我們去學校圖書館借書吧。
get,得到/獲得/到達/拿到,Actions,/ɡet/,3,get,I hope you can get good grades on the test.,我希望你考試能取得好成績。,Did you get a gold star on your homework today?,你今天的作業有得到金星獎章嗎？
cry,哭/哭泣/叫喊,Actions,/kraɪ/,3,cry,The little baby started to cry because he was hungry.,小嬰兒開始哭泣，因為他餓了。,The little baby stopped crying when mother held her.,當媽媽抱著她時，小嬰兒停止了哭泣。
hit,打/擊中/打擊,Actions,/hɪt/,3,hit,He hit the baseball with his new bat yesterday.,他昨天用他的新球棒擊中了棒球。,Benson hit the baseball far into the grass field.,班森把棒球遠遠地擊入草地裡。
put,放置/擺放,Actions,/pʊt/,3,put,Please put the dirty clothes into the laundry basket.,請把髒衣服放進洗衣籃裡。,Please put your English books back into your schoolbag.,請把你的英文書放回書包裡。
see,看見/看到/明白,Actions,/siː/,3,see,I can see a beautiful rainbow over the mountain.,我能看到山那邊有一道美麗的彩虹。,I see a beautiful blue bird singing in the tree.,我看見一隻美麗的藍鳥在樹上唱歌。
sit,坐/坐下,Actions,/sɪt/,3,sit,"Sit down and listen to the teacher carefully, please.",請坐好並仔細聽老師說話。,Sit down on your chair and get ready for class.,坐在你的椅子上準備上課。
try,嘗試/努力/試圖,Actions,/traɪ/,3,try,You should try to practice speaking English every day.,你應該嘗試每天練習說英文。,Always try your best even if the question is hard.,即使問題很難，也要總是盡力而為。
call,呼叫/打電話/打給/稱呼,Actions,/kɑːl/,3,call,I will call you when I arrive at the station.,我抵達車站後會打電話給你。,We can call our grandparents to say hello.,我們可以打電話給我們的祖父母問好。
come,來/來到,Actions,/kʌm/,3,come,Please come to my house and play games this Saturday.,這星期六請來我家玩遊戲。,Please come to my desk and share this storybook.,請到我的書桌旁一起分享這本故事書。
find,尋找/發現/找到,Actions,/faɪnd/,3,find,Did you find the key to your desk drawer?,你找到你的書桌抽屜鑰匙了嗎？,I found my lost blue marker under the desk.,我在書桌底下找到了我遺失的藍色白板筆。
feel,感覺/覺得/觸摸,Actions,/fiːl/,3,feel,I feel very happy because tomorrow is my birthday.,我感到非常高興，因為明天是我的生日。,I feel very happy when I play soccer with friends.,當我和朋友踢足球時，我感到很高興。
have,擁有/有/吃,Actions,/hæv/,3,have,We have a fun art class every Wednesday morning.,我們每個星期三早上有一節有趣的美術課。,Do you have any questions about this English word?,你對這個英文單字有任何疑問嗎？
help,幫助/幫忙/協助,Actions,/help/,3,help,Can you help me clean the blackboard after class?,下課後你能幫我擦黑板嗎？,My brother helps me pack my heavy schoolbag.,我哥哥幫我整理我重重的書包。
hope,希望/盼望,Actions,/hoʊp/,3,hope,I hope the weather turns sunny for our picnic tomorrow.,我希望明天的天氣放晴以便我們去野餐。,I hope you have a happy and wonderful weekend.,我希望你度過一個快樂而美好的週末。
hurt,受傷/疼痛/傷害,Actions,/hɝːt/,3,hurt,He fell off his bike and hurt his right knee.,他從腳踏車上摔下來，弄傷了右膝蓋。,He hurt his knee when he fell on the playground.,他在操場上跌倒時弄傷了膝蓋。
know,知道/認識/了解,Actions,/noʊ/,3,know,Do you know how to write this difficult English word?,你知道怎麼寫這個難懂的英文單字嗎？,I know how to write all the spelling words today.,我知道今天所有的拼字怎麼寫。
like,喜歡/像,Actions,/laɪk/,3,like,I like reading interesting stories about space and stars.,我喜歡讀關於太空和星星的有趣故事。,I like to draw flowers and trees in my notebook.,我喜歡在我的筆記本上畫花和樹木。
look,看/看起來/注視,Actions,/lʊk/,3,look,Look at those fluffy white clouds floating in sky.,看天空中漂浮的那些蓬鬆白雲。,Look at the colorful butterfly sitting on the rose.,看那隻停在玫瑰上的彩色蝴蝶。
love,愛/熱愛/喜愛,Actions,/lʌv/,3,love,Children love to play in the cool water during summer.,孩子們夏天熱愛在涼爽的水中玩耍。,We love our warm family and supportive classmates.,我們愛我們溫馨的家庭和互相支持的同學。
meet,遇見/會面/迎接,Actions,/miːt/,3,meet,We will meet at the park entrance at nine o'clock.,我們九點鐘在公園門口碰面。,I will meet my friends at the park gate at nine.,我九點會在公園門口和朋友碰面。
miss,想念/錯過,Actions,/mɪs/,3,miss,I will miss my friendly classmates during summer holiday.,暑假期間我會想念我的友善同學。,I will miss my friendly teacher during summer holidays.,暑假期間我會想念我那友善的老師。
need,需要/必須,Actions,/niːd/,3,need,We need to buy some fresh eggs to bake the cake.,我們需要買一些新鮮雞蛋來烤蛋糕。,I need some clean paper to write my homework.,我需要一些乾淨的紙寫作業。
open,打開/開的/營業的,Actions,/ˈoʊ.pən/,3,open,Please open the window to let the fresh air in.,請打開窗戶讓新鮮空氣進來。,Please open your workbook and read page three aloud.,請打開你的練習本/習作並大聲朗讀第三頁。
stop,停止/站牌/車站,Actions,/stɑːp/,3,stop,The yellow school bus stops in front of the gate.,黃色校車停在大門前面。,The cars must stop when the traffic light turns red.,當紅綠燈變紅時，汽車必須停止。
tell,告訴/講述/吩咐,Actions,/tel/,3,tell,Can you tell me the way to the school library?,你能告訴我前往學校圖書館的路嗎？,My grandmother likes to tell us interesting stories.,我祖母很喜歡給我們講有趣的故事。
wait,等待/等候,Actions,/weɪt/,3,wait,Wait for me at the post office after school.,放學後在郵局等我。,Please wait for me near the school library gate.,請在學校圖書館門口附近等我。
walk,散步/走路,Actions,/wɑːk/,3,walk,We walk to school together every morning.,我們每天早上一起走路去學校。,I walk home with my classmates after school.,放學後我和同學一起走路回家。
want,想要/需要,Actions,/wɑːnt/,3,want,I want to buy a box of chocolate cookies.,我想買一盒巧克力餅乾。,I want to draw a picture of a giant elephant.,我想畫一張大象的畫。
give,給/給予/贈送,Actions,/ɡɪv/,3,give,Please give me the red marker on the desk.,請把書桌上的紅色麥克筆給我。,Please give this green pencil case to your sister.,請把這個綠色筆袋給你妹妹/姊姊。
make,製作/做/使,Actions,/meɪk/,3,make,We will make a paper kite in art class tomorrow.,我們明天美術課要做一個紙風箏。,We make healthy salad together in our cooking class.,我們在烹飪課上一起製作健康的沙拉。
brush,刷/刷子/畫筆/刷淨,Actions,/brʌʃ/,3,brush,Remember to brush your teeth before going to bed.,記得睡前要刷牙。,Remember to brush your teeth before going to sleep.,記得在睡覺前刷牙。
hurry,趕快/急忙,Actions,/ˈhɝː.i/,3,hur/ry,"Hurry up, the school bus is coming down the road.",快點，校車已經開過來了。,"Please hurry, or we will be late for class.",請快一點，否則我們上課會遲到。
laugh,笑/大笑,Actions,/læf/,3,laugh,The funny cartoon made all the children laugh out loud.,有趣的卡通讓所有的孩子大笑出聲。,His funny facial expressions make everyone laugh.,他滑稽的表情逗得每個人哈哈大笑。
close,關閉/關上/接近的,Actions,/kloʊz/,3,close,Please close the bedroom door quietly when you leave.,離開時請輕輕地關上臥室門。,The supermarket will close in ten minutes.,超級市場將在十分鐘內關門。
show,給...看/展示/表演,Actions,/ʃoʊ/,3,show,Please show me your beautiful drawings after class.,下課後請展示你美麗的畫作給我看。,Let's show our appreciation to our parents today.,今天讓我們向父母表達我們的感謝。
sleep,睡覺/睡眠,Actions,/sliːp/,3,sleep,Baby pandas sleep for many hours every single day.,貓熊寶寶每天都要睡很多個小時。,I always sleep with my soft puppy plush toy.,我總是抱著我柔軟的小狗玩偶睡覺。
smell,聞起來/氣味,Actions,/smel/,3,smell,These fresh flowers in the garden smell very sweet.,花園裡的這些鮮花聞起來非常香甜。,The fresh baked bread smells absolutely wonderful.,剛烤好的麵包聞起來真是香極了。
stand,站立/站/看台,Actions,/stænd/,3,stand,Please stand up when the teacher enters the classroom.,當老師進入教室時請站起來。,We stand in a straight line to wait for the schoolbus.,我們排成一直線等待校車。
start,開始/出發,Actions,/stɑːrt/,3,start,The English movie will start in five minutes.,這部英文電影將在五分鐘內開始。,Let's start our day with a warm smile.,讓我們用溫暖的微笑開始我們的一天。
take,拿取/攜帶/搭乘/花費(時間),Actions,/teɪk/,3,take,Remember to take your warm jacket with you today.,今天記得隨身帶上你溫暖的外套。,It takes me fifteen minutes to walk to school.,我走路去學校花費十五分鐘。
thank,感謝/謝謝,Actions,/θæŋk/,3,thank,I want to thank my teacher for helping me.,我要感謝老師對我的幫助。,We should thank the school doctor for checking our health.,我們應該感謝校醫為我們檢查身體健康。
touch,觸碰/碰,Actions,/tʌtʃ/,3,touch,Please do not touch the clean glass window.,請不要觸碰乾淨的玻璃窗。,Do not touch the hot soup; it might burn you.,不要碰熱湯，它可能會燙傷你。
wake,醒來/喚醒,Actions,/weɪk/,3,wake,My mom wakes me up at seven o'clock every morning.,我媽媽每天早上七點鐘喚醒我。,I wake up early to see the beautiful sunrise.,我早起觀賞美麗的日出。
worry,擔心/憂慮,Actions,/ˈwɝː.i/,3,wor/ry,"Do not worry, we still have enough time to finish.",不用擔心，我們仍有充足的時間來完成。,"Do not worry about the game, just do your best.",不要擔心比賽，盡力而為就好。
enjoy,享受/喜愛,Actions,/ɪnˈdʒɔɪ/,3,en/joy,We enjoy reading English books in the library.,我們喜歡在圖書館讀英文書。,We enjoy the cool breeze on the summer beach.,我們享受夏日海灘上的涼爽微風。
welcome,歡迎/受歡迎的,Interjections,/ˈwel.kəm/,3,wel/come,You are always welcome to join our sports club.,非常歡迎你加入我們的體育社團。,We welcome the new student to join our class.,我們歡迎新同學加入我們班。
pick up,拾起/接送/撿起,Actions,/pɪk ʌp/,3,pick/up,Please pick up the paper trash on the classroom floor.,請撿起教室地板上的紙屑垃圾。,Please pick up your crayons from the floor.,請把你的蠟筆從地板上撿起來。
OK,好的/可以的,Interjections,/oʊˈkeɪ/,3,OK,Is it OK to play soccer on the grass?,在草地上踢足球可以嗎？,Is it OK if I use your blue pencil case?,我可以用你的藍色鉛筆盒嗎？
easy,簡單的/容易的,Adjectives,/ˈiː.zi/,3,easy,"This spelling test is very easy, and I got ten points.",這個拼字測驗非常簡單，我拿了十分。,Solving this riddle is easy if you read it carefully.,如果你仔細閱讀，解開這個謎題很容易。
fine,好的/晴朗的/細緻的/罰款,Adjectives,/faɪn/,3,fine,"The weather is fine today, let us go hiking.",今天天氣晴朗，我們去健行吧。,"I am feeling fine today, thank you for asking.",我今天感覺很好，謝謝你的詢問。
hard,困難的/堅硬的/努力地,Adjectives,/hɑːrd/,3,hard,He works hard to practice playing the piano daily.,他每天努力練習彈鋼琴。,The shell of a coconut is very hard to open.,椰子的殼非常堅硬，很難打開。
only,只有/僅有的/唯一的,Adjectives,/ˈoʊn.li/,3,on/ly,I have only one red pen in my pencil case.,我筆袋裡只有一支紅色原子筆。,He is the only student who knows the answer.,他是唯一一個知道答案的學生。
sure,確定的/當然,Adjectives,/ʃʊr/,3,sure,Are you sure you put the keys in your pocket?,你確定有把鑰匙放在你的口袋裡嗎？,I am sure we will have a great time at the zoo.,我確定我們在動物園會玩得很高興。
dirty,骯髒的/髒的,Adjectives,/ˈdɝː.ti/,3,dirty,Wash your dirty hands with soap before dinner.,晚餐前用肥皂清洗你髒髒的手。,Please put your dirty socks into the laundry bag.,請把你的髒襪子放進洗衣袋裡。
great,很棒的/巨大的/偉大的,Adjectives,/ɡreɪt/,3,great,Having a picnic in the park is a great idea.,在公園野餐是個極棒的主意。,My grandparents tell great stories about their childhood.,我祖父母講了許多關於他們童年的精彩故事。
other,其他的/另外的,Adjectives,/ˈʌð.ɚ/,3,oth/er,Where are the other students of our class?,我們班上的其他學生在哪裡？,"Some students like art, while others prefer PE.",有些學生喜歡美勞，而另外一些則更偏愛體育。
quiet,安靜的/沉靜的,Adjectives,/ˈkwaɪ.ət/,3,qui/et,"The library is very quiet, so walk slowly.",圖書館非常安靜，所以請放輕腳步。,We must stay quiet when the teacher is speaking.,老師在說話時我們必須保持安靜。
ready,準備好的/樂意的,Adjectives,/ˈred.i/,3,ready,Are you ready for the spelling contest tomorrow?,你為明天的拼字比賽準備好了嗎？,The team is ready to compete in the race.,隊伍已經準備好參加比賽了。
wonderful,極好的/精彩的/奇妙的,Adjectives,/ˈwʌn.dɚ.fəl/,3,won/der/ful,We had a wonderful time at the zoo yesterday.,我們昨天在動物園度過了美好的時光。,It is a wonderful thing to share with others.,與他人分享是一件極好的事。
favorite,最喜愛的/最喜歡的,Adjectives,/ˈfeɪ.vər.ɪt/,3,fa/vorite,Benson's favorite sport is playing baseball with friends.,班森最喜愛的運動是和朋友打棒球。,Vanilla ice cream is my sister's favorite summer dessert.,香草冰淇淋是我妹妹最喜愛的夏季甜點。
no,不/沒有,Interjections,/noʊ/,3,no,There is no milk left in the refrigerator.,冰箱裡沒有剩下任何牛奶了。,No student should run in the narrow hallways.,學生不應該在狹窄的走廊上奔跑。
so,如此/所以/那麼,Other adverbs,/soʊ/,3,so,"It was raining, so we stayed home all day.",那時正下著雨，所以我們整天待在家。,"I was very thirsty, so I drank a glass of water.",我很渴，所以我喝了一杯水。
yes,是/是的,Interjections,/jes/,3,yes,"Yes, I can speak English and Chinese very well.",是的，我會說英文和中文而且說得很好。,"Yes, I would love to join the sports club.",是的，我很樂意加入這個體育社團。
too,也/太,Other adverbs,/tuː/,3,too,"I bought a blue pen, and my brother bought one too.",我買了一支藍色原子筆，我哥哥也買了一支。,This schoolbag is too heavy for me to carry alone.,這個書包太重了，我一個人背不動。
very,非常地/很,Other adverbs,/ˈver.i/,3,very,The weather in winter is very cold in Taipei.,台北冬天的天氣非常寒冷。,The math teacher is very kind and patient with us.,數學老師對我們非常親切且有耐心。
then,然後/那時/那麼,Other adverbs,/ðen/,3,then,We finished our homework and then went to play.,我們完成了功課，然後出去玩。,"First finish your homework, and then you can play.",先做完功課，然後你就可以去玩了。
still,仍然/仍然的/靜止的,Other adverbs,/stɪl/,3,still,The bird is still sitting on the tree branch.,那隻鳥仍然停在樹枝上。,"Even on rainy days, we can still learn at home.",即使下雨天，我們仍然可以在家學習。
not,不/沒有,Other adverbs,/nɑːt/,3,not,She is not at home; she went to the bookstore.,她不在家，她去書店了。,This blue pencil is not mine; it belongs to Benson.,這支藍色鉛筆不是我的，它是班森的。
never,從不/絕不,Other adverbs,/ˈnev.ɚ/,3,nev/er,My sister has never ridden a bicycle before.,我妹妹以前從未騎過腳踏車。,Never give up when you face a difficult problem.,當你面對困難問題時，絕不要放棄。
away,離開/離去/遠離,Other adverbs,/əˈweɪ/,3,away,Please put away your toys before going to bed.,睡覺前請收好你的玩具。,An apple a day keeps the doctor away.,一天一蘋果，醫生遠離我。
always,總是/經常,Other adverbs,/ˈɑːl.weɪz/,3,al/ways,He always washes his hands before eating lunch.,他吃午餐前總是洗手。,Remember to always do your best in school.,記住在學校要總是盡力而為。
together,一起/共同,Other adverbs,/təˈɡeð.ɚ/,3,to/geth/er,We studied English together at the library yesterday.,我們昨天在圖書館一起學習英文。,Let's play and study together to learn faster.,讓我們一起學習和玩耍以更快地學習。
again,再次/重新/又,Other adverbs,/əˈɡen/,3,again,Can you read this interesting story for me again?,你能再為我讀一遍這個有趣的故事嗎？,Let's read the storybook again to learn more words.,讓我們重新讀一遍故事書以學習更多單字。
maybe,也許/大概/可能,Other adverbs,/ˈmeɪ.bi/,3,maybe,Maybe we can visit the zoo next Saturday morning.,也許我們下星期六早上可以造訪動物園。,Maybe we can go hiking in the park next Saturday.,也許我們下個星期六可以去公園健行。
really,真正地/實在/很,Other adverbs,/ˈrɪ.li/,3,re/al/ly,The chocolate cake Grandma made was really yummy.,阿嬤做的巧克力蛋糕真的非常美味。,The story Grandma told us was really interesting.,阿嬤跟我們講的故事真的很有趣。
sometimes,有時候/偶爾,Other adverbs,/ˈsʌm.taɪmz/,3,some/times,Sometimes we go for a walk in park after dinner.,有時候我們晚餐後會去公園散步。,Sometimes we go hiking in the mountains on weekends.,有時候我們在週末去山上健行。
usually,通常/平常,Other adverbs,/ˈjuː.ʒu.ə.li/,3,usu/al/ly,I usually read storybooks before going to sleep.,我通常在睡覺前讀故事書。,I usually do my homework right after coming home.,我通常一回到家就立刻寫功課。
how,如何/怎麼樣/多麼,Wh-words,/haʊ/,3,how,How do you spell this long English word?,你怎麼拚寫這個長英文單字？,"How do you spell your English name, please?",請教一下，你的英文名字怎麼拼？
who,誰(主格),Wh-words,/huː/,3,who,Who is the boy sitting next to the teacher?,坐在老師旁邊的那個男孩是誰？,Who is the teacher standing near the school gate?,站在校門口附近的老師是誰？
why,為什麼,Wh-words,/waɪ/,3,why,Why are you late for class this morning?,你今天早上上課為什麼遲到？,Why did you choose this beautiful red book?,你為什麼選擇這本美麗的紅書？
what,什麼,Wh-words,/wɑːt/,3,what,"What is your favorite color, blue or green?",你最喜歡什麼顏色，藍色還是綠色？,What are you going to draw in art class today?,你今天美勞課打算畫什麼？
when,當...之時/何時,Wh-words,/wen/,3,when,When does the school library open on weekends?,學校圖書館在週末幾點開放？,I feel happy when I learn new English words.,當我學習新的英文單字時，我感到很高興。
where,哪裡/何處,Wh-words,/wer/,3,where,Where did you buy this cute dog notebook?,你在哪裡買的這本可愛的狗筆記本？,Where did you put your school English homework?,你把學校英文功課放在哪裡了？
which,哪一個/哪些的,Wh-words,/wɪtʃ/,3,which,Which book do you want to read tonight?,你今晚想讀哪一本書？,"Which crayon do you want to use, red or blue?",你想用哪一支蠟筆，紅色還是藍色？
whose,誰的(所有格),Wh-words,/huːz/,3,whose,Whose pencil case is this on the floor?,地板上的這個筆袋是誰的？,Whose blue pencil box is this under the table?,桌子底下這藍色鉛筆盒是誰的？
o,噢(感嘆詞),Wh-words,/oʊ/,3,o,O is a letter in the alphabet.,O 是字母表中的一個字母。,O! Look at the beautiful rainbow over the mountain.,噢！看那山上的美麗彩虹。
e,網際網路/e化,Wh-words,/iː/,3,e,E is the fifth letter of the alphabet.,E 是字母表中的第五個字母。,We use e-books to read English stories at school.,我們在學校用電子書來閱讀英文故事。
phonics,自然發音/字母拼讀法,Wh-words,/ˈfɑː.nɪks/,3,phon/ics,Phonics helps us learn how to pronounce words.,自然拼讀幫助我們學習如何發音單字。,Learning phonics helps us spell English words easily.,學習自然發音/字母拼讀法可以幫助我們輕鬆拼寫英文單字。
Expansion,拓展/擴大/擴展,Wh-words,/ɪkˈspæn.ʃən/,3,Ex/pan/sion,This book is an expansion of the first story.,這本書是第一個故事的擴展。,The expansion of the school library brings more storybooks.,學校圖書館的擴建帶來了更多故事書。
Page,頁/頁碼,Wh-words,/peɪdʒ/,3,Page,Please turn to page ten of the textbook.,請翻到教科書的第十頁。,Please open your workbook to page ten and start reading.,請打開你的練習本/習作第十頁並開始閱讀。
is,是(單數動詞),Be & Auxiliaries,/ɪz/,3,is,My brother is the tallest boy in his class.,我哥哥是他班上最高挑的男孩。,My friendly puppy is playing with a small ball.,我那隻友善的小狗正在玩一顆小球。
am,是(第一人稱單數動詞),Be & Auxiliaries,/æm/,4,am,I am very excited about the school trip tomorrow.,我對明天的學校旅行感到非常興奮。,I am very happy to see my classmates again today.,我今天很高興能再次見到我的同學們。
are,是(複數與第二人稱動詞),Be & Auxiliaries,/ɑːr/,4,are,The children are playing tag in the park happily.,孩子們正在公園裡高興地玩捉人遊戲。,They are cleaning the classroom floor together.,他們正在一起打掃教室地板。
eight,八/八個,Numbers,/eɪt/,4,eight,We have eight classes in total every school day.,我們每個上學日總共有八節課。,Eight white swans are swimming in the calm lake.,八隻白天鵝正在平靜的湖面游泳。
eleven,十一/十一個,Numbers,/ɪˈlev.ən/,4,eleven,There are eleven players on the soccer field.,足球場上有十一名球員。,There are eleven players in a soccer team.,足球隊裡有十一名球員。
five,五/五個,Numbers,/faɪv/,4,five,I bought five notebooks from the bookstore.,我從書店買了五本筆記本。,He gave me five crayons of different colors.,他給了我五支不同顏色的蠟筆。
nine,九/九個,Numbers,/naɪn/,4,nine,The school library closes at nine o'clock sharp.,學校圖書館在九點整關閉。,There are nine storybooks in my desk drawer.,我的書桌抽屜裡有九本故事書。
sad,悲傷的/難過的,Personal characteristics,/sæd/,4,sad,She felt sad because she lost her pet rabbit.,她感到很悲傷，因為她弄丟了她的寵物兔。,Do not be sad; we can try the game again.,不要難過，我們可以重新嘗試這個遊戲。
seven,七/七個,Numbers,/ˈsev.ən/,4,sev/en,There are seven days in a single week.,一週總共有七天。,She read seven English storybooks this month.,她這個月讀了七本英文故事書。
six,六/六個,Numbers,/sɪks/,4,six,He has six storybooks in his backpack.,他的背包裡有六本故事書。,We have six different subjects on Mondays.,星期一我們有六個不同的學科。
ten,十/十個,Numbers,/ten/,4,ten,The test has ten questions in total today.,今天的測驗總共有十道題。,He scored ten points in the basketball match.,他在籃球賽中拿到了十分。
twelve,十二/十二個,Numbers,/twelv/,4,twelve,December is the twelfth and last month of the year.,十二月是一年中的第十二個也是最後一個月。,Twelve months make a full year of fun.,十二個月構成充滿樂趣的一整年。
bike,腳踏車/自行車,Transportation,/baɪk/,5,bike,He rides his red bike to school every morning.,他每天早上騎著他的紅色腳踏車去上學。,I ride my red bike to school every morning.,我每天早上騎我那輛紅色的腳踏車上學。
living room,客廳,House,/ˈlɪv.ɪŋ ˌruːm/,5,liv/ing/room,We watched a fun movie together in the living room.,我們在客廳一起看了一部有趣的電影。,Our family sits in the living room and talks about school.,我們全家人坐在客廳裡聊天談學校生活。
any,任何的/一些,Articles,/ˈen.i/,7,any,Do you have any questions about the English test?,關於英文測驗，你還有任何問題嗎？,Do you have any crayons to paint this flower?,你有任何蠟筆可以為這朵花上色嗎？
catch,接住/抓取/捕獲,Actions,/kætʃ/,7,catch,Throw the ball to me and I will catch it.,把球丟給我，我會接住它。,Try to catch the tennis ball with both hands.,試著用雙手接住網球。
goodbye,再見/告別,Interjections,/ˌɡʊdˈbaɪ/,7,good/bye,He said goodbye to his friends at the gate.,他在大門口跟他的朋友們道別。,We waved and said goodbye to our kind teacher.,我們揮手並跟我們親切的老師說再見。
handsome,英俊的/帥氣的,Personal characteristics,/ˈhæn.səm/,7,hand/some,The movie actor looked very handsome in the film.,電影演員在影片中看起來非常英俊。,My big brother looks handsome in his white shirt.,我哥哥穿他的白襯衫看起來很帥。
hot dog,熱狗,Food,/ˈhɑːt ˌdɔːɡ/,7,hot/dog,He ate a hot dog and drank some cola for lunch.,他午餐吃了一個熱狗並喝了一些可樂。,We shared a delicious hot dog at the sports day.,我們在運動會上分享了一個美味的熱狗。
invite,邀請,Actions,/ɪnˈvaɪt/,7,in/vite,I want to invite my classmates to my birthday party.,我想邀請我的同學們來參加我的生日派對。,I want to invite my classmates to my birthday party.,我想邀請我的同學們來參加我的生日派對。
learn,學習/學會/得知,Actions,/lɝːn/,7,learn,We learn how to speak English in school every day.,我們每天在學校學習如何說英文。,We learn how to speak English in our classes.,我們在課堂上學習如何說英語。
library,圖書館,Places,/ˈlaɪ.brer.i/,7,li/brary,The students are studying quietly in the school library.,學生們正在學校圖書館安靜地學習。,We should stay quiet when reading in the library.,在圖書館讀書時我們應該保持安靜。
month,月份/月,Time,/mʌnθ/,7,month,December is the last month of the whole year.,十二月是整年當中的最後一個月。,December is the last month of the year.,十二月是一年中的最後一個月。
next,下一個的/隔壁的/接著,Time,/nekst/,7,next,We will visit the zoo next Saturday morning.,我們下星期六早上將造訪動物園。,"Our next class is PE, and we will play soccer.",我們的下一堂課是體育課，我們將會踢足球。
man,男人/人/人類(單數),People,/mæn/,7,man,A kind man helped the old lady cross the street.,一位好心的男子幫助老婦人過馬路。,The man standing near the library is my uncle.,站在圖書館附近的那位先生/男人是我叔叔。
noodle,麵條/麵,Food,/ˈnuː.dļ/,7,noo/dle,Grandpa likes to eat hot beef noodles for lunch.,爺爺中午喜歡吃熱牛肉麵。,My grandmother makes beef noodle soup for dinner.,我祖母晚餐做牛肉麵湯。
or,或者/否則,Conjunctions,/ɔːr/,7,or,Do you want to play soccer or basketball?,你想踢足球還是打籃球？,Do you want to play basketball or soccer today?,你今天想打籃球還是踢足球？
place,地方/處所,Places,/pleɪs/,7,place,Taipei is a very busy and interesting place.,台北是一個非常忙碌且有趣的地方。,This beautiful park is my favorite place to relax.,這個美麗的公園是我最喜歡的放鬆地方。
plane,飛機/平面,Transportation,/pleɪn/,7,plane,The passenger plane is flying high in the blue sky.,客機正高高地飛在藍天中。,We saw a giant passenger plane flying in the sky.,我們看到一架巨大的客機在天空中飛行。
post,郵政/張貼/張貼處/柱子,Other verbs,/poʊst/,7,post,He went to the post office to mail a letter.,他去郵局寄信。,Please post this notice on the school bulletin board.,請把這個公告張貼在學校公佈欄上。
my,我的(所有格),Pronouns,/maɪ/,7,my,This is my new blue backpack for school.,這是我的新藍色上學背包。,My dog is very friendly and never barks at guests.,我的狗非常親切，從不對客人吠叫。
practice,練習/實踐,Actions,/ˈpræk.tɪs/,7,prac/tice,You should practice speaking English every single day.,你應該每一天都練習說英文。,Daily practice makes your English spelling much better.,每日練習能讓你的英文拼寫更好。
road,路/道路/途徑,Places,/roʊd/,7,road,Walk carefully because the road is very wet.,請小心行走，因為道路非常潮濕。,Look both ways before you walk across the road.,橫穿道路前請看好左右兩邊。
our,我們的(所有格),Pronouns,/ˈaʊ.ɚ/,7,our,Our teacher gave us some sweet cookies yesterday.,我們的老師昨天給了我們一些甜餅乾。,Our classroom wall is decorated with sweet paintings.,我們的教室牆壁裝飾著溫馨的畫作。
phone,電話/打電話,Other nouns,/foʊn/,7,phone,She used the phone to call her grandmother.,她用電話打給她的祖母。,Please turn off your phone when the class starts.,上課開始時請關掉你的電話。
sofa,沙發,House,/ˈsoʊ.fə/,7,so/fa,We sat on the comfortable sofa and watched TV.,我們坐在舒適的沙發上看電視。,We sat on the comfortable sofa and watched a video.,我們坐在舒服的沙發上看影片。
sorry,抱歉的/遺憾的,Interjections,/ˈsɑːr.i/,7,sor/ry,I am sorry that I broke your green marker.,很抱歉我弄壞了你的綠色麥克筆。,I am sorry that I broke your green marker.,我很抱歉我弄壞了你的綠色白板筆。
teach,教導/教學/教,Actions,/tiːtʃ/,7,teach,Our English teacher teaches us interesting songs.,我們的英文老師教我們有趣的歌曲。,Our teachers teach us how to solve math problems.,我們的老師教我們如何解答數學題。
window,窗戶,House,/ˈwɪn.doʊ/,7,win/dow,Please open the window to let the fresh air in.,請打開窗戶讓新鮮空氣進來。,We can look at the tall trees outside the window.,我們可以看著窗外的高樹。
young,年輕的/幼小的,Personal characteristics,/jʌŋ/,7,young,A young girl is reading a book under the tree.,一個年輕的女孩正在樹下看書。,The young plants need sunshine and clean water to grow.,幼小的植物需要陽光和乾淨的水來生長。
your,你/你們的(所有格),Pronouns,/jɔːr/,7,your,Please write down your name on this paper.,請在這張紙上寫下你的名字。,Is this green pen case your favorite school item?,這個綠色筆袋是你最喜歡的學用品嗎？
a lot of,許多的/很多的,Articles,/ə lɑːt ʌv/,8,a/lot/of,There are a lot of colorful fish in the pond.,池塘裡有許多色彩繽紛的魚。,We bought a lot of red apples at the morning market.,我們在早市買了許多紅蘋果。
across,橫過/在...對面/穿過,Prepositions,/əˈkrɑːs/,8,across,The dog ran across the street to chase a ball.,狗跑過街道去追一個球。,The friendly dog ran across the grass field to play.,那隻友善的狗跑過草地去玩耍。
ago,在...以前,Time,/əˈɡoʊ/,8,ago,He moved to New York three years ago.,他三年前搬到了紐約。,I started learning English three years ago.,我三年前開始學習英文。
along,沿著/順著/一起,Prepositions,/əˈlɑːŋ/,8,along,We walked along the river and saw a ship.,我們沿著河流散步並看到了一艘船。,We walked slowly along the clean river bank.,我們沿著乾淨的河岸慢慢散步。
before,在...之前/以前,Prepositions,/bɪˈfɔːr/,8,be/fore,Wash your hands before you eat the apple.,吃蘋果前請先洗手。,Remember to wash your hands before eating dinner.,記得在吃晚餐前先洗手。
between,在...兩者之間,Prepositions,/bɪˈtwiːn/,8,be/tween,The bookstore is located between the post office and the bank.,書店位於郵局和銀行之間。,The library is located between the gym and the school gate.,圖書館位於體育館和校門之間。
coffee,咖啡,Food,/ˈkɑː.fi/,8,cof/fee,My father drank a cup of hot coffee this morning.,我爸爸今天早上喝了一杯熱咖啡。,My mother makes a hot cup of coffee every morning.,我媽媽每天早上泡一杯熱咖啡。
dry,乾的/乾燥的/使乾燥,Other adjectives,/draɪ/,8,dry,Hang your wet clothes outside to make them dry.,把濕衣服掛在外面讓它們變乾。,Put your wet shoes under the sun to dry them.,把濕鞋子放在太陽底下曬乾。
everyone,每個人/大家,Pronouns,/ˈev.ri.wʌn/,8,ev/ery/one,Everyone in our class likes the kind teacher.,我們班上的每個人都喜歡這位親切的老師。,Everyone in our class got a gold star today.,我們班上的每個人今天都得到了一個金星獎章。
gym,體育館/健身房,Places,/dʒɪm/,8,gym,We played basketball in the school gym today.,我們今天在學校體育館打了籃球。,We practice volleyball in the school gym on rainy days.,下雨天我們在學校體育館練習排球。
street,街道,Places,/striːt/,8,street,This busy street is full of cars and buses.,這條忙碌的街道擠滿了汽車和公車。,Please hold your parent's hand when crossing the street.,過馬路時請牽著父母的手。
train,火車/列車/訓練,Transportation,/treɪn/,8,train,We took a fast train to go to Hualien.,我們搭乘火車前往花蓮。,We took a train to visit our grandparents last Sunday.,我們上星期天搭火車去拜訪我們的祖父母。
was,是/在(單數過去式),Be & Auxiliaries,/wʌz/,8,was,"He was sick yesterday, so he stayed home.",他昨天生病了，所以待在家。,The weather was sunny and warm yesterday afternoon.,昨天下午的天氣晴朗且溫暖。
were,是/在(複數與第二人稱過去式),Be & Auxiliaries,/wɝː/,8,were,They were very excited about the school trip.,他們對學校旅行感到非常興奮。,The children were very excited about the sports festival.,孩子們對體育節/運動會感到非常興奮。
wore,穿戴(過去式),Actions,/wɔːr/,8,wore,She wore a pretty blue dress to the party.,她穿著一件漂亮的藍色洋裝去參加派對。,She wore a warm yellow sweater on the chilly morning.,她在這寒冷的早上穿了一件保暖的黃色毛衣。
already,已經/早已,Other adverbs,/ɑːlˈred.i/,9,al/ready,I have already finished all my homework today.,我今天已經完成了所有的作業。,I have already finished all my English spelling homework.,我早已完成了所有的英文拼字作業。
also,也/並且/此外,Other adverbs,/ˈɑːl.soʊ/,9,al/so,"He likes soccer, and he also plays baseball.",他喜歡足球，而且他也打棒球。,"My brother plays the piano, and he also plays the drum.",我哥哥會彈鋼琴，他也會打鼓。
been,是/在(過去分詞),Be & Auxiliaries,/bɪn/,9,been,Have you ever been to the Taipei zoo?,你曾去過台北動物園嗎？,I have been to the Merlion Park in Singapore once.,我曾去過一次新加坡的魚尾獅公園。
bring,帶來/拿來/攜帶,Actions,/brɪŋ/,9,bring,Remember to bring your English dictionary tomorrow.,明天記得帶上你的英文字典。,Remember to bring your water bottle to school daily.,記得每天帶你的水瓶上學。
busy,忙碌的/繁忙的,Personal characteristics,/ˈbɪz.i/,9,busy,Our teacher is very busy grading the papers.,我們的老師忙著批改考卷。,The busy bee travels from flower to flower for honey.,忙碌的蜜蜂在花朵間採蜜。
cheese,起司/乾酪,Food,/tʃiːz/,9,cheese,Put a slice of cheese on the hot hamburger.,在熱漢堡上放一片起司。,My sister likes to eat ham and cheese sandwiches.,我妹妹喜歡吃火腿起司三明治。
expensive,昂貴的/貴的,Other adjectives,/ɪkˈspen.sɪv/,9,ex/pen/sive,This computer is too expensive for me to buy.,這台電腦太昂貴了，我買不起。,This new electronic toy is too expensive to buy.,這個新電子玩具太貴了買不起。
finish,完成/結束/吃完,Actions,/ˈfɪn.ɪʃ/,9,fin/ish,We must finish our work before going home.,我們回家前必須完成我們的工作。,I always finish my daily tasks before playing soccer.,我總是踢足球前完成我每日的任務。
hear,聽到/聽見/聽說,Actions,/hɪr/,9,hear,Did you hear the birds singing in the tree?,你聽到樹上鳥兒在唱歌了嗎？,I hear the cheerful sounds of children playing outside.,我聽到外面孩子們玩耍的歡快聲音。
just,剛剛/僅僅/只是/公正的,Other adverbs,/dʒʌst/,9,just,I just saw a cute squirrel in the garden.,我剛剛在花園裡看到一隻可愛的松鼠。,He just finished his homework a few minutes ago.,他幾分鐘前剛寫完功課。
large,大的/巨大的,Sizes & measurements,/lɑːrdʒ/,9,large,They live in a large house with a garden.,他們住在一棟帶花園的寬敞房子裡。,We have a large grass field to play soccer at school.,我們學校有一個大草地可以踢足球。
lucky,幸運的/吉祥的,Personal characteristics,/ˈlʌk.i/,9,lucky,You are very lucky to win the first prize.,你非常幸運能贏得一等獎。,I got a lucky gold star card from our principal today.,我今天從校長那裡得到了一張幸運的金星卡。
often,常常/經常,Other adverbs,/ˈɑːf.tən/,9,of/ten,We often play games together on weekends.,我們週末經常一起玩遊戲。,We often visit the library to read new books.,我們經常造訪圖書館閱讀新書。
popular,受歡迎的/流行的,Personal characteristics,/ˈpɑː.pjə.lɚ/,9,pop/u/lar,Benson is a very popular student in our school.,班森是我們學校非常受歡迎的學生。,Baseball is a very popular sport among students here.,棒球是這裡學生中非常受歡迎的運動。
since,自從/自...以來/因為,Prepositions,/sɪns/,9,since,I have studied English since I was seven.,我自從七歲起就學習英文。,I have been learning English since I was seven.,我自從七歲起就一直在學習英文。
subject,學科/科目/主題,School,/ˈsʌb.dʒekt/,9,sub/ject,"What is your favorite subject, math or science?",你最喜歡的學科是什麼，數學還是自然科學？,English is my favorite subject because it is fun.,英文是我最喜歡的學科，因為很有趣。
think,想/思考/認為/以為,Actions,/θɪŋk/,9,think,I think reading books is a great hobby.,我認為閱讀書籍是一個極佳的嗜好。,Think carefully before writing down your final answer.,寫下最終答案前請仔細思考。
tomato,番茄,Food,/təˈmeɪ.t̬oʊ/,9,toma/to,We need some fresh tomatoes to make the salad.,我們需要一些新鮮番茄來製作沙拉。,We picked some fresh red tomatoes from the farm garden.,我們在農場花園裡摘了一些新鮮的紅番茄。
use,使用/用途,Actions,/juːz/,9,use,Do you know how to use this dictionary?,你知道如何使用這本字典嗎？,"May I use your ruler to draw a straight line, please?",我可以用你的尺來畫一條直線嗎？
caught,接住/抓住(過去式/過去分詞),Actions,/kɑːt/,9,caught,The goalkeeper caught the soccer ball successfully.,守門員成功接住了足球。,The goalie caught the soccer ball with a quick dive.,守門員一個快速飛身接住了足球。
flown,飛/飛行(過去分詞),Actions,/floʊn/,9,flown,Many birds have flown to warm places in winter.,許多鳥在冬天已經飛往溫暖的地方。,The wild geese have already flown to warm areas.,大雁們已經飛往溫暖的地區。
felt,感覺(過去式/過去分詞),Other verbs,/felt/,9,felt,He felt very happy when he won the game.,當他贏了比賽時感到非常高興。,I felt very warm after drinking a cup of hot milk.,喝了一杯熱牛奶後我感覺非常溫暖。
found,找到(過去式/過去分詞)/建立,Actions,/faʊnd/,9,found,She found her lost key under the kitchen table.,她在廚房桌子底下找到了她遺失的鑰匙。,She found a beautiful shell in the sand yesterday.,她昨天在沙灘上找到了一個美麗的貝殼。
grown,生長/成長(過去分詞)/成年的,Other verbs,/ɡroʊn/,9,grown,The little tree has grown tall in the garden.,那棵小樹在花園裡已經長高了。,The small seeds have grown into beautiful yellow flowers.,小種子已經長成了美麗的黃花。
grew,生長/成長(過去式),Actions,/ɡruː/,9,grew,The small puppy grew into a big strong dog.,小狗長大成了一隻強壯的大狗。,The baby puppy grew very fast in just three months.,幼犬寶寶在短短三個月內就長得非常快。
heard,聽見(過去式),Actions,/hɝːd/,9,heard,I heard someone knocking on the door yesterday.,我昨天聽到有人在敲門。,We heard a beautiful bird singing in the garden.,我們聽到一隻美麗的鳥在花園裡唱歌。
known,知道/認識(過去分詞),Actions,/noʊn/,9,known,He has been known as a kind doctor here.,他一直以來在這裡被知曉是一位親切的醫生。,This school is well known for its physical education club.,這所學校以其體育社團而聞名。
spoken,說/講(過去分詞),Actions,/ˈspoʊ.kən/,9,spo/ken,English is spoken by many people in the world.,英語被世界上許多人所說。,The spoken words of gratitude made mother very happy.,口頭說出的感激之言讓媽媽非常高興。
stood,站立(過去式),Actions,/stʊd/,9,stood,The students stood up when the teacher walked in.,當老師走進來時，學生們站了起來。,He stood by the school gate to welcome the students.,他站在校門口迎接學生。
thought,想/思考/想法(過去式),Actions,/θɑːt/,9,thought,I thought the English test was very easy.,我本來以為英文測驗很簡單。,I thought about your wonderful idea all afternoon.,我整個下午都在思考你那極棒的主意。
written,寫/書寫(過去分詞),Actions,/ˈrɪt.ən/,9,writ/ten,She has written many interesting stories for kids.,她已經為孩子們寫了許多有趣的故事。,All the new English words are written on the blackboard.,所有的新英文單字都寫在黑板上。